item_id,order_id,product_id,quantity,unit_price,discount_pct,line_total
ITEM0000001,ORD0000001,PROD0160,4,756.75,0,3027
ITEM0000002,ORD0000001,PROD0100,4,2072.2,0,8288.8
ITEM0000003,ORD0000001,PROD0117,4,6437.22,0,25748.88
ITEM0000004,ORD0000002,PROD0014,4,7928.83,5,30129.55
ITEM0000005,ORD0000003,PROD0049,1,567.72,0,567.72
ITEM0000006,ORD0000003,PROD0002,3,50293.82,0,150881.46
ITEM0000007,ORD0000004,PROD0199,2,1292.33,10,2326.19
ITEM0000008,ORD0000005,PROD0165,3,8926.78,0,26780.34
ITEM0000009,ORD0000005,PROD0008,3,57369.56,0,172108.68
ITEM0000010,ORD0000006,PROD0041,3,3166.8,15,8075.34
ITEM0000011,ORD0000007,PROD0167,4,11229.68,20,35934.98
ITEM0000012,ORD0000008,PROD0008,3,57369.56,0,172108.68
ITEM0000013,ORD0000008,PROD0010,1,32892.86,0,32892.86
ITEM0000014,ORD0000008,PROD0115,4,11862.11,0,47448.44
ITEM0000015,ORD0000008,PROD0004,4,25591.73,0,102366.92
ITEM0000016,ORD0000009,PROD0103,2,2970.53,0,5941.06
ITEM0000017,ORD0000010,PROD0054,3,7111.73,0,21335.19
ITEM0000018,ORD0000011,PROD0071,3,3890.52,0,11671.56
ITEM0000019,ORD0000012,PROD0119,2,2991.81,0,5983.62
ITEM0000020,ORD0000012,PROD0052,4,5153.96,0,20615.84
ITEM0000021,ORD0000013,PROD0147,1,3374.12,0,3374.12
ITEM0000022,ORD0000014,PROD0076,1,1552.25,15,1319.41
ITEM0000023,ORD0000015,PROD0099,3,12519.55,0,37558.65
ITEM0000024,ORD0000015,PROD0057,1,742.06,0,742.06
ITEM0000025,ORD0000015,PROD0038,1,15904.21,0,15904.21
ITEM0000026,ORD0000015,PROD0035,3,24304.78,0,72914.34
ITEM0000027,ORD0000016,PROD0058,3,1179.58,0,3538.74
ITEM0000028,ORD0000017,PROD0065,1,1921.1,10,1728.99
ITEM0000029,ORD0000018,PROD0010,1,32892.86,0,32892.86
ITEM0000030,ORD0000019,PROD0177,4,5985.15,15,20349.51
ITEM0000031,ORD0000019,PROD0103,2,2970.53,15,5049.9
ITEM0000032,ORD0000020,PROD0199,3,1292.33,15,3295.44
ITEM0000033,ORD0000020,PROD0192,4,867.73,15,2950.28
ITEM0000034,ORD0000021,PROD0032,3,38426.75,10,103752.22
ITEM0000035,ORD0000021,PROD0182,4,2159.96,10,7775.86
ITEM0000036,ORD0000022,PROD0079,2,3868.77,0,7737.54
ITEM0000037,ORD0000022,PROD0109,3,6201.15,0,18603.45
ITEM0000038,ORD0000022,PROD0153,4,1769.3,0,7077.2
ITEM0000039,ORD0000022,PROD0194,3,238.12,0,714.36
ITEM0000040,ORD0000023,PROD0025,2,48796.51,0,97593.02
ITEM0000041,ORD0000023,PROD0181,2,5765.01,0,11530.02
ITEM0000042,ORD0000024,PROD0194,1,238.12,5,226.21
ITEM0000043,ORD0000025,PROD0191,4,1435.77,5,5455.93
ITEM0000044,ORD0000025,PROD0178,3,1834.02,5,5226.96
ITEM0000045,ORD0000025,PROD0145,2,3126.57,5,5940.48
ITEM0000046,ORD0000026,PROD0073,4,346.89,15,1179.43
ITEM0000047,ORD0000026,PROD0145,3,3126.57,15,7972.75
ITEM0000048,ORD0000027,PROD0117,1,6437.22,0,6437.22
ITEM0000049,ORD0000028,PROD0138,1,1511.7,5,1436.12
ITEM0000050,ORD0000029,PROD0108,1,8722.77,0,8722.77
ITEM0000051,ORD0000030,PROD0200,4,540.59,5,2054.24
ITEM0000052,ORD0000030,PROD0153,4,1769.3,5,6723.34
ITEM0000053,ORD0000031,PROD0091,4,10714.93,0,42859.72
ITEM0000054,ORD0000031,PROD0135,4,1341.78,0,5367.12
ITEM0000055,ORD0000032,PROD0168,3,3183.64,5,9073.37
ITEM0000056,ORD0000032,PROD0091,3,10714.93,5,30537.55
ITEM0000057,ORD0000032,PROD0186,1,1358.84,5,1290.9
ITEM0000058,ORD0000033,PROD0011,2,58607.44,15,99632.65
ITEM0000059,ORD0000033,PROD0144,3,905.61,15,2309.31
ITEM0000060,ORD0000033,PROD0019,3,21504.79,15,54837.21
ITEM0000061,ORD0000034,PROD0038,1,15904.21,5,15109
ITEM0000062,ORD0000034,PROD0106,2,478.86,5,909.83
ITEM0000063,ORD0000034,PROD0166,3,8733.51,5,24890.5
ITEM0000064,ORD0000034,PROD0037,4,56353.69,5,214144.02
ITEM0000065,ORD0000035,PROD0058,1,1179.58,0,1179.58
ITEM0000066,ORD0000036,PROD0015,1,67106.58,0,67106.58
ITEM0000067,ORD0000036,PROD0093,2,12429.79,0,24859.58
ITEM0000068,ORD0000037,PROD0121,3,389.01,10,1050.33
ITEM0000069,ORD0000038,PROD0027,1,27299.16,0,27299.16
ITEM0000070,ORD0000039,PROD0066,2,2108.12,5,4005.43
ITEM0000071,ORD0000039,PROD0147,1,3374.12,5,3205.41
ITEM0000072,ORD0000039,PROD0097,4,7278.34,5,27657.69
ITEM0000073,ORD0000040,PROD0050,4,4918.81,0,19675.24
ITEM0000074,ORD0000041,PROD0011,3,58607.44,10,158240.09
ITEM0000075,ORD0000041,PROD0168,4,3183.64,10,11461.1
ITEM0000076,ORD0000041,PROD0176,4,975.19,10,3510.68
ITEM0000077,ORD0000042,PROD0084,3,784.26,5,2235.14
ITEM0000078,ORD0000043,PROD0104,1,12889.74,15,10956.28
ITEM0000079,ORD0000043,PROD0050,2,4918.81,15,8361.98
ITEM0000080,ORD0000044,PROD0146,1,4641.78,5,4409.69
ITEM0000081,ORD0000044,PROD0012,1,33141.38,5,31484.31
ITEM0000082,ORD0000045,PROD0185,1,9871.56,0,9871.56
ITEM0000083,ORD0000046,PROD0042,4,1233.59,15,4194.21
ITEM0000084,ORD0000046,PROD0127,4,9556.44,15,32491.9
ITEM0000085,ORD0000046,PROD0152,3,1817.42,15,4634.42
ITEM0000086,ORD0000047,PROD0026,4,40491.32,0,161965.28
ITEM0000087,ORD0000048,PROD0088,1,1045.29,0,1045.29
ITEM0000088,ORD0000049,PROD0005,4,40289.58,0,161158.32
ITEM0000089,ORD0000049,PROD0190,4,1254.49,0,5017.96
ITEM0000090,ORD0000049,PROD0050,2,4918.81,0,9837.62
ITEM0000091,ORD0000050,PROD0198,1,890.11,25,667.58
ITEM0000092,ORD0000051,PROD0015,3,67106.58,15,171121.78
ITEM0000093,ORD0000052,PROD0042,2,1233.59,20,1973.74
ITEM0000094,ORD0000052,PROD0029,4,50556.2,20,161779.84
ITEM0000095,ORD0000053,PROD0107,3,5093.26,20,12223.82
ITEM0000096,ORD0000053,PROD0027,4,27299.16,20,87357.31
ITEM0000097,ORD0000054,PROD0182,2,2159.96,10,3887.93
ITEM0000098,ORD0000054,PROD0154,1,1821.18,10,1639.06
ITEM0000099,ORD0000054,PROD0014,3,7928.83,10,21407.84
ITEM0000100,ORD0000054,PROD0030,3,745.3,10,2012.31
ITEM0000101,ORD0000055,PROD0060,3,3327.41,0,9982.23
ITEM0000102,ORD0000056,PROD0051,4,5103.04,15,17350.34
ITEM0000103,ORD0000056,PROD0116,1,4368.06,15,3712.85
ITEM0000104,ORD0000057,PROD0166,4,8733.51,0,34934.04
ITEM0000105,ORD0000057,PROD0097,1,7278.34,0,7278.34
ITEM0000106,ORD0000058,PROD0110,1,232.06,5,220.46
ITEM0000107,ORD0000059,PROD0046,1,6212.04,0,6212.04
ITEM0000108,ORD0000059,PROD0159,1,584.29,0,584.29
ITEM0000109,ORD0000060,PROD0154,3,1821.18,5,5190.36
ITEM0000110,ORD0000060,PROD0097,1,7278.34,5,6914.42
ITEM0000111,ORD0000061,PROD0066,2,2108.12,10,3794.62
ITEM0000112,ORD0000061,PROD0038,1,15904.21,10,14313.79
ITEM0000113,ORD0000062,PROD0076,3,1552.25,5,4423.91
ITEM0000114,ORD0000063,PROD0033,4,34304.44,15,116635.1
ITEM0000115,ORD0000064,PROD0144,1,905.61,10,815.05
ITEM0000116,ORD0000064,PROD0019,3,21504.79,10,58062.93
ITEM0000117,ORD0000065,PROD0186,2,1358.84,20,2174.14
ITEM0000118,ORD0000065,PROD0084,3,784.26,20,1882.22
ITEM0000119,ORD0000066,PROD0044,4,3912.72,0,15650.88
ITEM0000120,ORD0000067,PROD0180,3,5434.17,0,16302.51
ITEM0000121,ORD0000067,PROD0196,4,783.44,0,3133.76
ITEM0000122,ORD0000067,PROD0191,1,1435.77,0,1435.77
ITEM0000123,ORD0000068,PROD0148,3,2543.16,5,7248.01
ITEM0000124,ORD0000068,PROD0084,1,784.26,5,745.05
ITEM0000125,ORD0000069,PROD0055,4,3434.95,10,12365.82
ITEM0000126,ORD0000069,PROD0034,1,50492.99,10,45443.69
ITEM0000127,ORD0000069,PROD0062,3,1138.67,10,3074.41
ITEM0000128,ORD0000070,PROD0142,1,497.1,15,422.54
ITEM0000129,ORD0000071,PROD0150,4,4265.82,0,17063.28
ITEM0000130,ORD0000072,PROD0147,2,3374.12,0,6748.24
ITEM0000131,ORD0000072,PROD0185,2,9871.56,0,19743.12
ITEM0000132,ORD0000072,PROD0028,2,74581.74,0,149163.48
ITEM0000133,ORD0000072,PROD0037,2,56353.69,0,112707.38
ITEM0000134,ORD0000072,PROD0095,4,5158.31,0,20633.24
ITEM0000135,ORD0000073,PROD0049,2,567.72,20,908.35
ITEM0000136,ORD0000073,PROD0068,4,827.32,20,2647.42
ITEM0000137,ORD0000073,PROD0136,1,2648.04,20,2118.43
ITEM0000138,ORD0000074,PROD0132,1,1160.61,20,928.49
ITEM0000139,ORD0000075,PROD0168,2,3183.64,5,6048.92
ITEM0000140,ORD0000075,PROD0088,1,1045.29,5,993.03
ITEM0000141,ORD0000076,PROD0036,2,68871.11,0,137742.22
ITEM0000142,ORD0000077,PROD0137,4,782.23,10,2816.03
ITEM0000143,ORD0000077,PROD0104,3,12889.74,10,34802.3
ITEM0000144,ORD0000078,PROD0081,1,3032.39,0,3032.39
ITEM0000145,ORD0000079,PROD0094,2,8217.48,0,16434.96
ITEM0000146,ORD0000079,PROD0198,4,890.11,0,3560.44
ITEM0000147,ORD0000080,PROD0078,2,3466.82,0,6933.64
ITEM0000148,ORD0000081,PROD0160,4,756.75,0,3027
ITEM0000149,ORD0000081,PROD0093,3,12429.79,0,37289.37
ITEM0000150,ORD0000082,PROD0035,2,24304.78,25,36457.17
ITEM0000151,ORD0000083,PROD0029,3,50556.2,0,151668.6
ITEM0000152,ORD0000084,PROD0068,2,827.32,5,1571.91
ITEM0000153,ORD0000084,PROD0129,2,838.52,5,1593.19
ITEM0000154,ORD0000085,PROD0013,4,40791.56,20,130532.99
ITEM0000155,ORD0000085,PROD0138,4,1511.7,20,4837.44
ITEM0000156,ORD0000085,PROD0169,1,3385.13,20,2708.1
ITEM0000157,ORD0000085,PROD0005,3,40289.58,20,96694.99
ITEM0000158,ORD0000086,PROD0023,2,1503.94,0,3007.88
ITEM0000159,ORD0000086,PROD0150,1,4265.82,0,4265.82
ITEM0000160,ORD0000087,PROD0056,1,4087.83,10,3679.05
ITEM0000161,ORD0000087,PROD0130,4,3062.11,10,11023.6
ITEM0000162,ORD0000087,PROD0067,2,7130.72,10,12835.3
ITEM0000163,ORD0000088,PROD0190,3,1254.49,15,3198.95
ITEM0000164,ORD0000088,PROD0199,4,1292.33,15,4393.92
ITEM0000165,ORD0000088,PROD0137,4,782.23,15,2659.58
ITEM0000166,ORD0000088,PROD0130,3,3062.11,15,7808.38
ITEM0000167,ORD0000088,PROD0040,4,63017.33,15,214258.92
ITEM0000168,ORD0000089,PROD0136,3,2648.04,0,7944.12
ITEM0000169,ORD0000089,PROD0066,1,2108.12,0,2108.12
ITEM0000170,ORD0000089,PROD0046,3,6212.04,0,18636.12
ITEM0000171,ORD0000089,PROD0012,3,33141.38,0,99424.14
ITEM0000172,ORD0000090,PROD0026,2,40491.32,0,80982.64
ITEM0000173,ORD0000090,PROD0169,1,3385.13,0,3385.13
ITEM0000174,ORD0000091,PROD0157,4,1549.94,25,4649.82
ITEM0000175,ORD0000092,PROD0087,1,5742.05,20,4593.64
ITEM0000176,ORD0000092,PROD0154,4,1821.18,20,5827.78
ITEM0000177,ORD0000092,PROD0066,4,2108.12,20,6745.98
ITEM0000178,ORD0000092,PROD0135,1,1341.78,20,1073.42
ITEM0000179,ORD0000093,PROD0101,4,1007.74,0,4030.96
ITEM0000180,ORD0000093,PROD0018,1,43707.38,0,43707.38
ITEM0000181,ORD0000094,PROD0065,4,1921.1,0,7684.4
ITEM0000182,ORD0000094,PROD0178,4,1834.02,0,7336.08
ITEM0000183,ORD0000095,PROD0173,1,8594.8,0,8594.8
ITEM0000184,ORD0000095,PROD0113,1,8226.58,0,8226.58
ITEM0000185,ORD0000095,PROD0038,1,15904.21,0,15904.21
ITEM0000186,ORD0000095,PROD0046,1,6212.04,0,6212.04
ITEM0000187,ORD0000095,PROD0153,4,1769.3,0,7077.2
ITEM0000188,ORD0000096,PROD0052,4,5153.96,10,18554.26
ITEM0000189,ORD0000096,PROD0088,1,1045.29,10,940.76
ITEM0000190,ORD0000097,PROD0033,3,34304.44,0,102913.32
ITEM0000191,ORD0000098,PROD0040,1,63017.33,0,63017.33
ITEM0000192,ORD0000098,PROD0070,3,1576.87,0,4730.61
ITEM0000193,ORD0000098,PROD0080,2,2405.82,0,4811.64
ITEM0000194,ORD0000098,PROD0099,2,12519.55,0,25039.1
ITEM0000195,ORD0000098,PROD0138,3,1511.7,0,4535.1
ITEM0000196,ORD0000099,PROD0022,3,13967,0,41901
ITEM0000197,ORD0000100,PROD0186,2,1358.84,5,2581.8
ITEM0000198,ORD0000100,PROD0016,4,43331.31,5,164658.98
ITEM0000199,ORD0000100,PROD0041,4,3166.8,5,12033.84
ITEM0000200,ORD0000100,PROD0040,2,63017.33,5,119732.93
ITEM0000201,ORD0000100,PROD0137,1,782.23,5,743.12
ITEM0000202,ORD0000101,PROD0054,3,7111.73,10,19201.67
ITEM0000203,ORD0000102,PROD0143,2,382.09,10,687.76
ITEM0000204,ORD0000103,PROD0056,4,4087.83,0,16351.32
ITEM0000205,ORD0000103,PROD0076,3,1552.25,0,4656.75
ITEM0000206,ORD0000103,PROD0191,3,1435.77,0,4307.31
ITEM0000207,ORD0000103,PROD0001,4,4321.28,0,17285.12
ITEM0000208,ORD0000104,PROD0046,1,6212.04,10,5590.84
ITEM0000209,ORD0000105,PROD0033,2,34304.44,0,68608.88
ITEM0000210,ORD0000106,PROD0023,2,1503.94,0,3007.88
ITEM0000211,ORD0000107,PROD0169,1,3385.13,5,3215.87
ITEM0000212,ORD0000108,PROD0084,1,784.26,5,745.05
ITEM0000213,ORD0000108,PROD0045,2,3914.99,5,7438.48
ITEM0000214,ORD0000109,PROD0029,2,50556.2,0,101112.4
ITEM0000215,ORD0000109,PROD0115,2,11862.11,0,23724.22
ITEM0000216,ORD0000109,PROD0106,1,478.86,0,478.86
ITEM0000217,ORD0000110,PROD0065,4,1921.1,0,7684.4
ITEM0000218,ORD0000111,PROD0099,3,12519.55,0,37558.65
ITEM0000219,ORD0000111,PROD0087,2,5742.05,0,11484.1
ITEM0000220,ORD0000112,PROD0013,1,40791.56,20,32633.25
ITEM0000221,ORD0000113,PROD0006,2,69356.89,0,138713.78
ITEM0000222,ORD0000114,PROD0189,3,897.95,10,2424.47
ITEM0000223,ORD0000115,PROD0079,3,3868.77,0,11606.31
ITEM0000224,ORD0000115,PROD0084,3,784.26,0,2352.78
ITEM0000225,ORD0000115,PROD0129,1,838.52,0,838.52
ITEM0000226,ORD0000116,PROD0106,1,478.86,5,454.92
ITEM0000227,ORD0000116,PROD0049,3,567.72,5,1618
ITEM0000228,ORD0000116,PROD0059,1,3047.56,5,2895.18
ITEM0000229,ORD0000116,PROD0026,1,40491.32,5,38466.75
ITEM0000230,ORD0000117,PROD0127,1,9556.44,10,8600.8
ITEM0000231,ORD0000117,PROD0064,4,4156.77,10,14964.37
ITEM0000232,ORD0000118,PROD0093,1,12429.79,10,11186.81
ITEM0000233,ORD0000119,PROD0196,1,783.44,10,705.1
ITEM0000234,ORD0000119,PROD0017,1,8120.73,10,7308.66
ITEM0000235,ORD0000120,PROD0013,4,40791.56,0,163166.24
ITEM0000236,ORD0000120,PROD0007,2,27829.19,0,55658.38
ITEM0000237,ORD0000120,PROD0145,3,3126.57,0,9379.71
ITEM0000238,ORD0000120,PROD0119,4,2991.81,0,11967.24
ITEM0000239,ORD0000121,PROD0181,4,5765.01,10,20754.04
ITEM0000240,ORD0000121,PROD0107,3,5093.26,10,13751.8
ITEM0000241,ORD0000121,PROD0151,4,350.77,10,1262.77
ITEM0000242,ORD0000122,PROD0008,1,57369.56,0,57369.56
ITEM0000243,ORD0000122,PROD0030,3,745.3,0,2235.9
ITEM0000244,ORD0000123,PROD0133,2,3562.22,10,6412
ITEM0000245,ORD0000123,PROD0027,2,27299.16,10,49138.49
ITEM0000246,ORD0000124,PROD0048,3,3151.51,10,8509.08
ITEM0000247,ORD0000124,PROD0075,4,2702.38,10,9728.57
ITEM0000248,ORD0000124,PROD0128,3,5930.45,10,16012.21
ITEM0000249,ORD0000124,PROD0008,2,57369.56,10,103265.21
ITEM0000250,ORD0000124,PROD0016,1,43331.31,10,38998.18
ITEM0000251,ORD0000125,PROD0046,4,6212.04,0,24848.16
ITEM0000252,ORD0000125,PROD0014,4,7928.83,0,31715.32
ITEM0000253,ORD0000125,PROD0197,1,490.98,0,490.98
ITEM0000254,ORD0000126,PROD0004,1,25591.73,0,25591.73
ITEM0000255,ORD0000126,PROD0078,1,3466.82,0,3466.82
ITEM0000256,ORD0000126,PROD0092,2,12500.28,0,25000.56
ITEM0000257,ORD0000126,PROD0024,4,57909.18,0,231636.72
ITEM0000258,ORD0000127,PROD0119,4,2991.81,15,10172.15
ITEM0000259,ORD0000128,PROD0136,3,2648.04,0,7944.12
ITEM0000260,ORD0000129,PROD0153,3,1769.3,10,4777.11
ITEM0000261,ORD0000130,PROD0060,2,3327.41,0,6654.82
ITEM0000262,ORD0000130,PROD0160,4,756.75,0,3027
ITEM0000263,ORD0000130,PROD0190,2,1254.49,0,2508.98
ITEM0000264,ORD0000131,PROD0071,1,3890.52,0,3890.52
ITEM0000265,ORD0000131,PROD0068,2,827.32,0,1654.64
ITEM0000266,ORD0000132,PROD0165,3,8926.78,0,26780.34
ITEM0000267,ORD0000133,PROD0100,2,2072.2,0,4144.4
ITEM0000268,ORD0000133,PROD0149,4,3462.42,0,13849.68
ITEM0000269,ORD0000133,PROD0082,1,2605.78,0,2605.78
ITEM0000270,ORD0000133,PROD0161,3,3119.91,0,9359.73
ITEM0000271,ORD0000134,PROD0099,1,12519.55,5,11893.57
ITEM0000272,ORD0000135,PROD0182,3,2159.96,0,6479.88
ITEM0000273,ORD0000135,PROD0157,4,1549.94,0,6199.76
ITEM0000274,ORD0000136,PROD0096,3,11526.42,0,34579.26
ITEM0000275,ORD0000136,PROD0129,3,838.52,0,2515.56
ITEM0000276,ORD0000137,PROD0066,4,2108.12,15,7167.61
ITEM0000277,ORD0000137,PROD0096,3,11526.42,15,29392.37
ITEM0000278,ORD0000137,PROD0117,1,6437.22,15,5471.64
ITEM0000279,ORD0000137,PROD0166,4,8733.51,15,29693.93
ITEM0000280,ORD0000138,PROD0141,1,1560.51,0,1560.51
ITEM0000281,ORD0000138,PROD0116,2,4368.06,0,8736.12
ITEM0000282,ORD0000139,PROD0001,1,4321.28,5,4105.22
ITEM0000283,ORD0000140,PROD0054,4,7111.73,0,28446.92
ITEM0000284,ORD0000140,PROD0148,2,2543.16,0,5086.32
ITEM0000285,ORD0000141,PROD0157,3,1549.94,0,4649.82
ITEM0000286,ORD0000141,PROD0109,4,6201.15,0,24804.6
ITEM0000287,ORD0000142,PROD0032,4,38426.75,0,153707
ITEM0000288,ORD0000143,PROD0090,2,859.29,0,1718.58
ITEM0000289,ORD0000144,PROD0029,4,50556.2,0,202224.8
ITEM0000290,ORD0000145,PROD0149,4,3462.42,5,13157.2
ITEM0000291,ORD0000145,PROD0182,4,2159.96,5,8207.85
ITEM0000292,ORD0000146,PROD0066,3,2108.12,20,5059.49
ITEM0000293,ORD0000146,PROD0154,3,1821.18,20,4370.83
ITEM0000294,ORD0000146,PROD0097,4,7278.34,20,23290.69
ITEM0000295,ORD0000147,PROD0110,3,232.06,0,696.18
ITEM0000296,ORD0000147,PROD0082,4,2605.78,0,10423.12
ITEM0000297,ORD0000148,PROD0123,1,9762.37,0,9762.37
ITEM0000298,ORD0000148,PROD0198,3,890.11,0,2670.33
ITEM0000299,ORD0000148,PROD0028,3,74581.74,0,223745.22
ITEM0000300,ORD0000149,PROD0088,2,1045.29,10,1881.52
ITEM0000301,ORD0000149,PROD0003,4,49712.42,10,178964.71
ITEM0000302,ORD0000149,PROD0154,3,1821.18,10,4917.19
ITEM0000303,ORD0000150,PROD0196,4,783.44,0,3133.76
ITEM0000304,ORD0000151,PROD0083,2,1974.27,0,3948.54
ITEM0000305,ORD0000151,PROD0002,2,50293.82,0,100587.64
ITEM0000306,ORD0000152,PROD0058,1,1179.58,10,1061.62
ITEM0000307,ORD0000152,PROD0135,1,1341.78,10,1207.6
ITEM0000308,ORD0000153,PROD0049,3,567.72,0,1703.16
ITEM0000309,ORD0000153,PROD0189,3,897.95,0,2693.85
ITEM0000310,ORD0000154,PROD0057,2,742.06,10,1335.71
ITEM0000311,ORD0000155,PROD0026,4,40491.32,10,145768.75
ITEM0000312,ORD0000155,PROD0073,1,346.89,10,312.2
ITEM0000313,ORD0000156,PROD0044,1,3912.72,10,3521.45
ITEM0000314,ORD0000156,PROD0077,4,6124.52,10,22048.27
ITEM0000315,ORD0000156,PROD0160,2,756.75,10,1362.15
ITEM0000316,ORD0000156,PROD0040,2,63017.33,10,113431.19
ITEM0000317,ORD0000157,PROD0186,3,1358.84,5,3872.69
ITEM0000318,ORD0000158,PROD0176,3,975.19,5,2779.29
ITEM0000319,ORD0000159,PROD0168,3,3183.64,0,9550.92
ITEM0000320,ORD0000160,PROD0015,4,67106.58,0,268426.32
ITEM0000321,ORD0000160,PROD0174,4,3533.54,0,14134.16
ITEM0000322,ORD0000160,PROD0158,2,1726.09,0,3452.18
ITEM0000323,ORD0000161,PROD0176,2,975.19,20,1560.3
ITEM0000324,ORD0000161,PROD0061,3,1507.1,20,3617.04
ITEM0000325,ORD0000162,PROD0071,1,3890.52,0,3890.52
ITEM0000326,ORD0000163,PROD0128,3,5930.45,5,16901.78
ITEM0000327,ORD0000164,PROD0108,2,8722.77,5,16573.26
ITEM0000328,ORD0000164,PROD0014,3,7928.83,5,22597.17
ITEM0000329,ORD0000165,PROD0186,4,1358.84,20,4348.29
ITEM0000330,ORD0000166,PROD0016,1,43331.31,0,43331.31
ITEM0000331,ORD0000166,PROD0115,1,11862.11,0,11862.11
ITEM0000332,ORD0000167,PROD0020,2,47540.26,10,85572.47
ITEM0000333,ORD0000167,PROD0072,4,1395.26,10,5022.94
ITEM0000334,ORD0000167,PROD0013,4,40791.56,10,146849.62
ITEM0000335,ORD0000167,PROD0157,2,1549.94,10,2789.89
ITEM0000336,ORD0000167,PROD0042,1,1233.59,10,1110.23
ITEM0000337,ORD0000168,PROD0199,1,1292.33,5,1227.71
ITEM0000338,ORD0000168,PROD0173,3,8594.8,5,24495.18
ITEM0000339,ORD0000169,PROD0025,2,48796.51,25,73194.76
ITEM0000340,ORD0000170,PROD0038,2,15904.21,0,31808.42
ITEM0000341,ORD0000171,PROD0136,4,2648.04,15,9003.34
ITEM0000342,ORD0000172,PROD0130,4,3062.11,0,12248.44
ITEM0000343,ORD0000173,PROD0041,1,3166.8,0,3166.8
ITEM0000344,ORD0000174,PROD0100,3,2072.2,0,6216.6
ITEM0000345,ORD0000175,PROD0160,4,756.75,0,3027
ITEM0000346,ORD0000175,PROD0053,2,5844.47,0,11688.94
ITEM0000347,ORD0000175,PROD0111,1,4186.75,0,4186.75
ITEM0000348,ORD0000176,PROD0058,2,1179.58,0,2359.16
ITEM0000349,ORD0000176,PROD0012,2,33141.38,0,66282.76
ITEM0000350,ORD0000177,PROD0087,3,5742.05,0,17226.15
ITEM0000351,ORD0000177,PROD0168,3,3183.64,0,9550.92
ITEM0000352,ORD0000177,PROD0162,2,1300.66,0,2601.32
ITEM0000353,ORD0000178,PROD0033,1,34304.44,15,29158.77
ITEM0000354,ORD0000179,PROD0200,4,540.59,15,1838.01
ITEM0000355,ORD0000180,PROD0104,3,12889.74,5,36735.76
ITEM0000356,ORD0000181,PROD0123,3,9762.37,15,24894.04
ITEM0000357,ORD0000182,PROD0138,4,1511.7,20,4837.44
ITEM0000358,ORD0000183,PROD0168,4,3183.64,5,12097.83
ITEM0000359,ORD0000184,PROD0161,3,3119.91,5,8891.74
ITEM0000360,ORD0000184,PROD0008,1,57369.56,5,54501.08
ITEM0000361,ORD0000184,PROD0062,1,1138.67,5,1081.74
ITEM0000362,ORD0000185,PROD0007,3,27829.19,0,83487.57
ITEM0000363,ORD0000185,PROD0045,1,3914.99,0,3914.99
ITEM0000364,ORD0000185,PROD0023,1,1503.94,0,1503.94
ITEM0000365,ORD0000186,PROD0073,2,346.89,10,624.4
ITEM0000366,ORD0000186,PROD0063,3,4348.36,10,11740.57
ITEM0000367,ORD0000187,PROD0155,3,3659.76,10,9881.35
ITEM0000368,ORD0000187,PROD0025,4,48796.51,10,175667.44
ITEM0000369,ORD0000187,PROD0052,1,5153.96,10,4638.56
ITEM0000370,ORD0000188,PROD0106,4,478.86,0,1915.44
ITEM0000371,ORD0000189,PROD0184,3,11703.06,10,31598.26
ITEM0000372,ORD0000190,PROD0006,4,69356.89,10,249684.8
ITEM0000373,ORD0000190,PROD0110,3,232.06,10,626.56
ITEM0000374,ORD0000190,PROD0036,2,68871.11,10,123968
ITEM0000375,ORD0000191,PROD0063,3,4348.36,20,10436.06
ITEM0000376,ORD0000191,PROD0183,4,4402.38,20,14087.62
ITEM0000377,ORD0000191,PROD0032,1,38426.75,20,30741.4
ITEM0000378,ORD0000192,PROD0177,3,5985.15,0,17955.45
ITEM0000379,ORD0000193,PROD0082,4,2605.78,0,10423.12
ITEM0000380,ORD0000193,PROD0162,3,1300.66,0,3901.98
ITEM0000381,ORD0000194,PROD0090,1,859.29,5,816.33
ITEM0000382,ORD0000195,PROD0081,1,3032.39,15,2577.53
ITEM0000383,ORD0000196,PROD0056,2,4087.83,15,6949.31
ITEM0000384,ORD0000196,PROD0108,2,8722.77,15,14828.71
ITEM0000385,ORD0000197,PROD0130,2,3062.11,15,5205.59
ITEM0000386,ORD0000198,PROD0048,3,3151.51,10,8509.08
ITEM0000387,ORD0000199,PROD0172,4,1025.46,10,3691.66
ITEM0000388,ORD0000199,PROD0178,1,1834.02,10,1650.62
ITEM0000389,ORD0000200,PROD0183,3,4402.38,10,11886.43
ITEM0000390,ORD0000200,PROD0032,4,38426.75,10,138336.3
ITEM0000391,ORD0000200,PROD0127,1,9556.44,10,8600.8
ITEM0000392,ORD0000201,PROD0129,1,838.52,5,796.59
ITEM0000393,ORD0000201,PROD0184,3,11703.06,5,33353.72
ITEM0000394,ORD0000202,PROD0106,3,478.86,5,1364.75
ITEM0000395,ORD0000203,PROD0075,2,2702.38,5,5134.52
ITEM0000396,ORD0000203,PROD0115,1,11862.11,5,11269
ITEM0000397,ORD0000203,PROD0027,2,27299.16,5,51868.4
ITEM0000398,ORD0000203,PROD0073,1,346.89,5,329.55
ITEM0000399,ORD0000204,PROD0145,1,3126.57,5,2970.24
ITEM0000400,ORD0000205,PROD0022,2,13967,0,27934
ITEM0000401,ORD0000205,PROD0151,2,350.77,0,701.54
ITEM0000402,ORD0000205,PROD0171,3,9896.61,0,29689.83
ITEM0000403,ORD0000206,PROD0061,2,1507.1,20,2411.36
ITEM0000404,ORD0000206,PROD0024,1,57909.18,20,46327.34
ITEM0000405,ORD0000206,PROD0043,2,5274.26,20,8438.82
ITEM0000406,ORD0000207,PROD0156,2,366.5,5,696.35
ITEM0000407,ORD0000207,PROD0015,4,67106.58,5,255005
ITEM0000408,ORD0000208,PROD0061,3,1507.1,20,3617.04
ITEM0000409,ORD0000209,PROD0152,1,1817.42,0,1817.42
ITEM0000410,ORD0000209,PROD0154,1,1821.18,0,1821.18
ITEM0000411,ORD0000209,PROD0027,2,27299.16,0,54598.32
ITEM0000412,ORD0000209,PROD0025,3,48796.51,0,146389.53
ITEM0000413,ORD0000210,PROD0182,3,2159.96,10,5831.89
ITEM0000414,ORD0000210,PROD0148,4,2543.16,10,9155.38
ITEM0000415,ORD0000210,PROD0183,2,4402.38,10,7924.28
ITEM0000416,ORD0000210,PROD0067,2,7130.72,10,12835.3
ITEM0000417,ORD0000210,PROD0104,2,12889.74,10,23201.53
ITEM0000418,ORD0000211,PROD0024,2,57909.18,10,104236.52
ITEM0000419,ORD0000211,PROD0104,1,12889.74,10,11600.77
ITEM0000420,ORD0000211,PROD0110,4,232.06,10,835.42
ITEM0000421,ORD0000212,PROD0116,1,4368.06,15,3712.85
ITEM0000422,ORD0000212,PROD0165,3,8926.78,15,22763.29
ITEM0000423,ORD0000212,PROD0191,2,1435.77,15,2440.81
ITEM0000424,ORD0000212,PROD0180,1,5434.17,15,4619.04
ITEM0000425,ORD0000213,PROD0181,1,5765.01,15,4900.26
ITEM0000426,ORD0000214,PROD0057,2,742.06,0,1484.12
ITEM0000427,ORD0000215,PROD0156,3,366.5,15,934.58
ITEM0000428,ORD0000216,PROD0035,4,24304.78,0,97219.12
ITEM0000429,ORD0000217,PROD0033,4,34304.44,0,137217.76
ITEM0000430,ORD0000217,PROD0071,4,3890.52,0,15562.08
ITEM0000431,ORD0000218,PROD0029,4,50556.2,10,182002.32
ITEM0000432,ORD0000218,PROD0152,3,1817.42,10,4907.03
ITEM0000433,ORD0000219,PROD0168,3,3183.64,15,8118.28
ITEM0000434,ORD0000219,PROD0003,4,49712.42,15,169022.23
ITEM0000435,ORD0000220,PROD0144,1,905.61,10,815.05
ITEM0000436,ORD0000220,PROD0185,1,9871.56,10,8884.4
ITEM0000437,ORD0000220,PROD0109,1,6201.15,10,5581.04
ITEM0000438,ORD0000220,PROD0143,4,382.09,10,1375.52
ITEM0000439,ORD0000220,PROD0107,4,5093.26,10,18335.74
ITEM0000440,ORD0000221,PROD0025,1,48796.51,20,39037.21
ITEM0000441,ORD0000222,PROD0147,1,3374.12,0,3374.12
ITEM0000442,ORD0000223,PROD0006,3,69356.89,15,176860.07
ITEM0000443,ORD0000224,PROD0078,2,3466.82,5,6586.96
ITEM0000444,ORD0000225,PROD0085,2,6089.41,25,9134.12
ITEM0000445,ORD0000225,PROD0128,3,5930.45,25,13343.51
ITEM0000446,ORD0000226,PROD0127,4,9556.44,0,38225.76
ITEM0000447,ORD0000227,PROD0188,3,1318.66,15,3362.58
ITEM0000448,ORD0000228,PROD0153,3,1769.3,25,3980.92
ITEM0000449,ORD0000228,PROD0176,2,975.19,25,1462.78
ITEM0000450,ORD0000228,PROD0068,3,827.32,25,1861.47
ITEM0000451,ORD0000228,PROD0095,4,5158.31,25,15474.93
ITEM0000452,ORD0000229,PROD0154,4,1821.18,25,5463.54
ITEM0000453,ORD0000230,PROD0192,3,867.73,10,2342.87
ITEM0000454,ORD0000231,PROD0112,1,885.01,15,752.26
ITEM0000455,ORD0000232,PROD0100,4,2072.2,0,8288.8
ITEM0000456,ORD0000233,PROD0063,1,4348.36,0,4348.36
ITEM0000457,ORD0000234,PROD0157,2,1549.94,0,3099.88
ITEM0000458,ORD0000234,PROD0162,3,1300.66,0,3901.98
ITEM0000459,ORD0000235,PROD0064,3,4156.77,5,11846.79
ITEM0000460,ORD0000236,PROD0099,3,12519.55,0,37558.65
ITEM0000461,ORD0000237,PROD0191,4,1435.77,0,5743.08
ITEM0000462,ORD0000238,PROD0119,4,2991.81,0,11967.24
ITEM0000463,ORD0000238,PROD0040,4,63017.33,0,252069.32
ITEM0000464,ORD0000238,PROD0145,4,3126.57,0,12506.28
ITEM0000465,ORD0000238,PROD0153,2,1769.3,0,3538.6
ITEM0000466,ORD0000239,PROD0016,3,43331.31,10,116994.54
ITEM0000467,ORD0000239,PROD0036,3,68871.11,10,185952
ITEM0000468,ORD0000239,PROD0180,4,5434.17,10,19563.01
ITEM0000469,ORD0000240,PROD0108,2,8722.77,15,14828.71
ITEM0000470,ORD0000241,PROD0092,4,12500.28,5,47501.06
ITEM0000471,ORD0000241,PROD0093,2,12429.79,5,23616.6
ITEM0000472,ORD0000241,PROD0080,1,2405.82,5,2285.53
ITEM0000473,ORD0000242,PROD0014,1,7928.83,0,7928.83
ITEM0000474,ORD0000243,PROD0172,1,1025.46,0,1025.46
ITEM0000475,ORD0000243,PROD0004,1,25591.73,0,25591.73
ITEM0000476,ORD0000244,PROD0022,3,13967,0,41901
ITEM0000477,ORD0000244,PROD0078,4,3466.82,0,13867.28
ITEM0000478,ORD0000244,PROD0165,2,8926.78,0,17853.56
ITEM0000479,ORD0000245,PROD0152,2,1817.42,0,3634.84
ITEM0000480,ORD0000246,PROD0110,2,232.06,15,394.5
ITEM0000481,ORD0000246,PROD0032,2,38426.75,15,65325.48
ITEM0000482,ORD0000247,PROD0113,4,8226.58,0,32906.32
ITEM0000483,ORD0000247,PROD0176,1,975.19,0,975.19
ITEM0000484,ORD0000247,PROD0194,4,238.12,0,952.48
ITEM0000485,ORD0000248,PROD0035,1,24304.78,20,19443.82
ITEM0000486,ORD0000248,PROD0094,3,8217.48,20,19721.95
ITEM0000487,ORD0000249,PROD0182,1,2159.96,5,2051.96
ITEM0000488,ORD0000250,PROD0141,4,1560.51,15,5305.73
ITEM0000489,ORD0000251,PROD0119,4,2991.81,20,9573.79
ITEM0000490,ORD0000252,PROD0161,3,3119.91,10,8423.76
ITEM0000491,ORD0000253,PROD0197,2,490.98,0,981.96
ITEM0000492,ORD0000254,PROD0148,3,2543.16,5,7248.01
ITEM0000493,ORD0000254,PROD0083,4,1974.27,5,7502.23
ITEM0000494,ORD0000255,PROD0199,1,1292.33,0,1292.33
ITEM0000495,ORD0000255,PROD0013,1,40791.56,0,40791.56
ITEM0000496,ORD0000255,PROD0066,3,2108.12,0,6324.36
ITEM0000497,ORD0000255,PROD0014,3,7928.83,0,23786.49
ITEM0000498,ORD0000256,PROD0036,1,68871.11,0,68871.11
ITEM0000499,ORD0000257,PROD0056,2,4087.83,5,7766.88
ITEM0000500,ORD0000257,PROD0153,4,1769.3,5,6723.34
ITEM0000501,ORD0000257,PROD0094,4,8217.48,5,31226.42
ITEM0000502,ORD0000257,PROD0151,1,350.77,5,333.23
ITEM0000503,ORD0000258,PROD0049,2,567.72,0,1135.44
ITEM0000504,ORD0000258,PROD0161,2,3119.91,0,6239.82
ITEM0000505,ORD0000259,PROD0002,2,50293.82,25,75440.73
ITEM0000506,ORD0000260,PROD0149,2,3462.42,5,6578.6
ITEM0000507,ORD0000260,PROD0151,2,350.77,5,666.46
ITEM0000508,ORD0000260,PROD0032,3,38426.75,5,109516.24
ITEM0000509,ORD0000261,PROD0167,2,11229.68,0,22459.36
ITEM0000510,ORD0000261,PROD0165,4,8926.78,0,35707.12
ITEM0000511,ORD0000262,PROD0173,3,8594.8,0,25784.4
ITEM0000512,ORD0000263,PROD0042,2,1233.59,0,2467.18
ITEM0000513,ORD0000264,PROD0003,2,49712.42,0,99424.84
ITEM0000514,ORD0000264,PROD0092,2,12500.28,0,25000.56
ITEM0000515,ORD0000264,PROD0186,4,1358.84,0,5435.36
ITEM0000516,ORD0000265,PROD0059,1,3047.56,0,3047.56
ITEM0000517,ORD0000266,PROD0132,1,1160.61,5,1102.58
ITEM0000518,ORD0000267,PROD0043,3,5274.26,10,14240.5
ITEM0000519,ORD0000267,PROD0075,2,2702.38,10,4864.28
ITEM0000520,ORD0000267,PROD0062,2,1138.67,10,2049.61
ITEM0000521,ORD0000268,PROD0035,2,24304.78,10,43748.6
ITEM0000522,ORD0000268,PROD0043,3,5274.26,10,14240.5
ITEM0000523,ORD0000269,PROD0179,1,11478.91,0,11478.91
ITEM0000524,ORD0000270,PROD0084,4,784.26,5,2980.19
ITEM0000525,ORD0000271,PROD0029,4,50556.2,0,202224.8
ITEM0000526,ORD0000271,PROD0007,4,27829.19,0,111316.76
ITEM0000527,ORD0000271,PROD0113,4,8226.58,0,32906.32
ITEM0000528,ORD0000271,PROD0114,1,12529.93,0,12529.93
ITEM0000529,ORD0000272,PROD0148,4,2543.16,0,10172.64
ITEM0000530,ORD0000272,PROD0146,1,4641.78,0,4641.78
ITEM0000531,ORD0000273,PROD0114,1,12529.93,0,12529.93
ITEM0000532,ORD0000274,PROD0150,4,4265.82,15,14503.79
ITEM0000533,ORD0000275,PROD0118,3,10931.14,5,31153.75
ITEM0000534,ORD0000276,PROD0049,2,567.72,0,1135.44
ITEM0000535,ORD0000277,PROD0036,3,68871.11,0,206613.33
ITEM0000536,ORD0000278,PROD0200,2,540.59,5,1027.12
ITEM0000537,ORD0000278,PROD0093,2,12429.79,5,23616.6
ITEM0000538,ORD0000279,PROD0177,2,5985.15,5,11371.78
ITEM0000539,ORD0000280,PROD0078,2,3466.82,15,5893.59
ITEM0000540,ORD0000281,PROD0024,1,57909.18,5,55013.72
ITEM0000541,ORD0000282,PROD0174,1,3533.54,0,3533.54
ITEM0000542,ORD0000283,PROD0141,1,1560.51,0,1560.51
ITEM0000543,ORD0000283,PROD0109,1,6201.15,0,6201.15
ITEM0000544,ORD0000284,PROD0177,1,5985.15,15,5087.38
ITEM0000545,ORD0000285,PROD0048,2,3151.51,15,5357.57
ITEM0000546,ORD0000285,PROD0006,1,69356.89,15,58953.36
ITEM0000547,ORD0000286,PROD0112,3,885.01,0,2655.03
ITEM0000548,ORD0000286,PROD0064,4,4156.77,0,16627.08
ITEM0000549,ORD0000287,PROD0183,2,4402.38,0,8804.76
ITEM0000550,ORD0000287,PROD0028,1,74581.74,0,74581.74
ITEM0000551,ORD0000287,PROD0160,4,756.75,0,3027
ITEM0000552,ORD0000288,PROD0075,4,2702.38,15,9188.09
ITEM0000553,ORD0000289,PROD0079,3,3868.77,10,10445.68
ITEM0000554,ORD0000290,PROD0075,3,2702.38,0,8107.14
ITEM0000555,ORD0000290,PROD0036,2,68871.11,0,137742.22
ITEM0000556,ORD0000291,PROD0092,1,12500.28,5,11875.27
ITEM0000557,ORD0000291,PROD0062,4,1138.67,5,4326.95
ITEM0000558,ORD0000291,PROD0005,2,40289.58,5,76550.2
ITEM0000559,ORD0000292,PROD0193,1,628.8,15,534.48
ITEM0000560,ORD0000292,PROD0081,2,3032.39,15,5155.06
ITEM0000561,ORD0000293,PROD0029,2,50556.2,0,101112.4
ITEM0000562,ORD0000294,PROD0032,2,38426.75,0,76853.5
ITEM0000563,ORD0000295,PROD0001,4,4321.28,5,16420.86
ITEM0000564,ORD0000296,PROD0016,2,43331.31,10,77996.36
ITEM0000565,ORD0000296,PROD0062,4,1138.67,10,4099.21
ITEM0000566,ORD0000297,PROD0128,4,5930.45,20,18977.44
ITEM0000567,ORD0000298,PROD0026,1,40491.32,15,34417.62
ITEM0000568,ORD0000299,PROD0149,4,3462.42,0,13849.68
ITEM0000569,ORD0000299,PROD0056,1,4087.83,0,4087.83
ITEM0000570,ORD0000300,PROD0109,4,6201.15,0,24804.6
ITEM0000571,ORD0000300,PROD0148,1,2543.16,0,2543.16
ITEM0000572,ORD0000301,PROD0064,2,4156.77,5,7897.86
ITEM0000573,ORD0000302,PROD0046,3,6212.04,0,18636.12
ITEM0000574,ORD0000302,PROD0033,2,34304.44,0,68608.88
ITEM0000575,ORD0000302,PROD0123,3,9762.37,0,29287.11
ITEM0000576,ORD0000302,PROD0054,4,7111.73,0,28446.92
ITEM0000577,ORD0000303,PROD0083,3,1974.27,25,4442.11
ITEM0000578,ORD0000304,PROD0129,2,838.52,0,1677.04
ITEM0000579,ORD0000304,PROD0145,2,3126.57,0,6253.14
ITEM0000580,ORD0000304,PROD0008,4,57369.56,0,229478.24
ITEM0000581,ORD0000304,PROD0121,4,389.01,0,1556.04
ITEM0000582,ORD0000305,PROD0147,2,3374.12,0,6748.24
ITEM0000583,ORD0000306,PROD0082,1,2605.78,15,2214.91
ITEM0000584,ORD0000306,PROD0010,3,32892.86,15,83876.79
ITEM0000585,ORD0000306,PROD0044,3,3912.72,15,9977.44
ITEM0000586,ORD0000307,PROD0149,1,3462.42,0,3462.42
ITEM0000587,ORD0000307,PROD0146,4,4641.78,0,18567.12
ITEM0000588,ORD0000307,PROD0138,4,1511.7,0,6046.8
ITEM0000589,ORD0000307,PROD0077,4,6124.52,0,24498.08
ITEM0000590,ORD0000308,PROD0118,2,10931.14,5,20769.17
ITEM0000591,ORD0000308,PROD0010,1,32892.86,5,31248.22
ITEM0000592,ORD0000309,PROD0105,3,8086.41,15,20620.35
ITEM0000593,ORD0000309,PROD0064,3,4156.77,15,10599.76
ITEM0000594,ORD0000309,PROD0071,4,3890.52,15,13227.77
ITEM0000595,ORD0000310,PROD0165,2,8926.78,5,16960.88
ITEM0000596,ORD0000310,PROD0071,1,3890.52,5,3695.99
ITEM0000597,ORD0000311,PROD0033,1,34304.44,0,34304.44
ITEM0000598,ORD0000311,PROD0173,2,8594.8,0,17189.6
ITEM0000599,ORD0000311,PROD0144,4,905.61,0,3622.44
ITEM0000600,ORD0000312,PROD0106,4,478.86,15,1628.12
ITEM0000601,ORD0000312,PROD0165,3,8926.78,15,22763.29
ITEM0000602,ORD0000312,PROD0063,1,4348.36,15,3696.11
ITEM0000603,ORD0000313,PROD0155,1,3659.76,5,3476.77
ITEM0000604,ORD0000313,PROD0176,4,975.19,5,3705.72
ITEM0000605,ORD0000314,PROD0141,4,1560.51,0,6242.04
ITEM0000606,ORD0000314,PROD0177,4,5985.15,0,23940.6
ITEM0000607,ORD0000315,PROD0097,2,7278.34,10,13101.01
ITEM0000608,ORD0000315,PROD0014,3,7928.83,10,21407.84
ITEM0000609,ORD0000315,PROD0184,4,11703.06,10,42131.02
ITEM0000610,ORD0000316,PROD0181,3,5765.01,0,17295.03
ITEM0000611,ORD0000317,PROD0044,2,3912.72,20,6260.35
ITEM0000612,ORD0000318,PROD0108,1,8722.77,15,7414.35
ITEM0000613,ORD0000318,PROD0160,4,756.75,15,2572.95
ITEM0000614,ORD0000319,PROD0136,2,2648.04,10,4766.47
ITEM0000615,ORD0000320,PROD0141,1,1560.51,0,1560.51
ITEM0000616,ORD0000320,PROD0165,1,8926.78,0,8926.78
ITEM0000617,ORD0000320,PROD0038,3,15904.21,0,47712.63
ITEM0000618,ORD0000321,PROD0024,3,57909.18,25,130295.66
ITEM0000619,ORD0000322,PROD0158,4,1726.09,25,5178.27
ITEM0000620,ORD0000323,PROD0184,3,11703.06,0,35109.18
ITEM0000621,ORD0000323,PROD0051,3,5103.04,0,15309.12
ITEM0000622,ORD0000323,PROD0025,3,48796.51,0,146389.53
ITEM0000623,ORD0000323,PROD0143,3,382.09,0,1146.27
ITEM0000624,ORD0000324,PROD0041,2,3166.8,15,5383.56
ITEM0000625,ORD0000324,PROD0085,4,6089.41,15,20703.99
ITEM0000626,ORD0000324,PROD0090,2,859.29,15,1460.79
ITEM0000627,ORD0000324,PROD0045,3,3914.99,15,9983.22
ITEM0000628,ORD0000325,PROD0117,4,6437.22,0,25748.88
ITEM0000629,ORD0000325,PROD0051,4,5103.04,0,20412.16
ITEM0000630,ORD0000326,PROD0176,3,975.19,5,2779.29
ITEM0000631,ORD0000326,PROD0018,3,43707.38,5,124566.03
ITEM0000632,ORD0000326,PROD0119,4,2991.81,5,11368.88
ITEM0000633,ORD0000327,PROD0174,4,3533.54,25,10600.62
ITEM0000634,ORD0000327,PROD0185,2,9871.56,25,14807.34
ITEM0000635,ORD0000327,PROD0155,1,3659.76,25,2744.82
ITEM0000636,ORD0000327,PROD0085,3,6089.41,25,13701.17
ITEM0000637,ORD0000327,PROD0035,1,24304.78,25,18228.58
ITEM0000638,ORD0000328,PROD0045,1,3914.99,5,3719.24
ITEM0000639,ORD0000328,PROD0194,2,238.12,5,452.43
ITEM0000640,ORD0000328,PROD0113,1,8226.58,5,7815.25
ITEM0000641,ORD0000328,PROD0156,1,366.5,5,348.18
ITEM0000642,ORD0000329,PROD0188,3,1318.66,0,3955.98
ITEM0000643,ORD0000330,PROD0091,4,10714.93,0,42859.72
ITEM0000644,ORD0000331,PROD0192,1,867.73,0,867.73
ITEM0000645,ORD0000332,PROD0145,3,3126.57,15,7972.75
ITEM0000646,ORD0000333,PROD0179,1,11478.91,5,10904.96
ITEM0000647,ORD0000333,PROD0150,3,4265.82,5,12157.59
ITEM0000648,ORD0000334,PROD0142,2,497.1,0,994.2
ITEM0000649,ORD0000335,PROD0174,4,3533.54,10,12720.74
ITEM0000650,ORD0000335,PROD0004,3,25591.73,10,69097.67
ITEM0000651,ORD0000335,PROD0194,1,238.12,10,214.31
ITEM0000652,ORD0000336,PROD0159,3,584.29,0,1752.87
ITEM0000653,ORD0000337,PROD0032,4,38426.75,5,146021.65
ITEM0000654,ORD0000338,PROD0144,3,905.61,15,2309.31
ITEM0000655,ORD0000339,PROD0081,2,3032.39,5,5761.54
ITEM0000656,ORD0000339,PROD0032,4,38426.75,5,146021.65
ITEM0000657,ORD0000340,PROD0188,1,1318.66,25,989
ITEM0000658,ORD0000341,PROD0039,4,66174.82,5,251464.32
ITEM0000659,ORD0000342,PROD0171,1,9896.61,10,8906.95
ITEM0000660,ORD0000343,PROD0080,1,2405.82,20,1924.66
ITEM0000661,ORD0000344,PROD0105,1,8086.41,5,7682.09
ITEM0000662,ORD0000345,PROD0191,4,1435.77,5,5455.93
ITEM0000663,ORD0000346,PROD0179,1,11478.91,5,10904.96
ITEM0000664,ORD0000346,PROD0071,4,3890.52,5,14783.98
ITEM0000665,ORD0000346,PROD0024,2,57909.18,5,110027.44
ITEM0000666,ORD0000347,PROD0043,1,5274.26,15,4483.12
ITEM0000667,ORD0000348,PROD0114,4,12529.93,15,42601.76
ITEM0000668,ORD0000349,PROD0115,1,11862.11,10,10675.9
ITEM0000669,ORD0000350,PROD0191,2,1435.77,15,2440.81
ITEM0000670,ORD0000350,PROD0055,3,3434.95,15,8759.12
ITEM0000671,ORD0000350,PROD0111,4,4186.75,15,14234.95
ITEM0000672,ORD0000350,PROD0145,3,3126.57,15,7972.75
ITEM0000673,ORD0000351,PROD0153,1,1769.3,10,1592.37
ITEM0000674,ORD0000351,PROD0070,2,1576.87,10,2838.37
ITEM0000675,ORD0000351,PROD0138,1,1511.7,10,1360.53
ITEM0000676,ORD0000351,PROD0175,1,6709.6,10,6038.64
ITEM0000677,ORD0000351,PROD0149,1,3462.42,10,3116.18
ITEM0000678,ORD0000352,PROD0104,1,12889.74,0,12889.74
ITEM0000679,ORD0000352,PROD0131,1,2976.52,0,2976.52
ITEM0000680,ORD0000352,PROD0075,4,2702.38,0,10809.52
ITEM0000681,ORD0000353,PROD0028,2,74581.74,15,126788.96
ITEM0000682,ORD0000353,PROD0112,1,885.01,15,752.26
ITEM0000683,ORD0000353,PROD0200,4,540.59,15,1838.01
ITEM0000684,ORD0000353,PROD0111,4,4186.75,15,14234.95
ITEM0000685,ORD0000353,PROD0055,1,3434.95,15,2919.71
ITEM0000686,ORD0000354,PROD0157,3,1549.94,5,4417.33
ITEM0000687,ORD0000354,PROD0127,2,9556.44,5,18157.24
ITEM0000688,ORD0000354,PROD0197,1,490.98,5,466.43
ITEM0000689,ORD0000355,PROD0085,2,6089.41,10,10960.94
ITEM0000690,ORD0000355,PROD0024,2,57909.18,10,104236.52
ITEM0000691,ORD0000356,PROD0048,1,3151.51,5,2993.93
ITEM0000692,ORD0000357,PROD0133,2,3562.22,25,5343.33
ITEM0000693,ORD0000358,PROD0167,1,11229.68,10,10106.71
ITEM0000694,ORD0000359,PROD0114,4,12529.93,5,47613.73
ITEM0000695,ORD0000360,PROD0171,2,9896.61,15,16824.24
ITEM0000696,ORD0000361,PROD0144,3,905.61,20,2173.46
ITEM0000697,ORD0000362,PROD0141,1,1560.51,10,1404.46
ITEM0000698,ORD0000362,PROD0031,2,9586.34,10,17255.41
ITEM0000699,ORD0000362,PROD0157,1,1549.94,10,1394.95
ITEM0000700,ORD0000363,PROD0164,1,3543.37,10,3189.03
ITEM0000701,ORD0000363,PROD0151,4,350.77,10,1262.77
ITEM0000702,ORD0000363,PROD0167,4,11229.68,10,40426.85
ITEM0000703,ORD0000363,PROD0045,4,3914.99,10,14093.96
ITEM0000704,ORD0000364,PROD0083,3,1974.27,5,5626.67
ITEM0000705,ORD0000365,PROD0071,2,3890.52,5,7391.99
ITEM0000706,ORD0000365,PROD0090,2,859.29,5,1632.65
ITEM0000707,ORD0000365,PROD0085,3,6089.41,5,17354.82
ITEM0000708,ORD0000366,PROD0024,1,57909.18,25,43431.88
ITEM0000709,ORD0000366,PROD0019,1,21504.79,25,16128.59
ITEM0000710,ORD0000367,PROD0151,4,350.77,0,1403.08
ITEM0000711,ORD0000367,PROD0010,1,32892.86,0,32892.86
ITEM0000712,ORD0000368,PROD0108,2,8722.77,0,17445.54
ITEM0000713,ORD0000368,PROD0096,4,11526.42,0,46105.68
ITEM0000714,ORD0000368,PROD0105,4,8086.41,0,32345.64
ITEM0000715,ORD0000369,PROD0154,3,1821.18,0,5463.54
ITEM0000716,ORD0000369,PROD0048,3,3151.51,0,9454.53
ITEM0000717,ORD0000370,PROD0004,4,25591.73,0,102366.92
ITEM0000718,ORD0000370,PROD0180,3,5434.17,0,16302.51
ITEM0000719,ORD0000370,PROD0192,2,867.73,0,1735.46
ITEM0000720,ORD0000371,PROD0020,3,47540.26,5,135489.74
ITEM0000721,ORD0000372,PROD0177,1,5985.15,15,5087.38
ITEM0000722,ORD0000372,PROD0059,2,3047.56,15,5180.85
ITEM0000723,ORD0000372,PROD0012,3,33141.38,15,84510.52
ITEM0000724,ORD0000372,PROD0036,1,68871.11,15,58540.44
ITEM0000725,ORD0000372,PROD0103,4,2970.53,15,10099.8
ITEM0000726,ORD0000373,PROD0007,4,27829.19,10,100185.08
ITEM0000727,ORD0000373,PROD0090,1,859.29,10,773.36
ITEM0000728,ORD0000374,PROD0151,1,350.77,0,350.77
ITEM0000729,ORD0000374,PROD0083,2,1974.27,0,3948.54
ITEM0000730,ORD0000375,PROD0153,2,1769.3,0,3538.6
ITEM0000731,ORD0000376,PROD0128,4,5930.45,0,23721.8
ITEM0000732,ORD0000377,PROD0119,4,2991.81,10,10770.52
ITEM0000733,ORD0000378,PROD0195,3,437.39,15,1115.34
ITEM0000734,ORD0000379,PROD0156,2,366.5,10,659.7
ITEM0000735,ORD0000380,PROD0054,1,7111.73,10,6400.56
ITEM0000736,ORD0000381,PROD0151,1,350.77,5,333.23
ITEM0000737,ORD0000381,PROD0137,3,782.23,5,2229.36
ITEM0000738,ORD0000381,PROD0199,3,1292.33,5,3683.14
ITEM0000739,ORD0000382,PROD0012,3,33141.38,0,99424.14
ITEM0000740,ORD0000383,PROD0076,4,1552.25,5,5898.55
ITEM0000741,ORD0000383,PROD0023,1,1503.94,5,1428.74
ITEM0000742,ORD0000384,PROD0054,1,7111.73,10,6400.56
ITEM0000743,ORD0000385,PROD0064,3,4156.77,0,12470.31
ITEM0000744,ORD0000385,PROD0051,1,5103.04,0,5103.04
ITEM0000745,ORD0000386,PROD0189,3,897.95,5,2559.16
ITEM0000746,ORD0000386,PROD0099,3,12519.55,5,35680.72
ITEM0000747,ORD0000386,PROD0143,4,382.09,5,1451.94
ITEM0000748,ORD0000387,PROD0188,2,1318.66,15,2241.72
ITEM0000749,ORD0000387,PROD0181,4,5765.01,15,19601.03
ITEM0000750,ORD0000388,PROD0082,4,2605.78,5,9901.96
ITEM0000751,ORD0000388,PROD0156,2,366.5,5,696.35
ITEM0000752,ORD0000389,PROD0012,4,33141.38,10,119308.97
ITEM0000753,ORD0000389,PROD0113,2,8226.58,10,14807.84
ITEM0000754,ORD0000389,PROD0131,3,2976.52,10,8036.6
ITEM0000755,ORD0000390,PROD0141,2,1560.51,5,2964.97
ITEM0000756,ORD0000391,PROD0195,4,437.39,10,1574.6
ITEM0000757,ORD0000391,PROD0033,2,34304.44,10,61747.99
ITEM0000758,ORD0000391,PROD0156,1,366.5,10,329.85
ITEM0000759,ORD0000392,PROD0104,3,12889.74,20,30935.38
ITEM0000760,ORD0000393,PROD0025,3,48796.51,5,139070.05
ITEM0000761,ORD0000394,PROD0161,1,3119.91,5,2963.91
ITEM0000762,ORD0000395,PROD0131,3,2976.52,10,8036.6
ITEM0000763,ORD0000395,PROD0105,3,8086.41,10,21833.31
ITEM0000764,ORD0000395,PROD0173,3,8594.8,10,23205.96
ITEM0000765,ORD0000395,PROD0041,1,3166.8,10,2850.12
ITEM0000766,ORD0000396,PROD0143,4,382.09,10,1375.52
ITEM0000767,ORD0000397,PROD0019,1,21504.79,10,19354.31
ITEM0000768,ORD0000398,PROD0025,2,48796.51,0,97593.02
ITEM0000769,ORD0000398,PROD0150,3,4265.82,0,12797.46
ITEM0000770,ORD0000399,PROD0053,4,5844.47,25,17533.41
ITEM0000771,ORD0000399,PROD0026,1,40491.32,25,30368.49
ITEM0000772,ORD0000400,PROD0196,1,783.44,0,783.44
ITEM0000773,ORD0000400,PROD0115,4,11862.11,0,47448.44
ITEM0000774,ORD0000400,PROD0017,2,8120.73,0,16241.46
ITEM0000775,ORD0000401,PROD0116,3,4368.06,0,13104.18
ITEM0000776,ORD0000401,PROD0055,1,3434.95,0,3434.95
ITEM0000777,ORD0000402,PROD0137,2,782.23,10,1408.01
ITEM0000778,ORD0000403,PROD0008,2,57369.56,0,114739.12
ITEM0000779,ORD0000403,PROD0149,3,3462.42,0,10387.26
ITEM0000780,ORD0000403,PROD0042,1,1233.59,0,1233.59
ITEM0000781,ORD0000404,PROD0104,2,12889.74,0,25779.48
ITEM0000782,ORD0000405,PROD0014,3,7928.83,10,21407.84
ITEM0000783,ORD0000406,PROD0010,1,32892.86,15,27958.93
ITEM0000784,ORD0000407,PROD0131,2,2976.52,10,5357.74
ITEM0000785,ORD0000408,PROD0116,2,4368.06,20,6988.9
ITEM0000786,ORD0000409,PROD0136,4,2648.04,5,10062.55
ITEM0000787,ORD0000409,PROD0112,4,885.01,5,3363.04
ITEM0000788,ORD0000410,PROD0060,3,3327.41,0,9982.23
ITEM0000789,ORD0000411,PROD0160,4,756.75,0,3027
ITEM0000790,ORD0000411,PROD0153,1,1769.3,0,1769.3
ITEM0000791,ORD0000412,PROD0018,2,43707.38,0,87414.76
ITEM0000792,ORD0000413,PROD0154,3,1821.18,0,5463.54
ITEM0000793,ORD0000414,PROD0151,3,350.77,0,1052.31
ITEM0000794,ORD0000414,PROD0078,2,3466.82,0,6933.64
ITEM0000795,ORD0000415,PROD0064,4,4156.77,15,14133.02
ITEM0000796,ORD0000416,PROD0190,2,1254.49,15,2132.63
ITEM0000797,ORD0000416,PROD0053,4,5844.47,15,19871.2
ITEM0000798,ORD0000417,PROD0177,1,5985.15,10,5386.64
ITEM0000799,ORD0000417,PROD0098,2,10950.31,10,19710.56
ITEM0000800,ORD0000418,PROD0196,1,783.44,0,783.44
ITEM0000801,ORD0000418,PROD0031,1,9586.34,0,9586.34
ITEM0000802,ORD0000418,PROD0172,2,1025.46,0,2050.92
ITEM0000803,ORD0000419,PROD0177,1,5985.15,5,5685.89
ITEM0000804,ORD0000419,PROD0175,3,6709.6,5,19122.36
ITEM0000805,ORD0000420,PROD0073,4,346.89,15,1179.43
ITEM0000806,ORD0000420,PROD0095,2,5158.31,15,8769.13
ITEM0000807,ORD0000420,PROD0052,4,5153.96,15,17523.46
ITEM0000808,ORD0000421,PROD0198,3,890.11,5,2536.81
ITEM0000809,ORD0000421,PROD0162,1,1300.66,5,1235.63
ITEM0000810,ORD0000422,PROD0087,3,5742.05,0,17226.15
ITEM0000811,ORD0000422,PROD0144,4,905.61,0,3622.44
ITEM0000812,ORD0000423,PROD0085,1,6089.41,15,5176
ITEM0000813,ORD0000423,PROD0193,4,628.8,15,2137.92
ITEM0000814,ORD0000423,PROD0040,3,63017.33,15,160694.19
ITEM0000815,ORD0000424,PROD0049,3,567.72,0,1703.16
ITEM0000816,ORD0000425,PROD0112,2,885.01,0,1770.02
ITEM0000817,ORD0000426,PROD0161,1,3119.91,5,2963.91
ITEM0000818,ORD0000427,PROD0133,3,3562.22,0,10686.66
ITEM0000819,ORD0000427,PROD0081,4,3032.39,0,12129.56
ITEM0000820,ORD0000427,PROD0036,3,68871.11,0,206613.33
ITEM0000821,ORD0000428,PROD0056,4,4087.83,15,13898.62
ITEM0000822,ORD0000429,PROD0180,4,5434.17,15,18476.18
ITEM0000823,ORD0000429,PROD0159,4,584.29,15,1986.59
ITEM0000824,ORD0000429,PROD0100,2,2072.2,15,3522.74
ITEM0000825,ORD0000429,PROD0132,4,1160.61,15,3946.07
ITEM0000826,ORD0000430,PROD0148,1,2543.16,10,2288.84
ITEM0000827,ORD0000430,PROD0132,1,1160.61,10,1044.55
ITEM0000828,ORD0000431,PROD0058,4,1179.58,15,4010.57
ITEM0000829,ORD0000431,PROD0004,1,25591.73,15,21752.97
ITEM0000830,ORD0000432,PROD0177,2,5985.15,15,10174.75
ITEM0000831,ORD0000432,PROD0036,1,68871.11,15,58540.44
ITEM0000832,ORD0000432,PROD0072,2,1395.26,15,2371.94
ITEM0000833,ORD0000433,PROD0070,2,1576.87,0,3153.74
ITEM0000834,ORD0000433,PROD0091,4,10714.93,0,42859.72
ITEM0000835,ORD0000433,PROD0161,3,3119.91,0,9359.73
ITEM0000836,ORD0000433,PROD0061,4,1507.1,0,6028.4
ITEM0000837,ORD0000434,PROD0093,1,12429.79,0,12429.79
ITEM0000838,ORD0000434,PROD0184,1,11703.06,0,11703.06
ITEM0000839,ORD0000435,PROD0123,4,9762.37,15,33192.06
ITEM0000840,ORD0000435,PROD0162,2,1300.66,15,2211.12
ITEM0000841,ORD0000435,PROD0044,3,3912.72,15,9977.44
ITEM0000842,ORD0000435,PROD0052,2,5153.96,15,8761.73
ITEM0000843,ORD0000436,PROD0136,2,2648.04,10,4766.47
ITEM0000844,ORD0000436,PROD0133,3,3562.22,10,9617.99
ITEM0000845,ORD0000437,PROD0083,3,1974.27,0,5922.81
ITEM0000846,ORD0000437,PROD0051,2,5103.04,0,10206.08
ITEM0000847,ORD0000437,PROD0156,1,366.5,0,366.5
ITEM0000848,ORD0000437,PROD0075,3,2702.38,0,8107.14
ITEM0000849,ORD0000438,PROD0018,1,43707.38,25,32780.53
ITEM0000850,ORD0000438,PROD0076,1,1552.25,25,1164.19
ITEM0000851,ORD0000438,PROD0174,4,3533.54,25,10600.62
ITEM0000852,ORD0000439,PROD0011,2,58607.44,5,111354.14
ITEM0000853,ORD0000440,PROD0013,3,40791.56,15,104018.48
ITEM0000854,ORD0000441,PROD0157,3,1549.94,0,4649.82
ITEM0000855,ORD0000441,PROD0133,1,3562.22,0,3562.22
ITEM0000856,ORD0000442,PROD0169,1,3385.13,0,3385.13
ITEM0000857,ORD0000443,PROD0118,1,10931.14,10,9838.03
ITEM0000858,ORD0000443,PROD0159,3,584.29,10,1577.58
ITEM0000859,ORD0000444,PROD0200,3,540.59,15,1378.5
ITEM0000860,ORD0000444,PROD0094,2,8217.48,15,13969.72
ITEM0000861,ORD0000444,PROD0066,4,2108.12,15,7167.61
ITEM0000862,ORD0000445,PROD0190,4,1254.49,5,4767.06
ITEM0000863,ORD0000445,PROD0107,1,5093.26,5,4838.6
ITEM0000864,ORD0000445,PROD0160,1,756.75,5,718.91
ITEM0000865,ORD0000446,PROD0079,3,3868.77,0,11606.31
ITEM0000866,ORD0000446,PROD0028,3,74581.74,0,223745.22
ITEM0000867,ORD0000447,PROD0053,2,5844.47,5,11104.49
ITEM0000868,ORD0000447,PROD0092,1,12500.28,5,11875.27
ITEM0000869,ORD0000448,PROD0013,2,40791.56,0,81583.12
ITEM0000870,ORD0000449,PROD0127,1,9556.44,0,9556.44
ITEM0000871,ORD0000449,PROD0004,3,25591.73,0,76775.19
ITEM0000872,ORD0000450,PROD0188,2,1318.66,0,2637.32
ITEM0000873,ORD0000451,PROD0181,4,5765.01,0,23060.04
ITEM0000874,ORD0000451,PROD0188,1,1318.66,0,1318.66
ITEM0000875,ORD0000451,PROD0151,1,350.77,0,350.77
ITEM0000876,ORD0000452,PROD0059,2,3047.56,5,5790.36
ITEM0000877,ORD0000452,PROD0196,4,783.44,5,2977.07
ITEM0000878,ORD0000453,PROD0054,2,7111.73,15,12089.94
ITEM0000879,ORD0000454,PROD0070,1,1576.87,0,1576.87
ITEM0000880,ORD0000455,PROD0043,3,5274.26,10,14240.5
ITEM0000881,ORD0000455,PROD0083,4,1974.27,10,7107.37
ITEM0000882,ORD0000456,PROD0165,3,8926.78,5,25441.32
ITEM0000883,ORD0000456,PROD0117,2,6437.22,5,12230.72
ITEM0000884,ORD0000456,PROD0073,3,346.89,5,988.64
ITEM0000885,ORD0000457,PROD0012,4,33141.38,10,119308.97
ITEM0000886,ORD0000458,PROD0121,2,389.01,5,739.12
ITEM0000887,ORD0000459,PROD0146,1,4641.78,15,3945.51
ITEM0000888,ORD0000460,PROD0019,3,21504.79,10,58062.93
ITEM0000889,ORD0000461,PROD0009,1,27237.58,0,27237.58
ITEM0000890,ORD0000462,PROD0033,2,34304.44,5,65178.44
ITEM0000891,ORD0000462,PROD0190,1,1254.49,5,1191.77
ITEM0000892,ORD0000463,PROD0165,1,8926.78,0,8926.78
ITEM0000893,ORD0000463,PROD0174,1,3533.54,0,3533.54
ITEM0000894,ORD0000464,PROD0101,4,1007.74,0,4030.96
ITEM0000895,ORD0000464,PROD0053,1,5844.47,0,5844.47
ITEM0000896,ORD0000464,PROD0146,3,4641.78,0,13925.34
ITEM0000897,ORD0000465,PROD0080,1,2405.82,15,2044.95
ITEM0000898,ORD0000466,PROD0094,4,8217.48,0,32869.92
ITEM0000899,ORD0000467,PROD0110,1,232.06,10,208.85
ITEM0000900,ORD0000467,PROD0109,3,6201.15,10,16743.1
ITEM0000901,ORD0000468,PROD0182,4,2159.96,5,8207.85
ITEM0000902,ORD0000468,PROD0178,1,1834.02,5,1742.32
ITEM0000903,ORD0000469,PROD0168,3,3183.64,0,9550.92
ITEM0000904,ORD0000469,PROD0019,1,21504.79,0,21504.79
ITEM0000905,ORD0000469,PROD0094,1,8217.48,0,8217.48
ITEM0000906,ORD0000470,PROD0118,3,10931.14,0,32793.42
ITEM0000907,ORD0000471,PROD0162,3,1300.66,5,3706.88
ITEM0000908,ORD0000471,PROD0195,1,437.39,5,415.52
ITEM0000909,ORD0000472,PROD0112,2,885.01,0,1770.02
ITEM0000910,ORD0000473,PROD0129,1,838.52,0,838.52
ITEM0000911,ORD0000473,PROD0172,1,1025.46,0,1025.46
ITEM0000912,ORD0000474,PROD0150,4,4265.82,10,15356.95
ITEM0000913,ORD0000475,PROD0014,1,7928.83,0,7928.83
ITEM0000914,ORD0000475,PROD0137,4,782.23,0,3128.92
ITEM0000915,ORD0000475,PROD0112,1,885.01,0,885.01
ITEM0000916,ORD0000475,PROD0031,4,9586.34,0,38345.36
ITEM0000917,ORD0000476,PROD0189,4,897.95,0,3591.8
ITEM0000918,ORD0000476,PROD0167,2,11229.68,0,22459.36
ITEM0000919,ORD0000477,PROD0184,1,11703.06,0,11703.06
ITEM0000920,ORD0000478,PROD0088,1,1045.29,0,1045.29
ITEM0000921,ORD0000478,PROD0195,1,437.39,0,437.39
ITEM0000922,ORD0000479,PROD0174,4,3533.54,0,14134.16
ITEM0000923,ORD0000480,PROD0158,1,1726.09,0,1726.09
ITEM0000924,ORD0000480,PROD0073,2,346.89,0,693.78
ITEM0000925,ORD0000481,PROD0100,4,2072.2,5,7874.36
ITEM0000926,ORD0000481,PROD0161,4,3119.91,5,11855.66
ITEM0000927,ORD0000482,PROD0172,2,1025.46,0,2050.92
ITEM0000928,ORD0000483,PROD0176,4,975.19,5,3705.72
ITEM0000929,ORD0000484,PROD0050,2,4918.81,5,9345.74
ITEM0000930,ORD0000484,PROD0096,2,11526.42,5,21900.2
ITEM0000931,ORD0000484,PROD0111,2,4186.75,5,7954.82
ITEM0000932,ORD0000484,PROD0085,4,6089.41,5,23139.76
ITEM0000933,ORD0000484,PROD0143,1,382.09,5,362.99
ITEM0000934,ORD0000485,PROD0016,1,43331.31,10,38998.18
ITEM0000935,ORD0000485,PROD0131,3,2976.52,10,8036.6
ITEM0000936,ORD0000485,PROD0050,1,4918.81,10,4426.93
ITEM0000937,ORD0000485,PROD0088,3,1045.29,10,2822.28
ITEM0000938,ORD0000486,PROD0078,2,3466.82,15,5893.59
ITEM0000939,ORD0000486,PROD0007,4,27829.19,15,94619.25
ITEM0000940,ORD0000486,PROD0001,2,4321.28,15,7346.18
ITEM0000941,ORD0000486,PROD0154,1,1821.18,15,1548
ITEM0000942,ORD0000486,PROD0053,2,5844.47,15,9935.6
ITEM0000943,ORD0000487,PROD0083,3,1974.27,0,5922.81
ITEM0000944,ORD0000487,PROD0143,3,382.09,0,1146.27
ITEM0000945,ORD0000487,PROD0156,2,366.5,0,733
ITEM0000946,ORD0000488,PROD0130,1,3062.11,25,2296.58
ITEM0000947,ORD0000489,PROD0090,3,859.29,10,2320.08
ITEM0000948,ORD0000489,PROD0025,1,48796.51,10,43916.86
ITEM0000949,ORD0000489,PROD0041,1,3166.8,10,2850.12
ITEM0000950,ORD0000490,PROD0143,1,382.09,10,343.88
ITEM0000951,ORD0000490,PROD0044,1,3912.72,10,3521.45
ITEM0000952,ORD0000490,PROD0145,1,3126.57,10,2813.91
ITEM0000953,ORD0000490,PROD0022,1,13967,10,12570.3
ITEM0000954,ORD0000491,PROD0123,4,9762.37,0,39049.48
ITEM0000955,ORD0000491,PROD0029,3,50556.2,0,151668.6
ITEM0000956,ORD0000492,PROD0080,2,2405.82,10,4330.48
ITEM0000957,ORD0000492,PROD0088,1,1045.29,10,940.76
ITEM0000958,ORD0000493,PROD0143,4,382.09,15,1299.11
ITEM0000959,ORD0000493,PROD0003,3,49712.42,15,126766.67
ITEM0000960,ORD0000493,PROD0045,4,3914.99,15,13310.97
ITEM0000961,ORD0000494,PROD0027,4,27299.16,20,87357.31
ITEM0000962,ORD0000495,PROD0028,1,74581.74,10,67123.57
ITEM0000963,ORD0000496,PROD0151,1,350.77,10,315.69
ITEM0000964,ORD0000497,PROD0113,4,8226.58,0,32906.32
ITEM0000965,ORD0000497,PROD0038,4,15904.21,0,63616.84
ITEM0000966,ORD0000497,PROD0183,3,4402.38,0,13207.14
ITEM0000967,ORD0000498,PROD0046,4,6212.04,0,24848.16
ITEM0000968,ORD0000498,PROD0121,1,389.01,0,389.01
ITEM0000969,ORD0000498,PROD0111,2,4186.75,0,8373.5
ITEM0000970,ORD0000499,PROD0095,3,5158.31,0,15474.93
ITEM0000971,ORD0000499,PROD0029,3,50556.2,0,151668.6
ITEM0000972,ORD0000499,PROD0113,3,8226.58,0,24679.74
ITEM0000973,ORD0000499,PROD0033,2,34304.44,0,68608.88
ITEM0000974,ORD0000500,PROD0020,2,47540.26,0,95080.52
ITEM0000975,ORD0000500,PROD0175,4,6709.6,0,26838.4
ITEM0000976,ORD0000501,PROD0115,2,11862.11,15,20165.59
ITEM0000977,ORD0000502,PROD0064,4,4156.77,0,16627.08
ITEM0000978,ORD0000502,PROD0174,1,3533.54,0,3533.54
ITEM0000979,ORD0000502,PROD0149,1,3462.42,0,3462.42
ITEM0000980,ORD0000502,PROD0043,3,5274.26,0,15822.78
ITEM0000981,ORD0000502,PROD0052,4,5153.96,0,20615.84
ITEM0000982,ORD0000503,PROD0085,4,6089.41,20,19486.11
ITEM0000983,ORD0000503,PROD0190,1,1254.49,20,1003.59
ITEM0000984,ORD0000503,PROD0163,2,915.73,20,1465.17
ITEM0000985,ORD0000504,PROD0135,1,1341.78,5,1274.69
ITEM0000986,ORD0000504,PROD0105,1,8086.41,5,7682.09
ITEM0000987,ORD0000504,PROD0016,3,43331.31,5,123494.23
ITEM0000988,ORD0000505,PROD0130,1,3062.11,5,2909
ITEM0000989,ORD0000505,PROD0023,4,1503.94,5,5714.97
ITEM0000990,ORD0000506,PROD0093,3,12429.79,15,31695.96
ITEM0000991,ORD0000506,PROD0114,1,12529.93,15,10650.44
ITEM0000992,ORD0000507,PROD0070,2,1576.87,0,3153.74
ITEM0000993,ORD0000508,PROD0084,3,784.26,0,2352.78
ITEM0000994,ORD0000509,PROD0165,4,8926.78,20,28565.7
ITEM0000995,ORD0000509,PROD0151,2,350.77,20,561.23
ITEM0000996,ORD0000509,PROD0019,1,21504.79,20,17203.83
ITEM0000997,ORD0000509,PROD0090,3,859.29,20,2062.3
ITEM0000998,ORD0000510,PROD0162,3,1300.66,5,3706.88
ITEM0000999,ORD0000510,PROD0176,2,975.19,5,1852.86
ITEM0001000,ORD0000511,PROD0026,1,40491.32,0,40491.32
ITEM0001001,ORD0000512,PROD0132,4,1160.61,0,4642.44
ITEM0001002,ORD0000512,PROD0167,1,11229.68,0,11229.68
ITEM0001003,ORD0000513,PROD0159,4,584.29,5,2220.3
ITEM0001004,ORD0000513,PROD0029,3,50556.2,5,144085.17
ITEM0001005,ORD0000514,PROD0007,4,27829.19,25,83487.57
ITEM0001006,ORD0000515,PROD0004,1,25591.73,0,25591.73
ITEM0001007,ORD0000515,PROD0156,3,366.5,0,1099.5
ITEM0001008,ORD0000516,PROD0022,2,13967,5,26537.3
ITEM0001009,ORD0000516,PROD0072,4,1395.26,5,5301.99
ITEM0001010,ORD0000516,PROD0161,2,3119.91,5,5927.83
ITEM0001011,ORD0000517,PROD0006,4,69356.89,5,263556.18
ITEM0001012,ORD0000517,PROD0031,2,9586.34,5,18214.05
ITEM0001013,ORD0000518,PROD0132,1,1160.61,0,1160.61
ITEM0001014,ORD0000519,PROD0184,4,11703.06,15,39790.4
ITEM0001015,ORD0000519,PROD0024,1,57909.18,15,49222.8
ITEM0001016,ORD0000519,PROD0154,4,1821.18,15,6192.01
ITEM0001017,ORD0000520,PROD0011,3,58607.44,10,158240.09
ITEM0001018,ORD0000520,PROD0159,3,584.29,10,1577.58
ITEM0001019,ORD0000521,PROD0038,1,15904.21,15,13518.58
ITEM0001020,ORD0000522,PROD0008,4,57369.56,0,229478.24
ITEM0001021,ORD0000522,PROD0090,4,859.29,0,3437.16
ITEM0001022,ORD0000523,PROD0078,4,3466.82,0,13867.28
ITEM0001023,ORD0000523,PROD0052,2,5153.96,0,10307.92
ITEM0001024,ORD0000523,PROD0036,4,68871.11,0,275484.44
ITEM0001025,ORD0000523,PROD0129,4,838.52,0,3354.08
ITEM0001026,ORD0000524,PROD0093,4,12429.79,0,49719.16
ITEM0001027,ORD0000525,PROD0144,2,905.61,10,1630.1
ITEM0001028,ORD0000526,PROD0026,1,40491.32,0,40491.32
ITEM0001029,ORD0000526,PROD0011,3,58607.44,0,175822.32
ITEM0001030,ORD0000526,PROD0175,3,6709.6,0,20128.8
ITEM0001031,ORD0000526,PROD0195,3,437.39,0,1312.17
ITEM0001032,ORD0000526,PROD0148,3,2543.16,0,7629.48
ITEM0001033,ORD0000527,PROD0148,3,2543.16,10,6866.53
ITEM0001034,ORD0000528,PROD0184,2,11703.06,10,21065.51
ITEM0001035,ORD0000528,PROD0135,1,1341.78,10,1207.6
ITEM0001036,ORD0000529,PROD0032,3,38426.75,20,92224.2
ITEM0001037,ORD0000529,PROD0036,3,68871.11,20,165290.66
ITEM0001038,ORD0000529,PROD0060,4,3327.41,20,10647.71
ITEM0001039,ORD0000529,PROD0039,2,66174.82,20,105879.71
ITEM0001040,ORD0000529,PROD0183,4,4402.38,20,14087.62
ITEM0001041,ORD0000530,PROD0123,4,9762.37,0,39049.48
ITEM0001042,ORD0000531,PROD0174,3,3533.54,5,10070.59
ITEM0001043,ORD0000531,PROD0198,3,890.11,5,2536.81
ITEM0001044,ORD0000531,PROD0057,3,742.06,5,2114.87
ITEM0001045,ORD0000532,PROD0156,4,366.5,20,1172.8
ITEM0001046,ORD0000533,PROD0020,2,47540.26,20,76064.42
ITEM0001047,ORD0000534,PROD0088,3,1045.29,0,3135.87
ITEM0001048,ORD0000534,PROD0180,1,5434.17,0,5434.17
ITEM0001049,ORD0000535,PROD0185,3,9871.56,15,25172.48
ITEM0001050,ORD0000535,PROD0167,2,11229.68,15,19090.46
ITEM0001051,ORD0000536,PROD0085,1,6089.41,15,5176
ITEM0001052,ORD0000536,PROD0109,1,6201.15,15,5270.98
ITEM0001053,ORD0000537,PROD0143,3,382.09,10,1031.64
ITEM0001054,ORD0000538,PROD0165,3,8926.78,0,26780.34
ITEM0001055,ORD0000538,PROD0118,2,10931.14,0,21862.28
ITEM0001056,ORD0000538,PROD0168,4,3183.64,0,12734.56
ITEM0001057,ORD0000539,PROD0032,1,38426.75,20,30741.4
ITEM0001058,ORD0000539,PROD0180,1,5434.17,20,4347.34
ITEM0001059,ORD0000540,PROD0106,3,478.86,5,1364.75
ITEM0001060,ORD0000541,PROD0128,2,5930.45,20,9488.72
ITEM0001061,ORD0000542,PROD0061,4,1507.1,5,5726.98
ITEM0001062,ORD0000542,PROD0135,3,1341.78,5,3824.07
ITEM0001063,ORD0000542,PROD0112,4,885.01,5,3363.04
ITEM0001064,ORD0000543,PROD0123,2,9762.37,15,16596.03
ITEM0001065,ORD0000544,PROD0181,3,5765.01,5,16430.28
ITEM0001066,ORD0000544,PROD0096,4,11526.42,5,43800.4
ITEM0001067,ORD0000544,PROD0108,2,8722.77,5,16573.26
ITEM0001068,ORD0000544,PROD0111,3,4186.75,5,11932.24
ITEM0001069,ORD0000545,PROD0054,2,7111.73,10,12801.11
ITEM0001070,ORD0000546,PROD0159,4,584.29,5,2220.3
ITEM0001071,ORD0000547,PROD0066,4,2108.12,5,8010.86
ITEM0001072,ORD0000548,PROD0093,4,12429.79,0,49719.16
ITEM0001073,ORD0000549,PROD0184,2,11703.06,0,23406.12
ITEM0001074,ORD0000549,PROD0067,4,7130.72,0,28522.88
ITEM0001075,ORD0000550,PROD0033,4,34304.44,20,109774.21
ITEM0001076,ORD0000551,PROD0118,1,10931.14,0,10931.14
ITEM0001077,ORD0000552,PROD0152,1,1817.42,10,1635.68
ITEM0001078,ORD0000552,PROD0101,2,1007.74,10,1813.93
ITEM0001079,ORD0000552,PROD0181,2,5765.01,10,10377.02
ITEM0001080,ORD0000552,PROD0057,4,742.06,10,2671.42
ITEM0001081,ORD0000553,PROD0071,4,3890.52,20,12449.66
ITEM0001082,ORD0000553,PROD0057,3,742.06,20,1780.94
ITEM0001083,ORD0000553,PROD0133,1,3562.22,20,2849.78
ITEM0001084,ORD0000554,PROD0195,2,437.39,0,874.78
ITEM0001085,ORD0000555,PROD0048,4,3151.51,5,11975.74
ITEM0001086,ORD0000555,PROD0197,1,490.98,5,466.43
ITEM0001087,ORD0000556,PROD0164,4,3543.37,20,11338.78
ITEM0001088,ORD0000556,PROD0092,4,12500.28,20,40000.9
ITEM0001089,ORD0000557,PROD0067,1,7130.72,5,6774.18
ITEM0001090,ORD0000557,PROD0198,2,890.11,5,1691.21
ITEM0001091,ORD0000558,PROD0168,1,3183.64,5,3024.46
ITEM0001092,ORD0000558,PROD0026,3,40491.32,5,115400.26
ITEM0001093,ORD0000559,PROD0153,1,1769.3,0,1769.3
ITEM0001094,ORD0000559,PROD0119,4,2991.81,0,11967.24
ITEM0001095,ORD0000560,PROD0060,3,3327.41,0,9982.23
ITEM0001096,ORD0000560,PROD0135,3,1341.78,0,4025.34
ITEM0001097,ORD0000560,PROD0056,4,4087.83,0,16351.32
ITEM0001098,ORD0000561,PROD0095,2,5158.31,10,9284.96
ITEM0001099,ORD0000562,PROD0181,3,5765.01,0,17295.03
ITEM0001100,ORD0000563,PROD0066,2,2108.12,5,4005.43
ITEM0001101,ORD0000563,PROD0111,2,4186.75,5,7954.82
ITEM0001102,ORD0000563,PROD0056,2,4087.83,5,7766.88
ITEM0001103,ORD0000563,PROD0019,4,21504.79,5,81718.2
ITEM0001104,ORD0000564,PROD0055,4,3434.95,0,13739.8
ITEM0001105,ORD0000564,PROD0075,4,2702.38,0,10809.52
ITEM0001106,ORD0000564,PROD0027,1,27299.16,0,27299.16
ITEM0001107,ORD0000565,PROD0046,1,6212.04,10,5590.84
ITEM0001108,ORD0000566,PROD0185,1,9871.56,0,9871.56
ITEM0001109,ORD0000567,PROD0114,3,12529.93,10,33830.81
ITEM0001110,ORD0000568,PROD0111,4,4186.75,10,15072.3
ITEM0001111,ORD0000569,PROD0039,3,66174.82,0,198524.46
ITEM0001112,ORD0000570,PROD0112,4,885.01,0,3540.04
ITEM0001113,ORD0000570,PROD0007,1,27829.19,0,27829.19
ITEM0001114,ORD0000570,PROD0063,2,4348.36,0,8696.72
ITEM0001115,ORD0000571,PROD0200,1,540.59,15,459.5
ITEM0001116,ORD0000571,PROD0160,1,756.75,15,643.24
ITEM0001117,ORD0000571,PROD0174,2,3533.54,15,6007.02
ITEM0001118,ORD0000572,PROD0004,4,25591.73,20,81893.54
ITEM0001119,ORD0000573,PROD0015,4,67106.58,0,268426.32
ITEM0001120,ORD0000574,PROD0031,2,9586.34,0,19172.68
ITEM0001121,ORD0000574,PROD0135,3,1341.78,0,4025.34
ITEM0001122,ORD0000575,PROD0075,4,2702.38,0,10809.52
ITEM0001123,ORD0000575,PROD0161,2,3119.91,0,6239.82
ITEM0001124,ORD0000576,PROD0065,1,1921.1,0,1921.1
ITEM0001125,ORD0000576,PROD0039,4,66174.82,0,264699.28
ITEM0001126,ORD0000576,PROD0026,2,40491.32,0,80982.64
ITEM0001127,ORD0000576,PROD0024,3,57909.18,0,173727.54
ITEM0001128,ORD0000577,PROD0091,2,10714.93,20,17143.89
ITEM0001129,ORD0000577,PROD0100,1,2072.2,20,1657.76
ITEM0001130,ORD0000578,PROD0039,4,66174.82,10,238229.35
ITEM0001131,ORD0000578,PROD0051,1,5103.04,10,4592.74
ITEM0001132,ORD0000578,PROD0024,1,57909.18,10,52118.26
ITEM0001133,ORD0000578,PROD0067,4,7130.72,10,25670.59
ITEM0001134,ORD0000579,PROD0177,3,5985.15,5,17057.68
ITEM0001135,ORD0000580,PROD0075,3,2702.38,0,8107.14
ITEM0001136,ORD0000580,PROD0011,1,58607.44,0,58607.44
ITEM0001137,ORD0000580,PROD0128,1,5930.45,0,5930.45
ITEM0001138,ORD0000580,PROD0156,3,366.5,0,1099.5
ITEM0001139,ORD0000580,PROD0026,4,40491.32,0,161965.28
ITEM0001140,ORD0000581,PROD0059,3,3047.56,0,9142.68
ITEM0001141,ORD0000581,PROD0158,2,1726.09,0,3452.18
ITEM0001142,ORD0000582,PROD0112,2,885.01,0,1770.02
ITEM0001143,ORD0000583,PROD0008,4,57369.56,0,229478.24
ITEM0001144,ORD0000583,PROD0135,1,1341.78,0,1341.78
ITEM0001145,ORD0000584,PROD0011,3,58607.44,10,158240.09
ITEM0001146,ORD0000584,PROD0155,2,3659.76,10,6587.57
ITEM0001147,ORD0000584,PROD0033,3,34304.44,10,92621.99
ITEM0001148,ORD0000585,PROD0146,4,4641.78,0,18567.12
ITEM0001149,ORD0000585,PROD0114,3,12529.93,0,37589.79
ITEM0001150,ORD0000586,PROD0192,1,867.73,5,824.34
ITEM0001151,ORD0000586,PROD0176,1,975.19,5,926.43
ITEM0001152,ORD0000587,PROD0014,2,7928.83,5,15064.78
ITEM0001153,ORD0000587,PROD0106,3,478.86,5,1364.75
ITEM0001154,ORD0000588,PROD0192,3,867.73,15,2212.71
ITEM0001155,ORD0000589,PROD0119,4,2991.81,10,10770.52
ITEM0001156,ORD0000590,PROD0150,2,4265.82,10,7678.48
ITEM0001157,ORD0000591,PROD0003,1,49712.42,15,42255.56
ITEM0001158,ORD0000591,PROD0039,2,66174.82,15,112497.19
ITEM0001159,ORD0000591,PROD0059,1,3047.56,15,2590.43
ITEM0001160,ORD0000591,PROD0113,2,8226.58,15,13985.19
ITEM0001161,ORD0000592,PROD0077,1,6124.52,0,6124.52
ITEM0001162,ORD0000592,PROD0104,4,12889.74,0,51558.96
ITEM0001163,ORD0000592,PROD0084,1,784.26,0,784.26
ITEM0001164,ORD0000593,PROD0017,3,8120.73,15,20707.86
ITEM0001165,ORD0000594,PROD0155,1,3659.76,20,2927.81
ITEM0001166,ORD0000595,PROD0006,1,69356.89,15,58953.36
ITEM0001167,ORD0000595,PROD0031,4,9586.34,15,32593.56
ITEM0001168,ORD0000595,PROD0127,1,9556.44,15,8122.97
ITEM0001169,ORD0000595,PROD0068,2,827.32,15,1406.44
ITEM0001170,ORD0000596,PROD0107,3,5093.26,10,13751.8
ITEM0001171,ORD0000597,PROD0136,3,2648.04,0,7944.12
ITEM0001172,ORD0000597,PROD0147,2,3374.12,0,6748.24
ITEM0001173,ORD0000598,PROD0099,2,12519.55,15,21283.23
ITEM0001174,ORD0000598,PROD0195,2,437.39,15,743.56
ITEM0001175,ORD0000599,PROD0179,4,11478.91,5,43619.86
ITEM0001176,ORD0000599,PROD0040,2,63017.33,5,119732.93
ITEM0001177,ORD0000599,PROD0030,1,745.3,5,708.04
ITEM0001178,ORD0000600,PROD0159,3,584.29,20,1402.3
ITEM0001179,ORD0000600,PROD0184,3,11703.06,20,28087.34
ITEM0001180,ORD0000601,PROD0180,4,5434.17,10,19563.01
ITEM0001181,ORD0000602,PROD0182,1,2159.96,5,2051.96
ITEM0001182,ORD0000603,PROD0088,1,1045.29,0,1045.29
ITEM0001183,ORD0000603,PROD0012,1,33141.38,0,33141.38
ITEM0001184,ORD0000604,PROD0174,2,3533.54,5,6713.73
ITEM0001185,ORD0000604,PROD0169,4,3385.13,5,12863.49
ITEM0001186,ORD0000605,PROD0186,4,1358.84,0,5435.36
ITEM0001187,ORD0000605,PROD0145,4,3126.57,0,12506.28
ITEM0001188,ORD0000605,PROD0042,1,1233.59,0,1233.59
ITEM0001189,ORD0000605,PROD0007,3,27829.19,0,83487.57
ITEM0001190,ORD0000606,PROD0040,2,63017.33,5,119732.93
ITEM0001191,ORD0000607,PROD0168,2,3183.64,15,5412.19
ITEM0001192,ORD0000608,PROD0110,2,232.06,0,464.12
ITEM0001193,ORD0000608,PROD0031,2,9586.34,0,19172.68
ITEM0001194,ORD0000608,PROD0138,4,1511.7,0,6046.8
ITEM0001195,ORD0000609,PROD0130,4,3062.11,0,12248.44
ITEM0001196,ORD0000610,PROD0068,2,827.32,20,1323.71
ITEM0001197,ORD0000611,PROD0051,2,5103.04,0,10206.08
ITEM0001198,ORD0000611,PROD0067,3,7130.72,0,21392.16
ITEM0001199,ORD0000611,PROD0112,2,885.01,0,1770.02
ITEM0001200,ORD0000612,PROD0056,1,4087.83,0,4087.83
ITEM0001201,ORD0000612,PROD0049,2,567.72,0,1135.44
ITEM0001202,ORD0000613,PROD0002,3,50293.82,5,143337.39
ITEM0001203,ORD0000614,PROD0198,4,890.11,10,3204.4
ITEM0001204,ORD0000615,PROD0121,1,389.01,25,291.76
ITEM0001205,ORD0000616,PROD0191,4,1435.77,0,5743.08
ITEM0001206,ORD0000617,PROD0038,2,15904.21,0,31808.42
ITEM0001207,ORD0000618,PROD0130,3,3062.11,0,9186.33
ITEM0001208,ORD0000619,PROD0116,1,4368.06,15,3712.85
ITEM0001209,ORD0000620,PROD0091,4,10714.93,15,36430.76
ITEM0001210,ORD0000620,PROD0146,4,4641.78,15,15782.05
ITEM0001211,ORD0000621,PROD0198,3,890.11,5,2536.81
ITEM0001212,ORD0000621,PROD0117,4,6437.22,5,24461.44
ITEM0001213,ORD0000621,PROD0184,1,11703.06,5,11117.91
ITEM0001214,ORD0000622,PROD0114,1,12529.93,10,11276.94
ITEM0001215,ORD0000622,PROD0111,4,4186.75,10,15072.3
ITEM0001216,ORD0000622,PROD0049,3,567.72,10,1532.84
ITEM0001217,ORD0000622,PROD0016,4,43331.31,10,155992.72
ITEM0001218,ORD0000622,PROD0013,3,40791.56,10,110137.21
ITEM0001219,ORD0000623,PROD0022,2,13967,15,23743.9
ITEM0001220,ORD0000624,PROD0136,4,2648.04,15,9003.34
ITEM0001221,ORD0000625,PROD0153,2,1769.3,0,3538.6
ITEM0001222,ORD0000626,PROD0065,4,1921.1,0,7684.4
ITEM0001223,ORD0000626,PROD0133,2,3562.22,0,7124.44
ITEM0001224,ORD0000627,PROD0008,1,57369.56,0,57369.56
ITEM0001225,ORD0000627,PROD0091,4,10714.93,0,42859.72
ITEM0001226,ORD0000627,PROD0151,2,350.77,0,701.54
ITEM0001227,ORD0000628,PROD0015,4,67106.58,10,241583.69
ITEM0001228,ORD0000629,PROD0114,2,12529.93,5,23806.87
ITEM0001229,ORD0000630,PROD0127,3,9556.44,10,25802.39
ITEM0001230,ORD0000631,PROD0112,3,885.01,0,2655.03
ITEM0001231,ORD0000631,PROD0110,4,232.06,0,928.24
ITEM0001232,ORD0000631,PROD0022,3,13967,0,41901
ITEM0001233,ORD0000631,PROD0064,2,4156.77,0,8313.54
ITEM0001234,ORD0000632,PROD0041,4,3166.8,5,12033.84
ITEM0001235,ORD0000632,PROD0117,2,6437.22,5,12230.72
ITEM0001236,ORD0000632,PROD0142,4,497.1,5,1888.98
ITEM0001237,ORD0000633,PROD0176,2,975.19,15,1657.82
ITEM0001238,ORD0000634,PROD0159,3,584.29,10,1577.58
ITEM0001239,ORD0000635,PROD0065,1,1921.1,0,1921.1
ITEM0001240,ORD0000636,PROD0094,3,8217.48,5,23419.82
ITEM0001241,ORD0000637,PROD0110,1,232.06,5,220.46
ITEM0001242,ORD0000638,PROD0081,1,3032.39,0,3032.39
ITEM0001243,ORD0000639,PROD0025,2,48796.51,5,92713.37
ITEM0001244,ORD0000640,PROD0067,4,7130.72,10,25670.59
ITEM0001245,ORD0000640,PROD0014,4,7928.83,10,28543.79
ITEM0001246,ORD0000640,PROD0119,1,2991.81,10,2692.63
ITEM0001247,ORD0000641,PROD0078,2,3466.82,0,6933.64
ITEM0001248,ORD0000641,PROD0173,3,8594.8,0,25784.4
ITEM0001249,ORD0000642,PROD0132,1,1160.61,10,1044.55
ITEM0001250,ORD0000642,PROD0015,2,67106.58,10,120791.84
ITEM0001251,ORD0000642,PROD0175,2,6709.6,10,12077.28
ITEM0001252,ORD0000642,PROD0111,3,4186.75,10,11304.22
ITEM0001253,ORD0000642,PROD0194,3,238.12,10,642.92
ITEM0001254,ORD0000643,PROD0049,2,567.72,20,908.35
ITEM0001255,ORD0000643,PROD0091,2,10714.93,20,17143.89
ITEM0001256,ORD0000643,PROD0194,2,238.12,20,380.99
ITEM0001257,ORD0000644,PROD0076,3,1552.25,5,4423.91
ITEM0001258,ORD0000644,PROD0045,3,3914.99,5,11157.72
ITEM0001259,ORD0000645,PROD0110,4,232.06,5,881.83
ITEM0001260,ORD0000646,PROD0182,1,2159.96,15,1835.97
ITEM0001261,ORD0000647,PROD0177,1,5985.15,15,5087.38
ITEM0001262,ORD0000647,PROD0032,2,38426.75,15,65325.48
ITEM0001263,ORD0000647,PROD0051,1,5103.04,15,4337.58
ITEM0001264,ORD0000648,PROD0036,3,68871.11,10,185952
ITEM0001265,ORD0000648,PROD0103,3,2970.53,10,8020.43
ITEM0001266,ORD0000648,PROD0165,2,8926.78,10,16068.2
ITEM0001267,ORD0000649,PROD0113,4,8226.58,10,29615.69
ITEM0001268,ORD0000649,PROD0026,1,40491.32,10,36442.19
ITEM0001269,ORD0000650,PROD0109,2,6201.15,10,11162.07
ITEM0001270,ORD0000650,PROD0163,3,915.73,10,2472.47
ITEM0001271,ORD0000650,PROD0100,4,2072.2,10,7459.92
ITEM0001272,ORD0000650,PROD0104,2,12889.74,10,23201.53
ITEM0001273,ORD0000651,PROD0113,3,8226.58,10,22211.77
ITEM0001274,ORD0000651,PROD0116,1,4368.06,10,3931.25
ITEM0001275,ORD0000651,PROD0121,2,389.01,10,700.22
ITEM0001276,ORD0000652,PROD0056,2,4087.83,20,6540.53
ITEM0001277,ORD0000653,PROD0072,3,1395.26,5,3976.49
ITEM0001278,ORD0000653,PROD0004,4,25591.73,5,97248.57
ITEM0001279,ORD0000654,PROD0001,2,4321.28,25,6481.92
ITEM0001280,ORD0000654,PROD0153,4,1769.3,25,5307.9
ITEM0001281,ORD0000655,PROD0009,1,27237.58,0,27237.58
ITEM0001282,ORD0000655,PROD0121,3,389.01,0,1167.03
ITEM0001283,ORD0000655,PROD0109,3,6201.15,0,18603.45
ITEM0001284,ORD0000655,PROD0019,2,21504.79,0,43009.58
ITEM0001285,ORD0000655,PROD0135,4,1341.78,0,5367.12
ITEM0001286,ORD0000656,PROD0130,2,3062.11,0,6124.22
ITEM0001287,ORD0000657,PROD0175,4,6709.6,25,20128.8
ITEM0001288,ORD0000657,PROD0067,2,7130.72,25,10696.08
ITEM0001289,ORD0000658,PROD0075,2,2702.38,15,4594.05
ITEM0001290,ORD0000658,PROD0063,2,4348.36,15,7392.21
ITEM0001291,ORD0000659,PROD0110,4,232.06,25,696.18
ITEM0001292,ORD0000659,PROD0037,1,56353.69,25,42265.27
ITEM0001293,ORD0000660,PROD0031,3,9586.34,10,25883.12
ITEM0001294,ORD0000661,PROD0198,3,890.11,0,2670.33
ITEM0001295,ORD0000661,PROD0099,3,12519.55,0,37558.65
ITEM0001296,ORD0000662,PROD0157,3,1549.94,0,4649.82
ITEM0001297,ORD0000663,PROD0119,2,2991.81,5,5684.44
ITEM0001298,ORD0000663,PROD0109,2,6201.15,5,11782.18
ITEM0001299,ORD0000663,PROD0001,4,4321.28,5,16420.86
ITEM0001300,ORD0000663,PROD0183,4,4402.38,5,16729.04
ITEM0001301,ORD0000663,PROD0064,3,4156.77,5,11846.79
ITEM0001302,ORD0000664,PROD0028,4,74581.74,10,268494.26
ITEM0001303,ORD0000665,PROD0002,2,50293.82,15,85499.49
ITEM0001304,ORD0000666,PROD0019,3,21504.79,0,64514.37
ITEM0001305,ORD0000666,PROD0031,1,9586.34,0,9586.34
ITEM0001306,ORD0000666,PROD0176,2,975.19,0,1950.38
ITEM0001307,ORD0000666,PROD0088,3,1045.29,0,3135.87
ITEM0001308,ORD0000667,PROD0192,1,867.73,0,867.73
ITEM0001309,ORD0000668,PROD0103,3,2970.53,0,8911.59
ITEM0001310,ORD0000669,PROD0182,3,2159.96,10,5831.89
ITEM0001311,ORD0000669,PROD0106,1,478.86,10,430.97
ITEM0001312,ORD0000669,PROD0092,2,12500.28,10,22500.5
ITEM0001313,ORD0000669,PROD0130,4,3062.11,10,11023.6
ITEM0001314,ORD0000669,PROD0116,1,4368.06,10,3931.25
ITEM0001315,ORD0000670,PROD0112,2,885.01,10,1593.02
ITEM0001316,ORD0000671,PROD0186,2,1358.84,5,2581.8
ITEM0001317,ORD0000671,PROD0180,1,5434.17,5,5162.46
ITEM0001318,ORD0000671,PROD0194,4,238.12,5,904.86
ITEM0001319,ORD0000671,PROD0183,1,4402.38,5,4182.26
ITEM0001320,ORD0000672,PROD0104,1,12889.74,10,11600.77
ITEM0001321,ORD0000673,PROD0099,3,12519.55,10,33802.78
ITEM0001322,ORD0000673,PROD0172,4,1025.46,10,3691.66
ITEM0001323,ORD0000673,PROD0077,2,6124.52,10,11024.14
ITEM0001324,ORD0000674,PROD0186,2,1358.84,0,2717.68
ITEM0001325,ORD0000674,PROD0173,4,8594.8,0,34379.2
ITEM0001326,ORD0000675,PROD0127,2,9556.44,15,16245.95
ITEM0001327,ORD0000675,PROD0167,3,11229.68,15,28635.68
ITEM0001328,ORD0000675,PROD0137,2,782.23,15,1329.79
ITEM0001329,ORD0000676,PROD0136,3,2648.04,0,7944.12
ITEM0001330,ORD0000676,PROD0085,1,6089.41,0,6089.41
ITEM0001331,ORD0000677,PROD0117,4,6437.22,0,25748.88
ITEM0001332,ORD0000678,PROD0009,3,27237.58,0,81712.74
ITEM0001333,ORD0000678,PROD0059,2,3047.56,0,6095.12
ITEM0001334,ORD0000679,PROD0103,4,2970.53,5,11288.01
ITEM0001335,ORD0000680,PROD0087,1,5742.05,10,5167.84
ITEM0001336,ORD0000680,PROD0008,2,57369.56,10,103265.21
ITEM0001337,ORD0000680,PROD0099,1,12519.55,10,11267.6
ITEM0001338,ORD0000681,PROD0163,4,915.73,5,3479.77
ITEM0001339,ORD0000682,PROD0010,4,32892.86,10,118414.3
ITEM0001340,ORD0000682,PROD0077,4,6124.52,10,22048.27
ITEM0001341,ORD0000683,PROD0008,4,57369.56,10,206530.42
ITEM0001342,ORD0000683,PROD0131,1,2976.52,10,2678.87
ITEM0001343,ORD0000683,PROD0174,3,3533.54,10,9540.56
ITEM0001344,ORD0000684,PROD0003,1,49712.42,15,42255.56
ITEM0001345,ORD0000685,PROD0057,4,742.06,5,2819.83
ITEM0001346,ORD0000685,PROD0046,4,6212.04,5,23605.75
ITEM0001347,ORD0000685,PROD0058,2,1179.58,5,2241.2
ITEM0001348,ORD0000685,PROD0100,1,2072.2,5,1968.59
ITEM0001349,ORD0000685,PROD0014,4,7928.83,5,30129.55
ITEM0001350,ORD0000686,PROD0050,1,4918.81,15,4180.99
ITEM0001351,ORD0000686,PROD0155,3,3659.76,15,9332.39
ITEM0001352,ORD0000687,PROD0185,3,9871.56,5,28133.95
ITEM0001353,ORD0000688,PROD0004,4,25591.73,20,81893.54
ITEM0001354,ORD0000688,PROD0002,4,50293.82,20,160940.22
ITEM0001355,ORD0000689,PROD0192,4,867.73,5,3297.37
ITEM0001356,ORD0000689,PROD0024,4,57909.18,5,220054.88
ITEM0001357,ORD0000689,PROD0101,2,1007.74,5,1914.71
ITEM0001358,ORD0000690,PROD0181,2,5765.01,5,10953.52
ITEM0001359,ORD0000690,PROD0051,4,5103.04,5,19391.55
ITEM0001360,ORD0000690,PROD0188,3,1318.66,5,3758.18
ITEM0001361,ORD0000690,PROD0008,4,57369.56,5,218004.33
ITEM0001362,ORD0000690,PROD0063,1,4348.36,5,4130.94
ITEM0001363,ORD0000691,PROD0001,3,4321.28,10,11667.46
ITEM0001364,ORD0000691,PROD0044,4,3912.72,10,14085.79
ITEM0001365,ORD0000691,PROD0065,2,1921.1,10,3457.98
ITEM0001366,ORD0000692,PROD0132,4,1160.61,25,3481.83
ITEM0001367,ORD0000693,PROD0051,2,5103.04,15,8675.17
ITEM0001368,ORD0000693,PROD0081,1,3032.39,15,2577.53
ITEM0001369,ORD0000693,PROD0009,1,27237.58,15,23151.94
ITEM0001370,ORD0000694,PROD0151,1,350.77,10,315.69
ITEM0001371,ORD0000694,PROD0081,2,3032.39,10,5458.3
ITEM0001372,ORD0000694,PROD0158,4,1726.09,10,6213.92
ITEM0001373,ORD0000694,PROD0130,4,3062.11,10,11023.6
ITEM0001374,ORD0000695,PROD0018,1,43707.38,0,43707.38
ITEM0001375,ORD0000695,PROD0052,3,5153.96,0,15461.88
ITEM0001376,ORD0000695,PROD0010,3,32892.86,0,98678.58
ITEM0001377,ORD0000696,PROD0176,4,975.19,10,3510.68
ITEM0001378,ORD0000697,PROD0105,3,8086.41,0,24259.23
ITEM0001379,ORD0000697,PROD0143,3,382.09,0,1146.27
ITEM0001380,ORD0000697,PROD0077,4,6124.52,0,24498.08
ITEM0001381,ORD0000698,PROD0093,4,12429.79,0,49719.16
ITEM0001382,ORD0000699,PROD0006,3,69356.89,10,187263.6
ITEM0001383,ORD0000699,PROD0020,1,47540.26,10,42786.23
ITEM0001384,ORD0000699,PROD0040,1,63017.33,10,56715.6
ITEM0001385,ORD0000699,PROD0100,1,2072.2,10,1864.98
ITEM0001386,ORD0000700,PROD0152,4,1817.42,0,7269.68
ITEM0001387,ORD0000701,PROD0192,2,867.73,0,1735.46
ITEM0001388,ORD0000702,PROD0199,2,1292.33,5,2455.43
ITEM0001389,ORD0000702,PROD0192,4,867.73,5,3297.37
ITEM0001390,ORD0000702,PROD0081,4,3032.39,5,11523.08
ITEM0001391,ORD0000702,PROD0138,3,1511.7,5,4308.34
ITEM0001392,ORD0000703,PROD0147,3,3374.12,0,10122.36
ITEM0001393,ORD0000703,PROD0022,4,13967,0,55868
ITEM0001394,ORD0000703,PROD0019,1,21504.79,0,21504.79
ITEM0001395,ORD0000703,PROD0051,2,5103.04,0,10206.08
ITEM0001396,ORD0000703,PROD0014,1,7928.83,0,7928.83
ITEM0001397,ORD0000704,PROD0106,2,478.86,10,861.95
ITEM0001398,ORD0000704,PROD0186,3,1358.84,10,3668.87
ITEM0001399,ORD0000704,PROD0041,3,3166.8,10,8550.36
ITEM0001400,ORD0000704,PROD0185,4,9871.56,10,35537.62
ITEM0001401,ORD0000705,PROD0101,4,1007.74,10,3627.86
ITEM0001402,ORD0000705,PROD0179,4,11478.91,10,41324.08
ITEM0001403,ORD0000706,PROD0199,1,1292.33,15,1098.48
ITEM0001404,ORD0000707,PROD0186,1,1358.84,5,1290.9
ITEM0001405,ORD0000707,PROD0067,4,7130.72,5,27096.74
ITEM0001406,ORD0000707,PROD0181,1,5765.01,5,5476.76
ITEM0001407,ORD0000708,PROD0197,4,490.98,15,1669.33
ITEM0001408,ORD0000708,PROD0014,2,7928.83,15,13479.01
ITEM0001409,ORD0000709,PROD0194,2,238.12,5,452.43
ITEM0001410,ORD0000709,PROD0105,3,8086.41,5,23046.27
ITEM0001411,ORD0000710,PROD0014,3,7928.83,0,23786.49
ITEM0001412,ORD0000711,PROD0040,2,63017.33,5,119732.93
ITEM0001413,ORD0000711,PROD0007,2,27829.19,5,52875.46
ITEM0001414,ORD0000712,PROD0156,1,366.5,5,348.18
ITEM0001415,ORD0000713,PROD0181,2,5765.01,0,11530.02
ITEM0001416,ORD0000714,PROD0147,2,3374.12,0,6748.24
ITEM0001417,ORD0000714,PROD0084,1,784.26,0,784.26
ITEM0001418,ORD0000715,PROD0007,1,27829.19,10,25046.27
ITEM0001419,ORD0000715,PROD0063,4,4348.36,10,15654.1
ITEM0001420,ORD0000715,PROD0147,3,3374.12,10,9110.12
ITEM0001421,ORD0000716,PROD0164,4,3543.37,15,12047.46
ITEM0001422,ORD0000717,PROD0091,4,10714.93,10,38573.75
ITEM0001423,ORD0000717,PROD0020,4,47540.26,10,171144.94
ITEM0001424,ORD0000718,PROD0197,4,490.98,5,1865.72
ITEM0001425,ORD0000719,PROD0062,3,1138.67,5,3245.21
ITEM0001426,ORD0000719,PROD0028,2,74581.74,5,141705.31
ITEM0001427,ORD0000719,PROD0049,3,567.72,5,1618
ITEM0001428,ORD0000719,PROD0163,1,915.73,5,869.94
ITEM0001429,ORD0000720,PROD0079,1,3868.77,0,3868.77
ITEM0001430,ORD0000721,PROD0017,3,8120.73,5,23144.08
ITEM0001431,ORD0000721,PROD0002,1,50293.82,5,47779.13
ITEM0001432,ORD0000722,PROD0157,1,1549.94,5,1472.44
ITEM0001433,ORD0000722,PROD0014,2,7928.83,5,15064.78
ITEM0001434,ORD0000723,PROD0097,3,7278.34,10,19651.52
ITEM0001435,ORD0000724,PROD0133,4,3562.22,5,13536.44
ITEM0001436,ORD0000725,PROD0148,2,2543.16,0,5086.32
ITEM0001437,ORD0000725,PROD0191,1,1435.77,0,1435.77
ITEM0001438,ORD0000725,PROD0029,2,50556.2,0,101112.4
ITEM0001439,ORD0000725,PROD0062,3,1138.67,0,3416.01
ITEM0001440,ORD0000726,PROD0118,3,10931.14,0,32793.42
ITEM0001441,ORD0000726,PROD0060,3,3327.41,0,9982.23
ITEM0001442,ORD0000727,PROD0153,2,1769.3,0,3538.6
ITEM0001443,ORD0000728,PROD0011,2,58607.44,5,111354.14
ITEM0001444,ORD0000728,PROD0053,4,5844.47,5,22208.99
ITEM0001445,ORD0000728,PROD0066,2,2108.12,5,4005.43
ITEM0001446,ORD0000728,PROD0056,2,4087.83,5,7766.88
ITEM0001447,ORD0000728,PROD0044,3,3912.72,5,11151.25
ITEM0001448,ORD0000729,PROD0121,1,389.01,15,330.66
ITEM0001449,ORD0000729,PROD0053,3,5844.47,15,14903.4
ITEM0001450,ORD0000730,PROD0164,3,3543.37,0,10630.11
ITEM0001451,ORD0000731,PROD0097,3,7278.34,5,20743.27
ITEM0001452,ORD0000731,PROD0158,3,1726.09,5,4919.36
ITEM0001453,ORD0000731,PROD0147,2,3374.12,5,6410.83
ITEM0001454,ORD0000731,PROD0039,1,66174.82,5,62866.08
ITEM0001455,ORD0000732,PROD0092,2,12500.28,20,20000.45
ITEM0001456,ORD0000732,PROD0183,2,4402.38,20,7043.81
ITEM0001457,ORD0000732,PROD0004,4,25591.73,20,81893.54
ITEM0001458,ORD0000732,PROD0104,4,12889.74,20,41247.17
ITEM0001459,ORD0000732,PROD0018,4,43707.38,20,139863.62
ITEM0001460,ORD0000733,PROD0083,3,1974.27,10,5330.53
ITEM0001461,ORD0000734,PROD0003,4,49712.42,0,198849.68
ITEM0001462,ORD0000735,PROD0105,1,8086.41,15,6873.45
ITEM0001463,ORD0000735,PROD0182,1,2159.96,15,1835.97
ITEM0001464,ORD0000735,PROD0082,4,2605.78,15,8859.65
ITEM0001465,ORD0000736,PROD0002,4,50293.82,5,191116.52
ITEM0001466,ORD0000736,PROD0117,3,6437.22,5,18346.08
ITEM0001467,ORD0000736,PROD0107,4,5093.26,5,19354.39
ITEM0001468,ORD0000737,PROD0171,4,9896.61,0,39586.44
ITEM0001469,ORD0000737,PROD0099,3,12519.55,0,37558.65
ITEM0001470,ORD0000737,PROD0137,2,782.23,0,1564.46
ITEM0001471,ORD0000738,PROD0044,1,3912.72,0,3912.72
ITEM0001472,ORD0000738,PROD0107,4,5093.26,0,20373.04
ITEM0001473,ORD0000739,PROD0105,2,8086.41,0,16172.82
ITEM0001474,ORD0000740,PROD0087,2,5742.05,15,9761.48
ITEM0001475,ORD0000740,PROD0129,2,838.52,15,1425.48
ITEM0001476,ORD0000741,PROD0014,1,7928.83,0,7928.83
ITEM0001477,ORD0000741,PROD0171,4,9896.61,0,39586.44
ITEM0001478,ORD0000742,PROD0164,2,3543.37,5,6732.4
ITEM0001479,ORD0000742,PROD0059,4,3047.56,5,11580.73
ITEM0001480,ORD0000742,PROD0119,2,2991.81,5,5684.44
ITEM0001481,ORD0000742,PROD0145,4,3126.57,5,11880.97
ITEM0001482,ORD0000742,PROD0093,4,12429.79,5,47233.2
ITEM0001483,ORD0000743,PROD0031,2,9586.34,5,18214.05
ITEM0001484,ORD0000743,PROD0178,4,1834.02,5,6969.28
ITEM0001485,ORD0000743,PROD0010,4,32892.86,5,124992.87
ITEM0001486,ORD0000744,PROD0160,3,756.75,15,1929.71
ITEM0001487,ORD0000744,PROD0006,1,69356.89,15,58953.36
ITEM0001488,ORD0000745,PROD0175,1,6709.6,0,6709.6
ITEM0001489,ORD0000745,PROD0163,4,915.73,0,3662.92
ITEM0001490,ORD0000745,PROD0044,3,3912.72,0,11738.16
ITEM0001491,ORD0000746,PROD0037,2,56353.69,0,112707.38
ITEM0001492,ORD0000746,PROD0005,3,40289.58,0,120868.74
ITEM0001493,ORD0000747,PROD0075,4,2702.38,10,9728.57
ITEM0001494,ORD0000747,PROD0092,4,12500.28,10,45001.01
ITEM0001495,ORD0000748,PROD0094,2,8217.48,0,16434.96
ITEM0001496,ORD0000748,PROD0137,4,782.23,0,3128.92
ITEM0001497,ORD0000748,PROD0145,4,3126.57,0,12506.28
ITEM0001498,ORD0000748,PROD0103,1,2970.53,0,2970.53
ITEM0001499,ORD0000749,PROD0199,1,1292.33,15,1098.48
ITEM0001500,ORD0000749,PROD0053,3,5844.47,15,14903.4
ITEM0001501,ORD0000750,PROD0166,4,8733.51,5,33187.34
ITEM0001502,ORD0000751,PROD0009,2,27237.58,10,49027.64
ITEM0001503,ORD0000752,PROD0169,4,3385.13,0,13540.52
ITEM0001504,ORD0000753,PROD0155,1,3659.76,5,3476.77
ITEM0001505,ORD0000753,PROD0146,1,4641.78,5,4409.69
ITEM0001506,ORD0000754,PROD0166,3,8733.51,0,26200.53
ITEM0001507,ORD0000755,PROD0037,1,56353.69,5,53536.01
ITEM0001508,ORD0000756,PROD0012,3,33141.38,10,89481.73
ITEM0001509,ORD0000756,PROD0078,3,3466.82,10,9360.41
ITEM0001510,ORD0000757,PROD0004,1,25591.73,15,21752.97
ITEM0001511,ORD0000757,PROD0186,2,1358.84,15,2310.03
ITEM0001512,ORD0000758,PROD0199,2,1292.33,5,2455.43
ITEM0001513,ORD0000758,PROD0027,2,27299.16,5,51868.4
ITEM0001514,ORD0000759,PROD0003,4,49712.42,5,188907.2
ITEM0001515,ORD0000759,PROD0029,4,50556.2,5,192113.56
ITEM0001516,ORD0000760,PROD0010,4,32892.86,0,131571.44
ITEM0001517,ORD0000761,PROD0058,3,1179.58,0,3538.74
ITEM0001518,ORD0000761,PROD0027,2,27299.16,0,54598.32
ITEM0001519,ORD0000762,PROD0001,2,4321.28,20,6914.05
ITEM0001520,ORD0000763,PROD0091,1,10714.93,0,10714.93
ITEM0001521,ORD0000763,PROD0110,4,232.06,0,928.24
ITEM0001522,ORD0000764,PROD0135,4,1341.78,10,4830.41
ITEM0001523,ORD0000764,PROD0182,1,2159.96,10,1943.96
ITEM0001524,ORD0000765,PROD0049,2,567.72,5,1078.67
ITEM0001525,ORD0000765,PROD0152,4,1817.42,5,6906.2
ITEM0001526,ORD0000766,PROD0064,2,4156.77,20,6650.83
ITEM0001527,ORD0000767,PROD0118,1,10931.14,5,10384.58
ITEM0001528,ORD0000767,PROD0138,3,1511.7,5,4308.34
ITEM0001529,ORD0000768,PROD0153,2,1769.3,0,3538.6
ITEM0001530,ORD0000769,PROD0135,3,1341.78,10,3622.81
ITEM0001531,ORD0000769,PROD0025,3,48796.51,10,131750.58
ITEM0001532,ORD0000769,PROD0144,1,905.61,10,815.05
ITEM0001533,ORD0000769,PROD0053,2,5844.47,10,10520.05
ITEM0001534,ORD0000769,PROD0071,3,3890.52,10,10504.4
ITEM0001535,ORD0000770,PROD0090,4,859.29,25,2577.87
ITEM0001536,ORD0000770,PROD0165,1,8926.78,25,6695.09
ITEM0001537,ORD0000770,PROD0014,1,7928.83,25,5946.62
ITEM0001538,ORD0000771,PROD0121,2,389.01,15,661.32
ITEM0001539,ORD0000772,PROD0196,2,783.44,5,1488.54
ITEM0001540,ORD0000773,PROD0127,1,9556.44,5,9078.62
ITEM0001541,ORD0000773,PROD0168,1,3183.64,5,3024.46
ITEM0001542,ORD0000774,PROD0045,3,3914.99,5,11157.72
ITEM0001543,ORD0000774,PROD0146,4,4641.78,5,17638.76
ITEM0001544,ORD0000775,PROD0095,1,5158.31,15,4384.56
ITEM0001545,ORD0000776,PROD0192,1,867.73,0,867.73
ITEM0001546,ORD0000776,PROD0176,1,975.19,0,975.19
ITEM0001547,ORD0000777,PROD0162,4,1300.66,0,5202.64
ITEM0001548,ORD0000778,PROD0106,4,478.86,5,1819.67
ITEM0001549,ORD0000779,PROD0110,3,232.06,5,661.37
ITEM0001550,ORD0000779,PROD0103,4,2970.53,5,11288.01
ITEM0001551,ORD0000780,PROD0118,3,10931.14,25,24595.06
ITEM0001552,ORD0000780,PROD0094,4,8217.48,25,24652.44
ITEM0001553,ORD0000781,PROD0075,1,2702.38,5,2567.26
ITEM0001554,ORD0000781,PROD0186,2,1358.84,5,2581.8
ITEM0001555,ORD0000781,PROD0194,3,238.12,5,678.64
ITEM0001556,ORD0000782,PROD0055,3,3434.95,25,7728.64
ITEM0001557,ORD0000782,PROD0064,4,4156.77,25,12470.31
ITEM0001558,ORD0000783,PROD0017,2,8120.73,20,12993.17
ITEM0001559,ORD0000783,PROD0138,1,1511.7,20,1209.36
ITEM0001560,ORD0000783,PROD0026,1,40491.32,20,32393.06
ITEM0001561,ORD0000784,PROD0067,4,7130.72,0,28522.88
ITEM0001562,ORD0000784,PROD0175,3,6709.6,0,20128.8
ITEM0001563,ORD0000785,PROD0199,2,1292.33,0,2584.66
ITEM0001564,ORD0000785,PROD0025,3,48796.51,0,146389.53
ITEM0001565,ORD0000785,PROD0176,4,975.19,0,3900.76
ITEM0001566,ORD0000786,PROD0046,1,6212.04,15,5280.23
ITEM0001567,ORD0000786,PROD0192,4,867.73,15,2950.28
ITEM0001568,ORD0000787,PROD0193,1,628.8,15,534.48
ITEM0001569,ORD0000788,PROD0200,4,540.59,0,2162.36
ITEM0001570,ORD0000789,PROD0183,4,4402.38,0,17609.52
ITEM0001571,ORD0000790,PROD0113,4,8226.58,0,32906.32
ITEM0001572,ORD0000791,PROD0176,2,975.19,0,1950.38
ITEM0001573,ORD0000791,PROD0167,1,11229.68,0,11229.68
ITEM0001574,ORD0000792,PROD0049,3,567.72,0,1703.16
ITEM0001575,ORD0000793,PROD0131,4,2976.52,0,11906.08
ITEM0001576,ORD0000794,PROD0135,4,1341.78,0,5367.12
ITEM0001577,ORD0000794,PROD0104,1,12889.74,0,12889.74
ITEM0001578,ORD0000794,PROD0062,1,1138.67,0,1138.67
ITEM0001579,ORD0000795,PROD0052,3,5153.96,0,15461.88
ITEM0001580,ORD0000796,PROD0007,3,27829.19,15,70964.43
ITEM0001581,ORD0000796,PROD0117,3,6437.22,15,16414.91
ITEM0001582,ORD0000796,PROD0010,4,32892.86,15,111835.72
ITEM0001583,ORD0000796,PROD0005,1,40289.58,15,34246.14
ITEM0001584,ORD0000797,PROD0105,2,8086.41,0,16172.82
ITEM0001585,ORD0000798,PROD0118,4,10931.14,15,37165.88
ITEM0001586,ORD0000799,PROD0169,3,3385.13,5,9647.62
ITEM0001587,ORD0000799,PROD0081,4,3032.39,5,11523.08
ITEM0001588,ORD0000800,PROD0165,3,8926.78,15,22763.29
ITEM0001589,ORD0000801,PROD0006,4,69356.89,10,249684.8
ITEM0001590,ORD0000802,PROD0023,1,1503.94,0,1503.94
ITEM0001591,ORD0000802,PROD0114,4,12529.93,0,50119.72
ITEM0001592,ORD0000803,PROD0197,3,490.98,0,1472.94
ITEM0001593,ORD0000804,PROD0032,1,38426.75,0,38426.75
ITEM0001594,ORD0000804,PROD0152,4,1817.42,0,7269.68
ITEM0001595,ORD0000805,PROD0151,3,350.77,10,947.08
ITEM0001596,ORD0000805,PROD0191,2,1435.77,10,2584.39
ITEM0001597,ORD0000806,PROD0036,1,68871.11,10,61984
ITEM0001598,ORD0000807,PROD0094,2,8217.48,10,14791.46
ITEM0001599,ORD0000807,PROD0059,3,3047.56,10,8228.41
ITEM0001600,ORD0000808,PROD0081,1,3032.39,0,3032.39
ITEM0001601,ORD0000808,PROD0131,2,2976.52,0,5953.04
ITEM0001602,ORD0000808,PROD0142,1,497.1,0,497.1
ITEM0001603,ORD0000809,PROD0166,1,8733.51,20,6986.81
ITEM0001604,ORD0000809,PROD0002,3,50293.82,20,120705.17
ITEM0001605,ORD0000809,PROD0050,4,4918.81,20,15740.19
ITEM0001606,ORD0000809,PROD0090,3,859.29,20,2062.3
ITEM0001607,ORD0000810,PROD0072,1,1395.26,0,1395.26
ITEM0001608,ORD0000811,PROD0178,2,1834.02,0,3668.04
ITEM0001609,ORD0000812,PROD0051,4,5103.04,0,20412.16
ITEM0001610,ORD0000813,PROD0005,3,40289.58,10,108781.87
ITEM0001611,ORD0000814,PROD0118,1,10931.14,5,10384.58
ITEM0001612,ORD0000814,PROD0037,4,56353.69,5,214144.02
ITEM0001613,ORD0000815,PROD0012,2,33141.38,25,49712.07
ITEM0001614,ORD0000816,PROD0075,4,2702.38,15,9188.09
ITEM0001615,ORD0000817,PROD0088,4,1045.29,0,4181.16
ITEM0001616,ORD0000817,PROD0058,4,1179.58,0,4718.32
ITEM0001617,ORD0000817,PROD0016,1,43331.31,0,43331.31
ITEM0001618,ORD0000817,PROD0093,3,12429.79,0,37289.37
ITEM0001619,ORD0000818,PROD0064,4,4156.77,5,15795.73
ITEM0001620,ORD0000818,PROD0152,4,1817.42,5,6906.2
ITEM0001621,ORD0000818,PROD0171,1,9896.61,5,9401.78
ITEM0001622,ORD0000818,PROD0146,1,4641.78,5,4409.69
ITEM0001623,ORD0000819,PROD0046,2,6212.04,10,11181.67
ITEM0001624,ORD0000819,PROD0169,2,3385.13,10,6093.23
ITEM0001625,ORD0000820,PROD0080,2,2405.82,20,3849.31
ITEM0001626,ORD0000820,PROD0009,2,27237.58,20,43580.13
ITEM0001627,ORD0000820,PROD0097,3,7278.34,20,17468.02
ITEM0001628,ORD0000820,PROD0141,3,1560.51,20,3745.22
ITEM0001629,ORD0000821,PROD0165,3,8926.78,0,26780.34
ITEM0001630,ORD0000821,PROD0167,1,11229.68,0,11229.68
ITEM0001631,ORD0000821,PROD0143,1,382.09,0,382.09
ITEM0001632,ORD0000822,PROD0096,4,11526.42,0,46105.68
ITEM0001633,ORD0000823,PROD0004,1,25591.73,10,23032.56
ITEM0001634,ORD0000823,PROD0002,4,50293.82,10,181057.75
ITEM0001635,ORD0000824,PROD0057,2,742.06,10,1335.71
ITEM0001636,ORD0000825,PROD0180,2,5434.17,0,10868.34
ITEM0001637,ORD0000826,PROD0007,4,27829.19,0,111316.76
ITEM0001638,ORD0000826,PROD0168,2,3183.64,0,6367.28
ITEM0001639,ORD0000827,PROD0192,2,867.73,5,1648.69
ITEM0001640,ORD0000827,PROD0182,3,2159.96,5,6155.89
ITEM0001641,ORD0000828,PROD0183,2,4402.38,10,7924.28
ITEM0001642,ORD0000828,PROD0108,3,8722.77,10,23551.48
ITEM0001643,ORD0000828,PROD0156,1,366.5,10,329.85
ITEM0001644,ORD0000829,PROD0066,2,2108.12,5,4005.43
ITEM0001645,ORD0000830,PROD0025,3,48796.51,20,117111.62
ITEM0001646,ORD0000830,PROD0112,4,885.01,20,2832.03
ITEM0001647,ORD0000830,PROD0194,3,238.12,20,571.49
ITEM0001648,ORD0000831,PROD0108,1,8722.77,10,7850.49
ITEM0001649,ORD0000831,PROD0075,4,2702.38,10,9728.57
ITEM0001650,ORD0000832,PROD0105,2,8086.41,10,14555.54
ITEM0001651,ORD0000832,PROD0117,1,6437.22,10,5793.5
ITEM0001652,ORD0000832,PROD0009,2,27237.58,10,49027.64
ITEM0001653,ORD0000833,PROD0058,3,1179.58,10,3184.87
ITEM0001654,ORD0000834,PROD0137,4,782.23,10,2816.03
ITEM0001655,ORD0000835,PROD0183,3,4402.38,5,12546.78
ITEM0001656,ORD0000836,PROD0171,2,9896.61,20,15834.58
ITEM0001657,ORD0000837,PROD0151,4,350.77,0,1403.08
ITEM0001658,ORD0000838,PROD0059,4,3047.56,15,10361.7
ITEM0001659,ORD0000839,PROD0098,1,10950.31,0,10950.31
ITEM0001660,ORD0000839,PROD0198,2,890.11,0,1780.22
ITEM0001661,ORD0000839,PROD0103,1,2970.53,0,2970.53
ITEM0001662,ORD0000840,PROD0117,2,6437.22,0,12874.44
ITEM0001663,ORD0000841,PROD0191,3,1435.77,5,4091.94
ITEM0001664,ORD0000842,PROD0088,4,1045.29,15,3553.99
ITEM0001665,ORD0000843,PROD0191,1,1435.77,0,1435.77
ITEM0001666,ORD0000844,PROD0107,2,5093.26,10,9167.87
ITEM0001667,ORD0000844,PROD0115,3,11862.11,10,32027.7
ITEM0001668,ORD0000845,PROD0179,4,11478.91,0,45915.64
ITEM0001669,ORD0000845,PROD0040,4,63017.33,0,252069.32
ITEM0001670,ORD0000846,PROD0115,4,11862.11,5,45076.02
ITEM0001671,ORD0000846,PROD0197,1,490.98,5,466.43
ITEM0001672,ORD0000847,PROD0013,4,40791.56,5,155007.93
ITEM0001673,ORD0000847,PROD0156,3,366.5,5,1044.52
ITEM0001674,ORD0000847,PROD0153,4,1769.3,5,6723.34
ITEM0001675,ORD0000847,PROD0185,4,9871.56,5,37511.93
ITEM0001676,ORD0000848,PROD0032,3,38426.75,0,115280.25
ITEM0001677,ORD0000848,PROD0110,1,232.06,0,232.06
ITEM0001678,ORD0000849,PROD0130,3,3062.11,0,9186.33
ITEM0001679,ORD0000850,PROD0013,2,40791.56,0,81583.12
ITEM0001680,ORD0000850,PROD0193,3,628.8,0,1886.4
ITEM0001681,ORD0000850,PROD0148,4,2543.16,0,10172.64
ITEM0001682,ORD0000851,PROD0148,2,2543.16,15,4323.37
ITEM0001683,ORD0000851,PROD0194,3,238.12,15,607.21
ITEM0001684,ORD0000851,PROD0159,4,584.29,15,1986.59
ITEM0001685,ORD0000851,PROD0033,3,34304.44,15,87476.32
ITEM0001686,ORD0000852,PROD0177,2,5985.15,0,11970.3
ITEM0001687,ORD0000852,PROD0039,1,66174.82,0,66174.82
ITEM0001688,ORD0000853,PROD0182,2,2159.96,5,4103.92
ITEM0001689,ORD0000853,PROD0200,1,540.59,5,513.56
ITEM0001690,ORD0000853,PROD0061,3,1507.1,5,4295.23
ITEM0001691,ORD0000854,PROD0016,2,43331.31,5,82329.49
ITEM0001692,ORD0000855,PROD0078,4,3466.82,20,11093.82
ITEM0001693,ORD0000856,PROD0143,1,382.09,10,343.88
ITEM0001694,ORD0000857,PROD0085,1,6089.41,10,5480.47
ITEM0001695,ORD0000858,PROD0087,3,5742.05,0,17226.15
ITEM0001696,ORD0000859,PROD0078,4,3466.82,5,13173.92
ITEM0001697,ORD0000860,PROD0121,4,389.01,10,1400.44
ITEM0001698,ORD0000860,PROD0075,3,2702.38,10,7296.43
ITEM0001699,ORD0000860,PROD0030,2,745.3,10,1341.54
ITEM0001700,ORD0000860,PROD0154,1,1821.18,10,1639.06
ITEM0001701,ORD0000860,PROD0157,3,1549.94,10,4184.84
ITEM0001702,ORD0000861,PROD0164,3,3543.37,15,9035.59
ITEM0001703,ORD0000861,PROD0145,2,3126.57,15,5315.17
ITEM0001704,ORD0000861,PROD0181,3,5765.01,15,14700.78
ITEM0001705,ORD0000862,PROD0159,2,584.29,5,1110.15
ITEM0001706,ORD0000862,PROD0179,4,11478.91,5,43619.86
ITEM0001707,ORD0000862,PROD0189,1,897.95,5,853.05
ITEM0001708,ORD0000862,PROD0176,4,975.19,5,3705.72
ITEM0001709,ORD0000863,PROD0054,3,7111.73,15,18134.91
ITEM0001710,ORD0000863,PROD0023,2,1503.94,15,2556.7
ITEM0001711,ORD0000863,PROD0066,3,2108.12,15,5375.71
ITEM0001712,ORD0000864,PROD0147,1,3374.12,10,3036.71
ITEM0001713,ORD0000864,PROD0196,4,783.44,10,2820.38
ITEM0001714,ORD0000864,PROD0152,4,1817.42,10,6542.71
ITEM0001715,ORD0000865,PROD0101,3,1007.74,5,2872.06
ITEM0001716,ORD0000865,PROD0061,1,1507.1,5,1431.74
ITEM0001717,ORD0000866,PROD0194,1,238.12,0,238.12
ITEM0001718,ORD0000866,PROD0097,3,7278.34,0,21835.02
ITEM0001719,ORD0000867,PROD0111,4,4186.75,0,16747
ITEM0001720,ORD0000867,PROD0159,3,584.29,0,1752.87
ITEM0001721,ORD0000868,PROD0186,3,1358.84,0,4076.52
ITEM0001722,ORD0000869,PROD0129,2,838.52,5,1593.19
ITEM0001723,ORD0000869,PROD0165,3,8926.78,5,25441.32
ITEM0001724,ORD0000870,PROD0113,2,8226.58,0,16453.16
ITEM0001725,ORD0000870,PROD0196,2,783.44,0,1566.88
ITEM0001726,ORD0000871,PROD0042,2,1233.59,0,2467.18
ITEM0001727,ORD0000872,PROD0110,4,232.06,0,928.24
ITEM0001728,ORD0000872,PROD0052,4,5153.96,0,20615.84
ITEM0001729,ORD0000872,PROD0040,2,63017.33,0,126034.66
ITEM0001730,ORD0000873,PROD0039,2,66174.82,0,132349.64
ITEM0001731,ORD0000874,PROD0166,1,8733.51,5,8296.83
ITEM0001732,ORD0000875,PROD0131,4,2976.52,15,10120.17
ITEM0001733,ORD0000875,PROD0181,1,5765.01,15,4900.26
ITEM0001734,ORD0000875,PROD0038,1,15904.21,15,13518.58
ITEM0001735,ORD0000875,PROD0158,2,1726.09,15,2934.35
ITEM0001736,ORD0000876,PROD0008,3,57369.56,15,146292.38
ITEM0001737,ORD0000877,PROD0195,3,437.39,5,1246.56
ITEM0001738,ORD0000877,PROD0115,3,11862.11,5,33807.01
ITEM0001739,ORD0000877,PROD0108,1,8722.77,5,8286.63
ITEM0001740,ORD0000877,PROD0027,2,27299.16,5,51868.4
ITEM0001741,ORD0000878,PROD0160,1,756.75,5,718.91
ITEM0001742,ORD0000879,PROD0184,4,11703.06,5,44471.63
ITEM0001743,ORD0000880,PROD0194,4,238.12,5,904.86
ITEM0001744,ORD0000881,PROD0011,1,58607.44,0,58607.44
ITEM0001745,ORD0000881,PROD0092,3,12500.28,0,37500.84
ITEM0001746,ORD0000881,PROD0022,1,13967,0,13967
ITEM0001747,ORD0000882,PROD0095,3,5158.31,0,15474.93
ITEM0001748,ORD0000882,PROD0161,2,3119.91,0,6239.82
ITEM0001749,ORD0000882,PROD0072,2,1395.26,0,2790.52
ITEM0001750,ORD0000883,PROD0066,4,2108.12,0,8432.48
ITEM0001751,ORD0000884,PROD0075,3,2702.38,10,7296.43
ITEM0001752,ORD0000885,PROD0003,4,49712.42,10,178964.71
ITEM0001753,ORD0000885,PROD0081,4,3032.39,10,10916.6
ITEM0001754,ORD0000886,PROD0091,1,10714.93,0,10714.93
ITEM0001755,ORD0000886,PROD0093,4,12429.79,0,49719.16
ITEM0001756,ORD0000887,PROD0081,4,3032.39,10,10916.6
ITEM0001757,ORD0000887,PROD0191,1,1435.77,10,1292.19
ITEM0001758,ORD0000888,PROD0049,4,567.72,0,2270.88
ITEM0001759,ORD0000889,PROD0112,3,885.01,5,2522.28
ITEM0001760,ORD0000890,PROD0096,1,11526.42,20,9221.14
ITEM0001761,ORD0000890,PROD0131,4,2976.52,20,9524.86
ITEM0001762,ORD0000890,PROD0185,4,9871.56,20,31588.99
ITEM0001763,ORD0000891,PROD0033,4,34304.44,15,116635.1
ITEM0001764,ORD0000892,PROD0179,2,11478.91,0,22957.82
ITEM0001765,ORD0000893,PROD0130,3,3062.11,15,7808.38
ITEM0001766,ORD0000894,PROD0183,3,4402.38,15,11226.07
ITEM0001767,ORD0000895,PROD0012,2,33141.38,5,62968.62
ITEM0001768,ORD0000895,PROD0052,4,5153.96,5,19585.05
ITEM0001769,ORD0000895,PROD0195,3,437.39,5,1246.56
ITEM0001770,ORD0000895,PROD0094,4,8217.48,5,31226.42
ITEM0001771,ORD0000896,PROD0033,3,34304.44,10,92621.99
ITEM0001772,ORD0000897,PROD0067,4,7130.72,20,22818.3
ITEM0001773,ORD0000897,PROD0028,3,74581.74,20,178996.18
ITEM0001774,ORD0000898,PROD0119,3,2991.81,5,8526.66
ITEM0001775,ORD0000898,PROD0064,4,4156.77,5,15795.73
ITEM0001776,ORD0000898,PROD0159,1,584.29,5,555.08
ITEM0001777,ORD0000898,PROD0166,3,8733.51,5,24890.5
ITEM0001778,ORD0000899,PROD0180,3,5434.17,0,16302.51
ITEM0001779,ORD0000900,PROD0065,1,1921.1,5,1825.04
ITEM0001780,ORD0000900,PROD0003,3,49712.42,5,141680.4
ITEM0001781,ORD0000901,PROD0117,2,6437.22,5,12230.72
ITEM0001782,ORD0000901,PROD0027,1,27299.16,5,25934.2
ITEM0001783,ORD0000902,PROD0098,2,10950.31,0,21900.62
ITEM0001784,ORD0000902,PROD0157,3,1549.94,0,4649.82
ITEM0001785,ORD0000902,PROD0040,1,63017.33,0,63017.33
ITEM0001786,ORD0000902,PROD0099,3,12519.55,0,37558.65
ITEM0001787,ORD0000902,PROD0158,1,1726.09,0,1726.09
ITEM0001788,ORD0000903,PROD0060,1,3327.41,5,3161.04
ITEM0001789,ORD0000904,PROD0039,1,66174.82,10,59557.34
ITEM0001790,ORD0000905,PROD0137,2,782.23,20,1251.57
ITEM0001791,ORD0000905,PROD0073,1,346.89,20,277.51
ITEM0001792,ORD0000906,PROD0179,3,11478.91,20,27549.38
ITEM0001793,ORD0000906,PROD0103,4,2970.53,20,9505.7
ITEM0001794,ORD0000907,PROD0060,4,3327.41,5,12644.16
ITEM0001795,ORD0000907,PROD0098,4,10950.31,5,41611.18
ITEM0001796,ORD0000907,PROD0066,2,2108.12,5,4005.43
ITEM0001797,ORD0000907,PROD0036,2,68871.11,5,130855.11
ITEM0001798,ORD0000908,PROD0168,3,3183.64,10,8595.83
ITEM0001799,ORD0000908,PROD0043,1,5274.26,10,4746.83
ITEM0001800,ORD0000909,PROD0193,4,628.8,0,2515.2
ITEM0001801,ORD0000910,PROD0168,1,3183.64,0,3183.64
ITEM0001802,ORD0000910,PROD0097,3,7278.34,0,21835.02
ITEM0001803,ORD0000911,PROD0181,4,5765.01,20,18448.03
ITEM0001804,ORD0000911,PROD0148,1,2543.16,20,2034.53
ITEM0001805,ORD0000912,PROD0055,2,3434.95,15,5839.42
ITEM0001806,ORD0000912,PROD0182,2,2159.96,15,3671.93
ITEM0001807,ORD0000912,PROD0019,4,21504.79,15,73116.29
ITEM0001808,ORD0000913,PROD0109,1,6201.15,0,6201.15
ITEM0001809,ORD0000914,PROD0177,3,5985.15,0,17955.45
ITEM0001810,ORD0000914,PROD0148,3,2543.16,0,7629.48
ITEM0001811,ORD0000914,PROD0155,1,3659.76,0,3659.76
ITEM0001812,ORD0000915,PROD0118,3,10931.14,15,27874.41
ITEM0001813,ORD0000916,PROD0083,2,1974.27,10,3553.69
ITEM0001814,ORD0000916,PROD0097,4,7278.34,10,26202.02
ITEM0001815,ORD0000917,PROD0199,2,1292.33,10,2326.19
ITEM0001816,ORD0000917,PROD0053,2,5844.47,10,10520.05
ITEM0001817,ORD0000917,PROD0113,1,8226.58,10,7403.92
ITEM0001818,ORD0000917,PROD0142,2,497.1,10,894.78
ITEM0001819,ORD0000917,PROD0177,3,5985.15,10,16159.9
ITEM0001820,ORD0000918,PROD0033,1,34304.44,0,34304.44
ITEM0001821,ORD0000919,PROD0016,2,43331.31,0,86662.62
ITEM0001822,ORD0000919,PROD0155,4,3659.76,0,14639.04
ITEM0001823,ORD0000920,PROD0161,4,3119.91,15,10607.69
ITEM0001824,ORD0000921,PROD0133,4,3562.22,15,12111.55
ITEM0001825,ORD0000921,PROD0163,1,915.73,15,778.37
ITEM0001826,ORD0000922,PROD0027,4,27299.16,25,81897.48
ITEM0001827,ORD0000922,PROD0008,3,57369.56,25,129081.51
ITEM0001828,ORD0000923,PROD0036,3,68871.11,0,206613.33
ITEM0001829,ORD0000924,PROD0099,1,12519.55,10,11267.6
ITEM0001830,ORD0000924,PROD0046,3,6212.04,10,16772.51
ITEM0001831,ORD0000924,PROD0182,2,2159.96,10,3887.93
ITEM0001832,ORD0000924,PROD0185,4,9871.56,10,35537.62
ITEM0001833,ORD0000925,PROD0119,4,2991.81,5,11368.88
ITEM0001834,ORD0000925,PROD0179,1,11478.91,5,10904.96
ITEM0001835,ORD0000925,PROD0159,2,584.29,5,1110.15
ITEM0001836,ORD0000925,PROD0103,2,2970.53,5,5644.01
ITEM0001837,ORD0000926,PROD0088,3,1045.29,25,2351.9
ITEM0001838,ORD0000926,PROD0005,4,40289.58,25,120868.74
ITEM0001839,ORD0000926,PROD0169,4,3385.13,25,10155.39
ITEM0001840,ORD0000927,PROD0142,2,497.1,0,994.2
ITEM0001841,ORD0000927,PROD0083,3,1974.27,0,5922.81
ITEM0001842,ORD0000928,PROD0118,3,10931.14,5,31153.75
ITEM0001843,ORD0000929,PROD0018,3,43707.38,15,111453.82
ITEM0001844,ORD0000929,PROD0136,3,2648.04,15,6752.5
ITEM0001845,ORD0000929,PROD0048,2,3151.51,15,5357.57
ITEM0001846,ORD0000930,PROD0148,2,2543.16,5,4832
ITEM0001847,ORD0000930,PROD0189,4,897.95,5,3412.21
ITEM0001848,ORD0000931,PROD0062,3,1138.67,10,3074.41
ITEM0001849,ORD0000932,PROD0032,2,38426.75,0,76853.5
ITEM0001850,ORD0000933,PROD0093,4,12429.79,15,42261.29
ITEM0001851,ORD0000933,PROD0075,3,2702.38,15,6891.07
ITEM0001852,ORD0000934,PROD0078,2,3466.82,5,6586.96
ITEM0001853,ORD0000934,PROD0142,1,497.1,5,472.24
ITEM0001854,ORD0000934,PROD0153,2,1769.3,5,3361.67
ITEM0001855,ORD0000935,PROD0189,2,897.95,15,1526.52
ITEM0001856,ORD0000936,PROD0059,2,3047.56,10,5485.61
ITEM0001857,ORD0000936,PROD0190,4,1254.49,10,4516.16
ITEM0001858,ORD0000937,PROD0076,3,1552.25,0,4656.75
ITEM0001859,ORD0000937,PROD0009,3,27237.58,0,81712.74
ITEM0001860,ORD0000937,PROD0049,2,567.72,0,1135.44
ITEM0001861,ORD0000938,PROD0002,2,50293.82,5,95558.26
ITEM0001862,ORD0000939,PROD0079,3,3868.77,0,11606.31
ITEM0001863,ORD0000940,PROD0193,1,628.8,10,565.92
ITEM0001864,ORD0000941,PROD0132,1,1160.61,15,986.52
ITEM0001865,ORD0000941,PROD0098,3,10950.31,15,27923.29
ITEM0001866,ORD0000941,PROD0001,4,4321.28,15,14692.35
ITEM0001867,ORD0000941,PROD0065,2,1921.1,15,3265.87
ITEM0001868,ORD0000942,PROD0151,2,350.77,0,701.54
ITEM0001869,ORD0000942,PROD0028,2,74581.74,0,149163.48
ITEM0001870,ORD0000942,PROD0173,2,8594.8,0,17189.6
ITEM0001871,ORD0000943,PROD0075,4,2702.38,5,10269.04
ITEM0001872,ORD0000944,PROD0062,3,1138.67,0,3416.01
ITEM0001873,ORD0000944,PROD0059,4,3047.56,0,12190.24
ITEM0001874,ORD0000945,PROD0169,1,3385.13,5,3215.87
ITEM0001875,ORD0000945,PROD0175,4,6709.6,5,25496.48
ITEM0001876,ORD0000945,PROD0022,1,13967,5,13268.65
ITEM0001877,ORD0000945,PROD0180,2,5434.17,5,10324.92
ITEM0001878,ORD0000946,PROD0104,4,12889.74,10,46403.06
ITEM0001879,ORD0000946,PROD0155,2,3659.76,10,6587.57
ITEM0001880,ORD0000946,PROD0167,4,11229.68,10,40426.85
ITEM0001881,ORD0000946,PROD0036,3,68871.11,10,185952
ITEM0001882,ORD0000947,PROD0016,2,43331.31,0,86662.62
ITEM0001883,ORD0000948,PROD0079,1,3868.77,0,3868.77
ITEM0001884,ORD0000949,PROD0156,1,366.5,0,366.5
ITEM0001885,ORD0000949,PROD0116,1,4368.06,0,4368.06
ITEM0001886,ORD0000949,PROD0136,4,2648.04,0,10592.16
ITEM0001887,ORD0000949,PROD0010,3,32892.86,0,98678.58
ITEM0001888,ORD0000950,PROD0075,3,2702.38,25,6080.36
ITEM0001889,ORD0000951,PROD0127,1,9556.44,0,9556.44
ITEM0001890,ORD0000952,PROD0062,4,1138.67,0,4554.68
ITEM0001891,ORD0000953,PROD0186,3,1358.84,0,4076.52
ITEM0001892,ORD0000953,PROD0133,4,3562.22,0,14248.88
ITEM0001893,ORD0000953,PROD0061,4,1507.1,0,6028.4
ITEM0001894,ORD0000954,PROD0004,1,25591.73,20,20473.38
ITEM0001895,ORD0000954,PROD0145,1,3126.57,20,2501.26
ITEM0001896,ORD0000954,PROD0050,1,4918.81,20,3935.05
ITEM0001897,ORD0000955,PROD0162,2,1300.66,0,2601.32
ITEM0001898,ORD0000955,PROD0119,2,2991.81,0,5983.62
ITEM0001899,ORD0000955,PROD0106,4,478.86,0,1915.44
ITEM0001900,ORD0000956,PROD0178,3,1834.02,20,4401.65
ITEM0001901,ORD0000956,PROD0013,3,40791.56,20,97899.74
ITEM0001902,ORD0000957,PROD0107,4,5093.26,15,17317.08
ITEM0001903,ORD0000957,PROD0105,1,8086.41,15,6873.45
ITEM0001904,ORD0000958,PROD0008,4,57369.56,0,229478.24
ITEM0001905,ORD0000959,PROD0045,4,3914.99,5,14876.96
ITEM0001906,ORD0000960,PROD0106,4,478.86,20,1532.35
ITEM0001907,ORD0000961,PROD0032,2,38426.75,20,61482.8
ITEM0001908,ORD0000962,PROD0136,3,2648.04,5,7546.91
ITEM0001909,ORD0000962,PROD0078,3,3466.82,5,9880.44
ITEM0001910,ORD0000963,PROD0093,2,12429.79,15,21130.64
ITEM0001911,ORD0000963,PROD0168,3,3183.64,15,8118.28
ITEM0001912,ORD0000963,PROD0096,4,11526.42,15,39189.83
ITEM0001913,ORD0000964,PROD0008,2,57369.56,10,103265.21
ITEM0001914,ORD0000964,PROD0171,3,9896.61,10,26720.85
ITEM0001915,ORD0000964,PROD0041,4,3166.8,10,11400.48
ITEM0001916,ORD0000965,PROD0002,3,50293.82,15,128249.24
ITEM0001917,ORD0000965,PROD0096,2,11526.42,15,19594.91
ITEM0001918,ORD0000966,PROD0171,1,9896.61,5,9401.78
ITEM0001919,ORD0000966,PROD0155,1,3659.76,5,3476.77
ITEM0001920,ORD0000966,PROD0033,1,34304.44,5,32589.22
ITEM0001921,ORD0000966,PROD0166,2,8733.51,5,16593.67
ITEM0001922,ORD0000967,PROD0025,3,48796.51,0,146389.53
ITEM0001923,ORD0000968,PROD0189,4,897.95,0,3591.8
ITEM0001924,ORD0000968,PROD0143,4,382.09,0,1528.36
ITEM0001925,ORD0000969,PROD0068,3,827.32,20,1985.57
ITEM0001926,ORD0000970,PROD0099,1,12519.55,5,11893.57
ITEM0001927,ORD0000970,PROD0038,2,15904.21,5,30218
ITEM0001928,ORD0000971,PROD0010,4,32892.86,0,131571.44
ITEM0001929,ORD0000971,PROD0085,1,6089.41,0,6089.41
ITEM0001930,ORD0000972,PROD0079,1,3868.77,0,3868.77
ITEM0001931,ORD0000973,PROD0063,4,4348.36,10,15654.1
ITEM0001932,ORD0000974,PROD0055,4,3434.95,5,13052.81
ITEM0001933,ORD0000974,PROD0031,2,9586.34,5,18214.05
ITEM0001934,ORD0000974,PROD0161,3,3119.91,5,8891.74
ITEM0001935,ORD0000975,PROD0024,2,57909.18,10,104236.52
ITEM0001936,ORD0000976,PROD0090,3,859.29,5,2448.98
ITEM0001937,ORD0000977,PROD0177,2,5985.15,10,10773.27
ITEM0001938,ORD0000978,PROD0133,2,3562.22,5,6768.22
ITEM0001939,ORD0000978,PROD0100,2,2072.2,5,3937.18
ITEM0001940,ORD0000979,PROD0015,3,67106.58,10,181187.77
ITEM0001941,ORD0000979,PROD0078,3,3466.82,10,9360.41
ITEM0001942,ORD0000979,PROD0105,3,8086.41,10,21833.31
ITEM0001943,ORD0000980,PROD0110,3,232.06,0,696.18
ITEM0001944,ORD0000980,PROD0007,3,27829.19,0,83487.57
ITEM0001945,ORD0000980,PROD0053,1,5844.47,0,5844.47
ITEM0001946,ORD0000981,PROD0113,1,8226.58,5,7815.25
ITEM0001947,ORD0000981,PROD0192,3,867.73,5,2473.03
ITEM0001948,ORD0000982,PROD0096,3,11526.42,10,31121.33
ITEM0001949,ORD0000982,PROD0115,3,11862.11,10,32027.7
ITEM0001950,ORD0000983,PROD0155,3,3659.76,0,10979.28
ITEM0001951,ORD0000984,PROD0043,1,5274.26,15,4483.12
ITEM0001952,ORD0000984,PROD0004,3,25591.73,15,65258.91
ITEM0001953,ORD0000985,PROD0005,2,40289.58,5,76550.2
ITEM0001954,ORD0000986,PROD0024,3,57909.18,0,173727.54
ITEM0001955,ORD0000986,PROD0099,2,12519.55,0,25039.1
ITEM0001956,ORD0000987,PROD0008,4,57369.56,0,229478.24
ITEM0001957,ORD0000987,PROD0036,1,68871.11,0,68871.11
ITEM0001958,ORD0000987,PROD0169,3,3385.13,0,10155.39
ITEM0001959,ORD0000987,PROD0117,2,6437.22,0,12874.44
ITEM0001960,ORD0000988,PROD0110,2,232.06,25,348.09
ITEM0001961,ORD0000988,PROD0009,3,27237.58,25,61284.56
ITEM0001962,ORD0000988,PROD0060,4,3327.41,25,9982.23
ITEM0001963,ORD0000989,PROD0066,3,2108.12,0,6324.36
ITEM0001964,ORD0000989,PROD0084,3,784.26,0,2352.78
ITEM0001965,ORD0000990,PROD0032,4,38426.75,15,130650.95
ITEM0001966,ORD0000991,PROD0152,1,1817.42,0,1817.42
ITEM0001967,ORD0000992,PROD0196,1,783.44,0,783.44
ITEM0001968,ORD0000993,PROD0012,3,33141.38,0,99424.14
ITEM0001969,ORD0000993,PROD0188,1,1318.66,0,1318.66
ITEM0001970,ORD0000993,PROD0094,1,8217.48,0,8217.48
ITEM0001971,ORD0000993,PROD0172,2,1025.46,0,2050.92
ITEM0001972,ORD0000993,PROD0121,3,389.01,0,1167.03
ITEM0001973,ORD0000994,PROD0001,4,4321.28,10,15556.61
ITEM0001974,ORD0000995,PROD0051,1,5103.04,0,5103.04
ITEM0001975,ORD0000995,PROD0057,1,742.06,0,742.06
ITEM0001976,ORD0000995,PROD0014,1,7928.83,0,7928.83
ITEM0001977,ORD0000995,PROD0045,3,3914.99,0,11744.97
ITEM0001978,ORD0000995,PROD0020,4,47540.26,0,190161.04
ITEM0001979,ORD0000996,PROD0026,3,40491.32,15,103252.87
ITEM0001980,ORD0000997,PROD0083,3,1974.27,15,5034.39
ITEM0001981,ORD0000998,PROD0127,3,9556.44,10,25802.39
ITEM0001982,ORD0000999,PROD0011,2,58607.44,0,117214.88
ITEM0001983,ORD0001000,PROD0131,4,2976.52,5,11310.78
ITEM0001984,ORD0001000,PROD0066,4,2108.12,5,8010.86
ITEM0001985,ORD0001000,PROD0020,4,47540.26,5,180652.99
ITEM0001986,ORD0001001,PROD0053,1,5844.47,5,5552.25
ITEM0001987,ORD0001001,PROD0130,3,3062.11,5,8727.01
ITEM0001988,ORD0001001,PROD0161,1,3119.91,5,2963.91
ITEM0001989,ORD0001002,PROD0200,1,540.59,5,513.56
ITEM0001990,ORD0001002,PROD0016,2,43331.31,5,82329.49
ITEM0001991,ORD0001002,PROD0176,4,975.19,5,3705.72
ITEM0001992,ORD0001002,PROD0070,3,1576.87,5,4494.08
ITEM0001993,ORD0001003,PROD0105,4,8086.41,5,30728.36
ITEM0001994,ORD0001004,PROD0162,1,1300.66,10,1170.59
ITEM0001995,ORD0001004,PROD0064,1,4156.77,10,3741.09
ITEM0001996,ORD0001004,PROD0146,1,4641.78,10,4177.6
ITEM0001997,ORD0001004,PROD0149,2,3462.42,10,6232.36
ITEM0001998,ORD0001005,PROD0137,4,782.23,0,3128.92
ITEM0001999,ORD0001006,PROD0038,1,15904.21,0,15904.21
ITEM0002000,ORD0001007,PROD0171,2,9896.61,15,16824.24
ITEM0002001,ORD0001008,PROD0168,1,3183.64,20,2546.91
ITEM0002002,ORD0001008,PROD0042,4,1233.59,20,3947.49
ITEM0002003,ORD0001008,PROD0003,3,49712.42,20,119309.81
ITEM0002004,ORD0001008,PROD0141,1,1560.51,20,1248.41
ITEM0002005,ORD0001008,PROD0172,2,1025.46,20,1640.74
ITEM0002006,ORD0001009,PROD0056,1,4087.83,5,3883.44
ITEM0002007,ORD0001010,PROD0143,4,382.09,20,1222.69
ITEM0002008,ORD0001010,PROD0189,1,897.95,20,718.36
ITEM0002009,ORD0001010,PROD0050,4,4918.81,20,15740.19
ITEM0002010,ORD0001011,PROD0166,1,8733.51,10,7860.16
ITEM0002011,ORD0001011,PROD0051,2,5103.04,10,9185.47
ITEM0002012,ORD0001012,PROD0048,2,3151.51,10,5672.72
ITEM0002013,ORD0001013,PROD0029,3,50556.2,15,128918.31
ITEM0002014,ORD0001014,PROD0164,3,3543.37,10,9567.1
ITEM0002015,ORD0001015,PROD0132,1,1160.61,15,986.52
ITEM0002016,ORD0001015,PROD0072,1,1395.26,15,1185.97
ITEM0002017,ORD0001015,PROD0059,1,3047.56,15,2590.43
ITEM0002018,ORD0001015,PROD0128,1,5930.45,15,5040.88
ITEM0002019,ORD0001015,PROD0136,1,2648.04,15,2250.83
ITEM0002020,ORD0001016,PROD0012,4,33141.38,5,125937.24
ITEM0002021,ORD0001017,PROD0113,2,8226.58,5,15630.5
ITEM0002022,ORD0001018,PROD0137,2,782.23,0,1564.46
ITEM0002023,ORD0001018,PROD0180,4,5434.17,0,21736.68
ITEM0002024,ORD0001018,PROD0105,4,8086.41,0,32345.64
ITEM0002025,ORD0001018,PROD0106,4,478.86,0,1915.44
ITEM0002026,ORD0001019,PROD0067,1,7130.72,5,6774.18
ITEM0002027,ORD0001019,PROD0106,2,478.86,5,909.83
ITEM0002028,ORD0001019,PROD0164,1,3543.37,5,3366.2
ITEM0002029,ORD0001020,PROD0083,2,1974.27,20,3158.83
ITEM0002030,ORD0001020,PROD0116,3,4368.06,20,10483.34
ITEM0002031,ORD0001021,PROD0199,1,1292.33,0,1292.33
ITEM0002032,ORD0001022,PROD0058,2,1179.58,0,2359.16
ITEM0002033,ORD0001023,PROD0087,2,5742.05,0,11484.1
ITEM0002034,ORD0001024,PROD0114,4,12529.93,5,47613.73
ITEM0002035,ORD0001024,PROD0063,3,4348.36,5,12392.83
ITEM0002036,ORD0001025,PROD0083,1,1974.27,0,1974.27
ITEM0002037,ORD0001026,PROD0020,1,47540.26,0,47540.26
ITEM0002038,ORD0001026,PROD0081,4,3032.39,0,12129.56
ITEM0002039,ORD0001026,PROD0196,3,783.44,0,2350.32
ITEM0002040,ORD0001026,PROD0099,4,12519.55,0,50078.2
ITEM0002041,ORD0001027,PROD0079,3,3868.77,0,11606.31
ITEM0002042,ORD0001027,PROD0115,1,11862.11,0,11862.11
ITEM0002043,ORD0001027,PROD0173,3,8594.8,0,25784.4
ITEM0002044,ORD0001027,PROD0100,2,2072.2,0,4144.4
ITEM0002045,ORD0001028,PROD0006,2,69356.89,5,131778.09
ITEM0002046,ORD0001028,PROD0092,2,12500.28,5,23750.53
ITEM0002047,ORD0001028,PROD0110,1,232.06,5,220.46
ITEM0002048,ORD0001028,PROD0008,4,57369.56,5,218004.33
ITEM0002049,ORD0001029,PROD0098,1,10950.31,0,10950.31
ITEM0002050,ORD0001029,PROD0127,1,9556.44,0,9556.44
ITEM0002051,ORD0001029,PROD0025,2,48796.51,0,97593.02
ITEM0002052,ORD0001029,PROD0156,2,366.5,0,733
ITEM0002053,ORD0001030,PROD0155,1,3659.76,0,3659.76
ITEM0002054,ORD0001030,PROD0093,2,12429.79,0,24859.58
ITEM0002055,ORD0001031,PROD0091,2,10714.93,0,21429.86
ITEM0002056,ORD0001032,PROD0044,3,3912.72,25,8803.62
ITEM0002057,ORD0001033,PROD0016,3,43331.31,10,116994.54
ITEM0002058,ORD0001033,PROD0076,1,1552.25,10,1397.02
ITEM0002059,ORD0001033,PROD0118,2,10931.14,10,19676.05
ITEM0002060,ORD0001034,PROD0094,4,8217.48,15,27939.43
ITEM0002061,ORD0001035,PROD0003,1,49712.42,10,44741.18
ITEM0002062,ORD0001035,PROD0011,1,58607.44,10,52746.7
ITEM0002063,ORD0001035,PROD0068,1,827.32,10,744.59
ITEM0002064,ORD0001036,PROD0083,2,1974.27,15,3356.26
ITEM0002065,ORD0001037,PROD0045,2,3914.99,0,7829.98
ITEM0002066,ORD0001038,PROD0071,1,3890.52,15,3306.94
ITEM0002067,ORD0001039,PROD0177,4,5985.15,20,19152.48
ITEM0002068,ORD0001040,PROD0129,4,838.52,10,3018.67
ITEM0002069,ORD0001040,PROD0149,4,3462.42,10,12464.71
ITEM0002070,ORD0001040,PROD0138,3,1511.7,10,4081.59
ITEM0002071,ORD0001041,PROD0042,2,1233.59,0,2467.18
ITEM0002072,ORD0001041,PROD0153,2,1769.3,0,3538.6
ITEM0002073,ORD0001041,PROD0018,1,43707.38,0,43707.38
ITEM0002074,ORD0001041,PROD0014,2,7928.83,0,15857.66
ITEM0002075,ORD0001042,PROD0133,4,3562.22,10,12823.99
ITEM0002076,ORD0001042,PROD0024,4,57909.18,10,208473.05
ITEM0002077,ORD0001042,PROD0197,3,490.98,10,1325.65
ITEM0002078,ORD0001042,PROD0190,2,1254.49,10,2258.08
ITEM0002079,ORD0001043,PROD0095,2,5158.31,10,9284.96
ITEM0002080,ORD0001043,PROD0039,4,66174.82,10,238229.35
ITEM0002081,ORD0001043,PROD0087,2,5742.05,10,10335.69
ITEM0002082,ORD0001043,PROD0189,2,897.95,10,1616.31
ITEM0002083,ORD0001044,PROD0117,4,6437.22,5,24461.44
ITEM0002084,ORD0001044,PROD0185,3,9871.56,5,28133.95
ITEM0002085,ORD0001045,PROD0063,3,4348.36,0,13045.08
ITEM0002086,ORD0001046,PROD0095,3,5158.31,10,13927.44
ITEM0002087,ORD0001046,PROD0097,3,7278.34,10,19651.52
ITEM0002088,ORD0001047,PROD0076,4,1552.25,15,5277.65
ITEM0002089,ORD0001047,PROD0054,2,7111.73,15,12089.94
ITEM0002090,ORD0001047,PROD0163,2,915.73,15,1556.74
ITEM0002091,ORD0001048,PROD0079,2,3868.77,0,7737.54
ITEM0002092,ORD0001048,PROD0082,1,2605.78,0,2605.78
ITEM0002093,ORD0001049,PROD0115,2,11862.11,0,23724.22
ITEM0002094,ORD0001050,PROD0112,4,885.01,0,3540.04
ITEM0002095,ORD0001051,PROD0188,2,1318.66,15,2241.72
ITEM0002096,ORD0001052,PROD0040,3,63017.33,25,141788.99
ITEM0002097,ORD0001052,PROD0136,2,2648.04,25,3972.06
ITEM0002098,ORD0001052,PROD0045,4,3914.99,25,11744.97
ITEM0002099,ORD0001052,PROD0164,2,3543.37,25,5315.06
ITEM0002100,ORD0001052,PROD0185,3,9871.56,25,22211.01
ITEM0002101,ORD0001053,PROD0158,3,1726.09,10,4660.44
ITEM0002102,ORD0001054,PROD0133,4,3562.22,10,12823.99
ITEM0002103,ORD0001055,PROD0064,4,4156.77,25,12470.31
ITEM0002104,ORD0001056,PROD0003,1,49712.42,10,44741.18
ITEM0002105,ORD0001056,PROD0196,4,783.44,10,2820.38
ITEM0002106,ORD0001057,PROD0111,2,4186.75,0,8373.5
ITEM0002107,ORD0001057,PROD0098,1,10950.31,0,10950.31
ITEM0002108,ORD0001057,PROD0119,3,2991.81,0,8975.43
ITEM0002109,ORD0001058,PROD0167,2,11229.68,0,22459.36
ITEM0002110,ORD0001058,PROD0172,2,1025.46,0,2050.92
ITEM0002111,ORD0001059,PROD0115,1,11862.11,0,11862.11
ITEM0002112,ORD0001059,PROD0094,2,8217.48,0,16434.96
ITEM0002113,ORD0001059,PROD0051,2,5103.04,0,10206.08
ITEM0002114,ORD0001060,PROD0131,2,2976.52,10,5357.74
ITEM0002115,ORD0001060,PROD0095,4,5158.31,10,18569.92
ITEM0002116,ORD0001061,PROD0068,1,827.32,20,661.86
ITEM0002117,ORD0001061,PROD0101,1,1007.74,20,806.19
ITEM0002118,ORD0001061,PROD0177,4,5985.15,20,19152.48
ITEM0002119,ORD0001062,PROD0012,3,33141.38,15,84510.52
ITEM0002120,ORD0001062,PROD0129,2,838.52,15,1425.48
ITEM0002121,ORD0001063,PROD0173,1,8594.8,0,8594.8
ITEM0002122,ORD0001064,PROD0128,1,5930.45,0,5930.45
ITEM0002123,ORD0001065,PROD0184,3,11703.06,0,35109.18
ITEM0002124,ORD0001066,PROD0054,4,7111.73,5,27024.57
ITEM0002125,ORD0001067,PROD0075,1,2702.38,0,2702.38
ITEM0002126,ORD0001067,PROD0025,1,48796.51,0,48796.51
ITEM0002127,ORD0001067,PROD0041,2,3166.8,0,6333.6
ITEM0002128,ORD0001068,PROD0026,2,40491.32,5,76933.51
ITEM0002129,ORD0001068,PROD0020,4,47540.26,5,180652.99
ITEM0002130,ORD0001069,PROD0079,2,3868.77,0,7737.54
ITEM0002131,ORD0001069,PROD0030,3,745.3,0,2235.9
ITEM0002132,ORD0001070,PROD0103,1,2970.53,0,2970.53
ITEM0002133,ORD0001070,PROD0096,3,11526.42,0,34579.26
ITEM0002134,ORD0001070,PROD0098,3,10950.31,0,32850.93
ITEM0002135,ORD0001071,PROD0156,4,366.5,5,1392.7
ITEM0002136,ORD0001072,PROD0145,4,3126.57,5,11880.97
ITEM0002137,ORD0001073,PROD0178,1,1834.02,0,1834.02
ITEM0002138,ORD0001073,PROD0026,3,40491.32,0,121473.96
ITEM0002139,ORD0001073,PROD0028,2,74581.74,0,149163.48
ITEM0002140,ORD0001073,PROD0131,2,2976.52,0,5953.04
ITEM0002141,ORD0001074,PROD0111,2,4186.75,5,7954.82
ITEM0002142,ORD0001075,PROD0188,4,1318.66,0,5274.64
ITEM0002143,ORD0001076,PROD0035,3,24304.78,0,72914.34
ITEM0002144,ORD0001077,PROD0190,3,1254.49,5,3575.3
ITEM0002145,ORD0001077,PROD0031,2,9586.34,5,18214.05
ITEM0002146,ORD0001077,PROD0044,4,3912.72,5,14868.34
ITEM0002147,ORD0001077,PROD0152,4,1817.42,5,6906.2
ITEM0002148,ORD0001078,PROD0030,1,745.3,15,633.5
ITEM0002149,ORD0001079,PROD0174,1,3533.54,5,3356.86
ITEM0002150,ORD0001080,PROD0045,2,3914.99,5,7438.48
ITEM0002151,ORD0001081,PROD0118,3,10931.14,0,32793.42
ITEM0002152,ORD0001082,PROD0067,2,7130.72,10,12835.3
ITEM0002153,ORD0001082,PROD0116,4,4368.06,10,15725.02
ITEM0002154,ORD0001083,PROD0153,4,1769.3,0,7077.2
ITEM0002155,ORD0001083,PROD0111,2,4186.75,0,8373.5
ITEM0002156,ORD0001084,PROD0084,2,784.26,0,1568.52
ITEM0002157,ORD0001085,PROD0063,4,4348.36,20,13914.75
ITEM0002158,ORD0001085,PROD0093,4,12429.79,20,39775.33
ITEM0002159,ORD0001086,PROD0197,1,490.98,0,490.98
ITEM0002160,ORD0001087,PROD0176,1,975.19,25,731.39
ITEM0002161,ORD0001087,PROD0181,3,5765.01,25,12971.27
ITEM0002162,ORD0001087,PROD0093,1,12429.79,25,9322.34
ITEM0002163,ORD0001087,PROD0061,4,1507.1,25,4521.3
ITEM0002164,ORD0001088,PROD0053,3,5844.47,0,17533.41
ITEM0002165,ORD0001088,PROD0028,3,74581.74,0,223745.22
ITEM0002166,ORD0001088,PROD0070,2,1576.87,0,3153.74
ITEM0002167,ORD0001089,PROD0178,4,1834.02,20,5868.86
ITEM0002168,ORD0001089,PROD0057,3,742.06,20,1780.94
ITEM0002169,ORD0001089,PROD0160,2,756.75,20,1210.8
ITEM0002170,ORD0001090,PROD0101,4,1007.74,0,4030.96
ITEM0002171,ORD0001090,PROD0041,4,3166.8,0,12667.2
ITEM0002172,ORD0001091,PROD0090,3,859.29,10,2320.08
ITEM0002173,ORD0001091,PROD0042,1,1233.59,10,1110.23
ITEM0002174,ORD0001091,PROD0186,4,1358.84,10,4891.82
ITEM0002175,ORD0001091,PROD0172,2,1025.46,10,1845.83
ITEM0002176,ORD0001092,PROD0001,4,4321.28,0,17285.12
ITEM0002177,ORD0001093,PROD0030,1,745.3,0,745.3
ITEM0002178,ORD0001093,PROD0116,3,4368.06,0,13104.18
ITEM0002179,ORD0001093,PROD0064,4,4156.77,0,16627.08
ITEM0002180,ORD0001093,PROD0020,1,47540.26,0,47540.26
ITEM0002181,ORD0001094,PROD0006,1,69356.89,0,69356.89
ITEM0002182,ORD0001094,PROD0087,4,5742.05,0,22968.2
ITEM0002183,ORD0001095,PROD0171,2,9896.61,20,15834.58
ITEM0002184,ORD0001095,PROD0035,3,24304.78,20,58331.47
ITEM0002185,ORD0001095,PROD0158,2,1726.09,20,2761.74
ITEM0002186,ORD0001096,PROD0095,2,5158.31,10,9284.96
ITEM0002187,ORD0001096,PROD0092,2,12500.28,10,22500.5
ITEM0002188,ORD0001096,PROD0141,3,1560.51,10,4213.38
ITEM0002189,ORD0001097,PROD0054,2,7111.73,0,14223.46
ITEM0002190,ORD0001098,PROD0065,2,1921.1,10,3457.98
ITEM0002191,ORD0001098,PROD0084,2,784.26,10,1411.67
ITEM0002192,ORD0001099,PROD0115,1,11862.11,0,11862.11
ITEM0002193,ORD0001100,PROD0071,3,3890.52,15,9920.83
ITEM0002194,ORD0001100,PROD0160,2,756.75,15,1286.47
ITEM0002195,ORD0001100,PROD0112,1,885.01,15,752.26
ITEM0002196,ORD0001100,PROD0057,2,742.06,15,1261.5
ITEM0002197,ORD0001101,PROD0118,3,10931.14,0,32793.42
ITEM0002198,ORD0001102,PROD0085,4,6089.41,20,19486.11
ITEM0002199,ORD0001103,PROD0171,2,9896.61,0,19793.22
ITEM0002200,ORD0001103,PROD0182,3,2159.96,0,6479.88
ITEM0002201,ORD0001104,PROD0051,3,5103.04,5,14543.66
ITEM0002202,ORD0001104,PROD0093,4,12429.79,5,47233.2
ITEM0002203,ORD0001104,PROD0031,3,9586.34,5,27321.07
ITEM0002204,ORD0001104,PROD0132,1,1160.61,5,1102.58
ITEM0002205,ORD0001105,PROD0154,4,1821.18,10,6556.25
ITEM0002206,ORD0001105,PROD0054,3,7111.73,10,19201.67
ITEM0002207,ORD0001105,PROD0049,1,567.72,10,510.95
ITEM0002208,ORD0001106,PROD0027,3,27299.16,10,73707.73
ITEM0002209,ORD0001106,PROD0184,3,11703.06,10,31598.26
ITEM0002210,ORD0001106,PROD0093,2,12429.79,10,22373.62
ITEM0002211,ORD0001106,PROD0006,3,69356.89,10,187263.6
ITEM0002212,ORD0001107,PROD0110,3,232.06,5,661.37
ITEM0002213,ORD0001107,PROD0183,1,4402.38,5,4182.26
ITEM0002214,ORD0001107,PROD0075,2,2702.38,5,5134.52
ITEM0002215,ORD0001107,PROD0091,1,10714.93,5,10179.18
ITEM0002216,ORD0001108,PROD0109,2,6201.15,0,12402.3
ITEM0002217,ORD0001109,PROD0029,2,50556.2,10,91001.16
ITEM0002218,ORD0001109,PROD0168,1,3183.64,10,2865.28
ITEM0002219,ORD0001109,PROD0009,3,27237.58,10,73541.47
ITEM0002220,ORD0001110,PROD0004,4,25591.73,5,97248.57
ITEM0002221,ORD0001111,PROD0100,3,2072.2,0,6216.6
ITEM0002222,ORD0001112,PROD0163,1,915.73,10,824.16
ITEM0002223,ORD0001113,PROD0160,2,756.75,5,1437.82
ITEM0002224,ORD0001113,PROD0189,4,897.95,5,3412.21
ITEM0002225,ORD0001113,PROD0109,1,6201.15,5,5891.09
ITEM0002226,ORD0001114,PROD0081,2,3032.39,0,6064.78
ITEM0002227,ORD0001114,PROD0173,4,8594.8,0,34379.2
ITEM0002228,ORD0001114,PROD0132,2,1160.61,0,2321.22
ITEM0002229,ORD0001114,PROD0059,2,3047.56,0,6095.12
ITEM0002230,ORD0001115,PROD0196,1,783.44,15,665.92
ITEM0002231,ORD0001116,PROD0056,2,4087.83,0,8175.66
ITEM0002232,ORD0001117,PROD0181,2,5765.01,0,11530.02
ITEM0002233,ORD0001118,PROD0114,1,12529.93,5,11903.43
ITEM0002234,ORD0001118,PROD0197,3,490.98,5,1399.29
ITEM0002235,ORD0001118,PROD0015,3,67106.58,5,191253.75
ITEM0002236,ORD0001118,PROD0190,2,1254.49,5,2383.53
ITEM0002237,ORD0001118,PROD0019,4,21504.79,5,81718.2
ITEM0002238,ORD0001119,PROD0042,1,1233.59,0,1233.59
ITEM0002239,ORD0001119,PROD0043,3,5274.26,0,15822.78
ITEM0002240,ORD0001119,PROD0068,3,827.32,0,2481.96
ITEM0002241,ORD0001120,PROD0022,4,13967,10,50281.2
ITEM0002242,ORD0001120,PROD0085,2,6089.41,10,10960.94
ITEM0002243,ORD0001121,PROD0022,1,13967,10,12570.3
ITEM0002244,ORD0001121,PROD0088,3,1045.29,10,2822.28
ITEM0002245,ORD0001121,PROD0164,2,3543.37,10,6378.07
ITEM0002246,ORD0001122,PROD0198,4,890.11,5,3382.42
ITEM0002247,ORD0001123,PROD0101,4,1007.74,20,3224.77
ITEM0002248,ORD0001123,PROD0175,1,6709.6,20,5367.68
ITEM0002249,ORD0001124,PROD0194,2,238.12,15,404.8
ITEM0002250,ORD0001125,PROD0039,3,66174.82,10,178672.01
ITEM0002251,ORD0001125,PROD0003,1,49712.42,10,44741.18
ITEM0002252,ORD0001126,PROD0136,1,2648.04,5,2515.64
ITEM0002253,ORD0001126,PROD0096,4,11526.42,5,43800.4
ITEM0002254,ORD0001126,PROD0057,1,742.06,5,704.96
ITEM0002255,ORD0001126,PROD0157,3,1549.94,5,4417.33
ITEM0002256,ORD0001127,PROD0024,4,57909.18,5,220054.88
ITEM0002257,ORD0001128,PROD0116,1,4368.06,5,4149.66
ITEM0002258,ORD0001128,PROD0182,3,2159.96,5,6155.89
ITEM0002259,ORD0001128,PROD0068,3,827.32,5,2357.86
ITEM0002260,ORD0001128,PROD0093,3,12429.79,5,35424.9
ITEM0002261,ORD0001129,PROD0128,1,5930.45,5,5633.93
ITEM0002262,ORD0001130,PROD0050,4,4918.81,10,17707.72
ITEM0002263,ORD0001131,PROD0001,1,4321.28,0,4321.28
ITEM0002264,ORD0001132,PROD0157,2,1549.94,0,3099.88
ITEM0002265,ORD0001133,PROD0161,1,3119.91,0,3119.91
ITEM0002266,ORD0001134,PROD0185,1,9871.56,10,8884.4
ITEM0002267,ORD0001134,PROD0172,4,1025.46,10,3691.66
ITEM0002268,ORD0001135,PROD0189,2,897.95,15,1526.52
ITEM0002269,ORD0001135,PROD0194,1,238.12,15,202.4
ITEM0002270,ORD0001135,PROD0088,1,1045.29,15,888.5
ITEM0002271,ORD0001136,PROD0080,4,2405.82,0,9623.28
ITEM0002272,ORD0001136,PROD0169,4,3385.13,0,13540.52
ITEM0002273,ORD0001136,PROD0063,2,4348.36,0,8696.72
ITEM0002274,ORD0001137,PROD0115,1,11862.11,25,8896.58
ITEM0002275,ORD0001138,PROD0182,1,2159.96,10,1943.96
ITEM0002276,ORD0001139,PROD0082,4,2605.78,0,10423.12
ITEM0002277,ORD0001139,PROD0071,4,3890.52,0,15562.08
ITEM0002278,ORD0001140,PROD0148,4,2543.16,10,9155.38
ITEM0002279,ORD0001140,PROD0176,1,975.19,10,877.67
ITEM0002280,ORD0001140,PROD0150,4,4265.82,10,15356.95
ITEM0002281,ORD0001141,PROD0105,3,8086.41,5,23046.27
ITEM0002282,ORD0001141,PROD0028,3,74581.74,5,212557.96
ITEM0002283,ORD0001142,PROD0005,2,40289.58,10,72521.24
ITEM0002284,ORD0001142,PROD0114,4,12529.93,10,45107.75
ITEM0002285,ORD0001143,PROD0096,3,11526.42,10,31121.33
ITEM0002286,ORD0001143,PROD0144,2,905.61,10,1630.1
ITEM0002287,ORD0001143,PROD0093,4,12429.79,10,44747.24
ITEM0002288,ORD0001144,PROD0019,3,21504.79,5,61288.65
ITEM0002289,ORD0001144,PROD0172,2,1025.46,5,1948.37
ITEM0002290,ORD0001145,PROD0171,4,9896.61,10,35627.8
ITEM0002291,ORD0001146,PROD0166,1,8733.51,10,7860.16
ITEM0002292,ORD0001147,PROD0058,1,1179.58,15,1002.64
ITEM0002293,ORD0001148,PROD0191,3,1435.77,0,4307.31
ITEM0002294,ORD0001148,PROD0076,1,1552.25,0,1552.25
ITEM0002295,ORD0001149,PROD0073,3,346.89,0,1040.67
ITEM0002296,ORD0001149,PROD0030,3,745.3,0,2235.9
ITEM0002297,ORD0001149,PROD0028,4,74581.74,0,298326.96
ITEM0002298,ORD0001149,PROD0169,1,3385.13,0,3385.13
ITEM0002299,ORD0001150,PROD0001,3,4321.28,10,11667.46
ITEM0002300,ORD0001151,PROD0145,2,3126.57,0,6253.14
ITEM0002301,ORD0001151,PROD0037,2,56353.69,0,112707.38
ITEM0002302,ORD0001152,PROD0042,2,1233.59,5,2343.82
ITEM0002303,ORD0001153,PROD0191,3,1435.77,0,4307.31
ITEM0002304,ORD0001154,PROD0158,3,1726.09,0,5178.27
ITEM0002305,ORD0001155,PROD0052,4,5153.96,0,20615.84
ITEM0002306,ORD0001156,PROD0169,3,3385.13,10,9139.85
ITEM0002307,ORD0001157,PROD0190,3,1254.49,10,3387.12
ITEM0002308,ORD0001157,PROD0194,2,238.12,10,428.62
ITEM0002309,ORD0001157,PROD0053,2,5844.47,10,10520.05
ITEM0002310,ORD0001158,PROD0115,1,11862.11,5,11269
ITEM0002311,ORD0001159,PROD0200,3,540.59,5,1540.68
ITEM0002312,ORD0001159,PROD0189,1,897.95,5,853.05
ITEM0002313,ORD0001160,PROD0146,1,4641.78,10,4177.6
ITEM0002314,ORD0001160,PROD0136,4,2648.04,10,9532.94
ITEM0002315,ORD0001160,PROD0103,1,2970.53,10,2673.48
ITEM0002316,ORD0001161,PROD0082,3,2605.78,0,7817.34
ITEM0002317,ORD0001162,PROD0075,3,2702.38,5,7701.78
ITEM0002318,ORD0001163,PROD0163,1,915.73,15,778.37
ITEM0002319,ORD0001163,PROD0063,3,4348.36,15,11088.32
ITEM0002320,ORD0001164,PROD0129,1,838.52,5,796.59
ITEM0002321,ORD0001164,PROD0190,2,1254.49,5,2383.53
ITEM0002322,ORD0001164,PROD0191,4,1435.77,5,5455.93
ITEM0002323,ORD0001165,PROD0147,2,3374.12,15,5736
ITEM0002324,ORD0001165,PROD0156,2,366.5,15,623.05
ITEM0002325,ORD0001166,PROD0156,1,366.5,15,311.52
ITEM0002326,ORD0001166,PROD0180,2,5434.17,15,9238.09
ITEM0002327,ORD0001167,PROD0138,2,1511.7,5,2872.23
ITEM0002328,ORD0001167,PROD0082,3,2605.78,5,7426.47
ITEM0002329,ORD0001167,PROD0141,4,1560.51,5,5929.94
ITEM0002330,ORD0001167,PROD0176,2,975.19,5,1852.86
ITEM0002331,ORD0001168,PROD0020,3,47540.26,0,142620.78
ITEM0002332,ORD0001168,PROD0071,4,3890.52,0,15562.08
ITEM0002333,ORD0001169,PROD0197,4,490.98,0,1963.92
ITEM0002334,ORD0001170,PROD0196,3,783.44,20,1880.26
ITEM0002335,ORD0001170,PROD0020,1,47540.26,20,38032.21
ITEM0002336,ORD0001171,PROD0029,2,50556.2,0,101112.4
ITEM0002337,ORD0001171,PROD0081,3,3032.39,0,9097.17
ITEM0002338,ORD0001171,PROD0088,2,1045.29,0,2090.58
ITEM0002339,ORD0001171,PROD0033,2,34304.44,0,68608.88
ITEM0002340,ORD0001172,PROD0014,1,7928.83,5,7532.39
ITEM0002341,ORD0001172,PROD0189,1,897.95,5,853.05
ITEM0002342,ORD0001173,PROD0103,2,2970.53,15,5049.9
ITEM0002343,ORD0001174,PROD0081,2,3032.39,15,5155.06
ITEM0002344,ORD0001175,PROD0196,1,783.44,15,665.92
ITEM0002345,ORD0001175,PROD0189,1,897.95,15,763.26
ITEM0002346,ORD0001175,PROD0150,2,4265.82,15,7251.89
ITEM0002347,ORD0001175,PROD0054,3,7111.73,15,18134.91
ITEM0002348,ORD0001175,PROD0099,4,12519.55,15,42566.47
ITEM0002349,ORD0001176,PROD0143,1,382.09,0,382.09
ITEM0002350,ORD0001176,PROD0056,4,4087.83,0,16351.32
ITEM0002351,ORD0001177,PROD0057,2,742.06,20,1187.3
ITEM0002352,ORD0001178,PROD0129,3,838.52,0,2515.56
ITEM0002353,ORD0001179,PROD0087,1,5742.05,0,5742.05
ITEM0002354,ORD0001179,PROD0071,2,3890.52,0,7781.04
ITEM0002355,ORD0001180,PROD0127,2,9556.44,5,18157.24
ITEM0002356,ORD0001180,PROD0011,3,58607.44,5,167031.2
ITEM0002357,ORD0001180,PROD0075,4,2702.38,5,10269.04
ITEM0002358,ORD0001180,PROD0141,4,1560.51,5,5929.94
ITEM0002359,ORD0001181,PROD0058,3,1179.58,15,3007.93
ITEM0002360,ORD0001182,PROD0056,4,4087.83,0,16351.32
ITEM0002361,ORD0001182,PROD0101,2,1007.74,0,2015.48
ITEM0002362,ORD0001182,PROD0072,2,1395.26,0,2790.52
ITEM0002363,ORD0001183,PROD0092,3,12500.28,5,35625.8
ITEM0002364,ORD0001183,PROD0195,2,437.39,5,831.04
ITEM0002365,ORD0001183,PROD0030,2,745.3,5,1416.07
ITEM0002366,ORD0001184,PROD0053,4,5844.47,0,23377.88
ITEM0002367,ORD0001185,PROD0072,4,1395.26,0,5581.04
ITEM0002368,ORD0001185,PROD0116,1,4368.06,0,4368.06
ITEM0002369,ORD0001185,PROD0028,2,74581.74,0,149163.48
ITEM0002370,ORD0001185,PROD0182,2,2159.96,0,4319.92
ITEM0002371,ORD0001186,PROD0174,1,3533.54,10,3180.19
ITEM0002372,ORD0001187,PROD0006,2,69356.89,10,124842.4
ITEM0002373,ORD0001188,PROD0084,3,784.26,25,1764.58
ITEM0002374,ORD0001188,PROD0001,1,4321.28,25,3240.96
ITEM0002375,ORD0001188,PROD0011,2,58607.44,25,87911.16
ITEM0002376,ORD0001188,PROD0162,1,1300.66,25,975.5
ITEM0002377,ORD0001188,PROD0080,2,2405.82,25,3608.73
ITEM0002378,ORD0001189,PROD0176,4,975.19,15,3315.65
ITEM0002379,ORD0001190,PROD0110,3,232.06,5,661.37
ITEM0002380,ORD0001190,PROD0094,1,8217.48,5,7806.61
ITEM0002381,ORD0001190,PROD0082,4,2605.78,5,9901.96
ITEM0002382,ORD0001190,PROD0026,3,40491.32,5,115400.26
ITEM0002383,ORD0001190,PROD0020,1,47540.26,5,45163.25
ITEM0002384,ORD0001191,PROD0101,2,1007.74,5,1914.71
ITEM0002385,ORD0001191,PROD0050,3,4918.81,5,14018.61
ITEM0002386,ORD0001192,PROD0084,2,784.26,0,1568.52
ITEM0002387,ORD0001193,PROD0013,1,40791.56,0,40791.56
ITEM0002388,ORD0001193,PROD0043,1,5274.26,0,5274.26
ITEM0002389,ORD0001193,PROD0045,3,3914.99,0,11744.97
ITEM0002390,ORD0001193,PROD0138,3,1511.7,0,4535.1
ITEM0002391,ORD0001194,PROD0143,1,382.09,5,362.99
ITEM0002392,ORD0001194,PROD0004,4,25591.73,5,97248.57
ITEM0002393,ORD0001195,PROD0027,4,27299.16,10,98276.98
ITEM0002394,ORD0001196,PROD0058,3,1179.58,5,3361.8
ITEM0002395,ORD0001197,PROD0174,3,3533.54,10,9540.56
ITEM0002396,ORD0001198,PROD0022,3,13967,0,41901
ITEM0002397,ORD0001198,PROD0060,3,3327.41,0,9982.23
ITEM0002398,ORD0001199,PROD0091,3,10714.93,5,30537.55
ITEM0002399,ORD0001199,PROD0028,2,74581.74,5,141705.31
ITEM0002400,ORD0001200,PROD0052,3,5153.96,0,15461.88
ITEM0002401,ORD0001200,PROD0168,1,3183.64,0,3183.64
ITEM0002402,ORD0001201,PROD0117,4,6437.22,10,23173.99
ITEM0002403,ORD0001202,PROD0148,4,2543.16,5,9664.01
ITEM0002404,ORD0001202,PROD0053,4,5844.47,5,22208.99
ITEM0002405,ORD0001203,PROD0128,3,5930.45,0,17791.35
ITEM0002406,ORD0001203,PROD0107,4,5093.26,0,20373.04
ITEM0002407,ORD0001203,PROD0142,3,497.1,0,1491.3
ITEM0002408,ORD0001204,PROD0090,3,859.29,0,2577.87
ITEM0002409,ORD0001204,PROD0138,4,1511.7,0,6046.8
ITEM0002410,ORD0001205,PROD0197,4,490.98,5,1865.72
ITEM0002411,ORD0001205,PROD0053,4,5844.47,5,22208.99
ITEM0002412,ORD0001206,PROD0194,1,238.12,5,226.21
ITEM0002413,ORD0001206,PROD0025,1,48796.51,5,46356.68
ITEM0002414,ORD0001206,PROD0011,2,58607.44,5,111354.14
ITEM0002415,ORD0001207,PROD0150,4,4265.82,0,17063.28
ITEM0002416,ORD0001208,PROD0083,2,1974.27,25,2961.4
ITEM0002417,ORD0001209,PROD0018,4,43707.38,0,174829.52
ITEM0002418,ORD0001210,PROD0062,4,1138.67,0,4554.68
ITEM0002419,ORD0001210,PROD0099,3,12519.55,0,37558.65
ITEM0002420,ORD0001210,PROD0144,1,905.61,0,905.61
ITEM0002421,ORD0001210,PROD0060,1,3327.41,0,3327.41
ITEM0002422,ORD0001210,PROD0087,1,5742.05,0,5742.05
ITEM0002423,ORD0001211,PROD0059,4,3047.56,10,10971.22
ITEM0002424,ORD0001211,PROD0132,1,1160.61,10,1044.55
ITEM0002425,ORD0001211,PROD0108,2,8722.77,10,15700.99
ITEM0002426,ORD0001211,PROD0033,4,34304.44,10,123495.98
ITEM0002427,ORD0001211,PROD0145,1,3126.57,10,2813.91
ITEM0002428,ORD0001212,PROD0082,1,2605.78,25,1954.34
ITEM0002429,ORD0001213,PROD0190,1,1254.49,0,1254.49
ITEM0002430,ORD0001213,PROD0157,4,1549.94,0,6199.76
ITEM0002431,ORD0001213,PROD0174,4,3533.54,0,14134.16
ITEM0002432,ORD0001214,PROD0190,3,1254.49,0,3763.47
ITEM0002433,ORD0001215,PROD0075,3,2702.38,15,6891.07
ITEM0002434,ORD0001216,PROD0101,2,1007.74,5,1914.71
ITEM0002435,ORD0001216,PROD0025,2,48796.51,5,92713.37
ITEM0002436,ORD0001216,PROD0183,3,4402.38,5,12546.78
ITEM0002437,ORD0001217,PROD0191,3,1435.77,0,4307.31
ITEM0002438,ORD0001218,PROD0107,4,5093.26,0,20373.04
ITEM0002439,ORD0001218,PROD0017,4,8120.73,0,32482.92
ITEM0002440,ORD0001219,PROD0115,4,11862.11,25,35586.33
ITEM0002441,ORD0001219,PROD0191,2,1435.77,25,2153.65
ITEM0002442,ORD0001219,PROD0157,4,1549.94,25,4649.82
ITEM0002443,ORD0001219,PROD0016,3,43331.31,25,97495.45
ITEM0002444,ORD0001220,PROD0191,1,1435.77,0,1435.77
ITEM0002445,ORD0001220,PROD0128,3,5930.45,0,17791.35
ITEM0002446,ORD0001220,PROD0062,3,1138.67,0,3416.01
ITEM0002447,ORD0001220,PROD0168,2,3183.64,0,6367.28
ITEM0002448,ORD0001221,PROD0056,4,4087.83,15,13898.62
ITEM0002449,ORD0001222,PROD0041,1,3166.8,15,2691.78
ITEM0002450,ORD0001222,PROD0078,1,3466.82,15,2946.8
ITEM0002451,ORD0001223,PROD0051,1,5103.04,20,4082.43
ITEM0002452,ORD0001223,PROD0115,1,11862.11,20,9489.69
ITEM0002453,ORD0001223,PROD0012,1,33141.38,20,26513.1
ITEM0002454,ORD0001224,PROD0195,3,437.39,10,1180.95
ITEM0002455,ORD0001224,PROD0077,3,6124.52,10,16536.2
ITEM0002456,ORD0001224,PROD0161,2,3119.91,10,5615.84
ITEM0002457,ORD0001225,PROD0169,1,3385.13,0,3385.13
ITEM0002458,ORD0001226,PROD0026,2,40491.32,5,76933.51
ITEM0002459,ORD0001227,PROD0072,3,1395.26,0,4185.78
ITEM0002460,ORD0001227,PROD0012,3,33141.38,0,99424.14
ITEM0002461,ORD0001227,PROD0135,2,1341.78,0,2683.56
ITEM0002462,ORD0001228,PROD0166,3,8733.51,15,22270.45
ITEM0002463,ORD0001228,PROD0103,4,2970.53,15,10099.8
ITEM0002464,ORD0001228,PROD0028,2,74581.74,15,126788.96
ITEM0002465,ORD0001228,PROD0195,1,437.39,15,371.78
ITEM0002466,ORD0001228,PROD0093,4,12429.79,15,42261.29
ITEM0002467,ORD0001229,PROD0161,3,3119.91,5,8891.74
ITEM0002468,ORD0001230,PROD0184,1,11703.06,10,10532.75
ITEM0002469,ORD0001231,PROD0023,2,1503.94,5,2857.49
ITEM0002470,ORD0001231,PROD0077,4,6124.52,5,23273.18
ITEM0002471,ORD0001232,PROD0194,2,238.12,20,380.99
ITEM0002472,ORD0001233,PROD0129,4,838.52,0,3354.08
ITEM0002473,ORD0001233,PROD0181,4,5765.01,0,23060.04
ITEM0002474,ORD0001233,PROD0062,3,1138.67,0,3416.01
ITEM0002475,ORD0001234,PROD0065,1,1921.1,25,1440.82
ITEM0002476,ORD0001234,PROD0067,2,7130.72,25,10696.08
ITEM0002477,ORD0001235,PROD0166,2,8733.51,20,13973.62
ITEM0002478,ORD0001236,PROD0099,1,12519.55,0,12519.55
ITEM0002479,ORD0001236,PROD0190,4,1254.49,0,5017.96
ITEM0002480,ORD0001237,PROD0016,2,43331.31,10,77996.36
ITEM0002481,ORD0001237,PROD0041,3,3166.8,10,8550.36
ITEM0002482,ORD0001238,PROD0030,1,745.3,0,745.3
ITEM0002483,ORD0001238,PROD0158,1,1726.09,0,1726.09
ITEM0002484,ORD0001239,PROD0019,3,21504.79,0,64514.37
ITEM0002485,ORD0001240,PROD0115,2,11862.11,10,21351.8
ITEM0002486,ORD0001240,PROD0101,3,1007.74,10,2720.9
ITEM0002487,ORD0001241,PROD0056,4,4087.83,0,16351.32
ITEM0002488,ORD0001242,PROD0031,1,9586.34,5,9107.02
ITEM0002489,ORD0001242,PROD0040,3,63017.33,5,179599.39
ITEM0002490,ORD0001243,PROD0136,2,2648.04,10,4766.47
ITEM0002491,ORD0001244,PROD0199,2,1292.33,25,1938.5
ITEM0002492,ORD0001244,PROD0112,1,885.01,25,663.76
ITEM0002493,ORD0001244,PROD0030,4,745.3,25,2235.9
ITEM0002494,ORD0001244,PROD0034,4,50492.99,25,151478.97
ITEM0002495,ORD0001245,PROD0178,2,1834.02,15,3117.83
ITEM0002496,ORD0001246,PROD0121,3,389.01,5,1108.68
ITEM0002497,ORD0001247,PROD0129,4,838.52,10,3018.67
ITEM0002498,ORD0001248,PROD0127,2,9556.44,5,18157.24
ITEM0002499,ORD0001248,PROD0042,3,1233.59,5,3515.73
ITEM0002500,ORD0001248,PROD0148,3,2543.16,5,7248.01
ITEM0002501,ORD0001248,PROD0175,4,6709.6,5,25496.48
ITEM0002502,ORD0001249,PROD0009,4,27237.58,10,98055.29
ITEM0002503,ORD0001250,PROD0072,1,1395.26,15,1185.97
ITEM0002504,ORD0001250,PROD0145,1,3126.57,15,2657.58
ITEM0002505,ORD0001251,PROD0106,2,478.86,15,814.06
ITEM0002506,ORD0001252,PROD0013,3,40791.56,20,97899.74
ITEM0002507,ORD0001252,PROD0026,4,40491.32,20,129572.22
ITEM0002508,ORD0001253,PROD0017,2,8120.73,0,16241.46
ITEM0002509,ORD0001253,PROD0031,1,9586.34,0,9586.34
ITEM0002510,ORD0001253,PROD0198,1,890.11,0,890.11
ITEM0002511,ORD0001254,PROD0068,4,827.32,0,3309.28
ITEM0002512,ORD0001254,PROD0032,2,38426.75,0,76853.5
ITEM0002513,ORD0001254,PROD0004,2,25591.73,0,51183.46
ITEM0002514,ORD0001254,PROD0055,3,3434.95,0,10304.85
ITEM0002515,ORD0001255,PROD0107,4,5093.26,0,20373.04
ITEM0002516,ORD0001255,PROD0132,3,1160.61,0,3481.83
ITEM0002517,ORD0001255,PROD0174,3,3533.54,0,10600.62
ITEM0002518,ORD0001256,PROD0028,1,74581.74,20,59665.39
ITEM0002519,ORD0001257,PROD0154,3,1821.18,0,5463.54
ITEM0002520,ORD0001258,PROD0029,1,50556.2,10,45500.58
ITEM0002521,ORD0001259,PROD0009,4,27237.58,10,98055.29
ITEM0002522,ORD0001260,PROD0137,3,782.23,10,2112.02
ITEM0002523,ORD0001260,PROD0078,2,3466.82,10,6240.28
ITEM0002524,ORD0001261,PROD0011,4,58607.44,0,234429.76
ITEM0002525,ORD0001261,PROD0119,1,2991.81,0,2991.81
ITEM0002526,ORD0001261,PROD0070,2,1576.87,0,3153.74
ITEM0002527,ORD0001262,PROD0094,4,8217.48,10,29582.93
ITEM0002528,ORD0001262,PROD0082,4,2605.78,10,9380.81
ITEM0002529,ORD0001262,PROD0148,3,2543.16,10,6866.53
ITEM0002530,ORD0001263,PROD0167,2,11229.68,5,21336.39
ITEM0002531,ORD0001263,PROD0002,2,50293.82,5,95558.26
ITEM0002532,ORD0001264,PROD0042,4,1233.59,0,4934.36
ITEM0002533,ORD0001265,PROD0012,2,33141.38,5,62968.62
ITEM0002534,ORD0001266,PROD0114,3,12529.93,0,37589.79
ITEM0002535,ORD0001266,PROD0172,4,1025.46,0,4101.84
ITEM0002536,ORD0001266,PROD0009,2,27237.58,0,54475.16
ITEM0002537,ORD0001267,PROD0167,2,11229.68,0,22459.36
ITEM0002538,ORD0001268,PROD0004,3,25591.73,10,69097.67
ITEM0002539,ORD0001269,PROD0166,1,8733.51,5,8296.83
ITEM0002540,ORD0001269,PROD0085,3,6089.41,5,17354.82
ITEM0002541,ORD0001270,PROD0182,4,2159.96,0,8639.84
ITEM0002542,ORD0001270,PROD0146,3,4641.78,0,13925.34
ITEM0002543,ORD0001271,PROD0096,1,11526.42,10,10373.78
ITEM0002544,ORD0001271,PROD0061,4,1507.1,10,5425.56
ITEM0002545,ORD0001271,PROD0163,2,915.73,10,1648.31
ITEM0002546,ORD0001271,PROD0172,2,1025.46,10,1845.83
ITEM0002547,ORD0001272,PROD0173,1,8594.8,0,8594.8
ITEM0002548,ORD0001273,PROD0147,4,3374.12,0,13496.48
ITEM0002549,ORD0001273,PROD0064,2,4156.77,0,8313.54
ITEM0002550,ORD0001273,PROD0199,3,1292.33,0,3876.99
ITEM0002551,ORD0001273,PROD0188,4,1318.66,0,5274.64
ITEM0002552,ORD0001274,PROD0080,3,2405.82,15,6134.84
ITEM0002553,ORD0001274,PROD0128,1,5930.45,15,5040.88
ITEM0002554,ORD0001275,PROD0121,4,389.01,0,1556.04
ITEM0002555,ORD0001275,PROD0080,3,2405.82,0,7217.46
ITEM0002556,ORD0001275,PROD0166,3,8733.51,0,26200.53
ITEM0002557,ORD0001275,PROD0015,1,67106.58,0,67106.58
ITEM0002558,ORD0001275,PROD0040,3,63017.33,0,189051.99
ITEM0002559,ORD0001276,PROD0154,1,1821.18,10,1639.06
ITEM0002560,ORD0001276,PROD0176,2,975.19,10,1755.34
ITEM0002561,ORD0001276,PROD0081,4,3032.39,10,10916.6
ITEM0002562,ORD0001277,PROD0168,1,3183.64,25,2387.73
ITEM0002563,ORD0001277,PROD0133,4,3562.22,25,10686.66
ITEM0002564,ORD0001277,PROD0007,4,27829.19,25,83487.57
ITEM0002565,ORD0001278,PROD0151,3,350.77,0,1052.31
ITEM0002566,ORD0001278,PROD0143,1,382.09,0,382.09
ITEM0002567,ORD0001278,PROD0098,2,10950.31,0,21900.62
ITEM0002568,ORD0001279,PROD0019,4,21504.79,0,86019.16
ITEM0002569,ORD0001280,PROD0026,1,40491.32,5,38466.75
ITEM0002570,ORD0001280,PROD0087,2,5742.05,5,10909.9
ITEM0002571,ORD0001280,PROD0079,2,3868.77,5,7350.66
ITEM0002572,ORD0001280,PROD0002,1,50293.82,5,47779.13
ITEM0002573,ORD0001280,PROD0075,2,2702.38,5,5134.52
ITEM0002574,ORD0001281,PROD0118,2,10931.14,0,21862.28
ITEM0002575,ORD0001281,PROD0015,4,67106.58,0,268426.32
ITEM0002576,ORD0001282,PROD0123,3,9762.37,0,29287.11
ITEM0002577,ORD0001282,PROD0112,2,885.01,0,1770.02
ITEM0002578,ORD0001283,PROD0160,1,756.75,25,567.56
ITEM0002579,ORD0001283,PROD0049,3,567.72,25,1277.37
ITEM0002580,ORD0001284,PROD0081,1,3032.39,20,2425.91
ITEM0002581,ORD0001284,PROD0045,3,3914.99,20,9395.98
ITEM0002582,ORD0001284,PROD0052,4,5153.96,20,16492.67
ITEM0002583,ORD0001284,PROD0158,4,1726.09,20,5523.49
ITEM0002584,ORD0001285,PROD0017,1,8120.73,5,7714.69
ITEM0002585,ORD0001286,PROD0108,1,8722.77,15,7414.35
ITEM0002586,ORD0001287,PROD0084,2,784.26,0,1568.52
ITEM0002587,ORD0001288,PROD0186,1,1358.84,10,1222.96
ITEM0002588,ORD0001288,PROD0007,3,27829.19,10,75138.81
ITEM0002589,ORD0001289,PROD0007,2,27829.19,5,52875.46
ITEM0002590,ORD0001290,PROD0038,2,15904.21,25,23856.32
ITEM0002591,ORD0001291,PROD0035,1,24304.78,10,21874.3
ITEM0002592,ORD0001292,PROD0198,1,890.11,5,845.6
ITEM0002593,ORD0001293,PROD0151,2,350.77,0,701.54
ITEM0002594,ORD0001293,PROD0121,3,389.01,0,1167.03
ITEM0002595,ORD0001293,PROD0098,1,10950.31,0,10950.31
ITEM0002596,ORD0001294,PROD0018,3,43707.38,10,118009.93
ITEM0002597,ORD0001295,PROD0064,3,4156.77,0,12470.31
ITEM0002598,ORD0001295,PROD0083,4,1974.27,0,7897.08
ITEM0002599,ORD0001296,PROD0040,2,63017.33,25,94526
ITEM0002600,ORD0001297,PROD0180,1,5434.17,0,5434.17
ITEM0002601,ORD0001298,PROD0101,4,1007.74,0,4030.96
ITEM0002602,ORD0001299,PROD0145,4,3126.57,5,11880.97
ITEM0002603,ORD0001299,PROD0072,3,1395.26,5,3976.49
ITEM0002604,ORD0001300,PROD0176,4,975.19,25,2925.57
ITEM0002605,ORD0001300,PROD0097,2,7278.34,25,10917.51
ITEM0002606,ORD0001300,PROD0073,3,346.89,25,780.5
ITEM0002607,ORD0001301,PROD0031,3,9586.34,0,28759.02
ITEM0002608,ORD0001301,PROD0004,1,25591.73,0,25591.73
ITEM0002609,ORD0001302,PROD0105,2,8086.41,0,16172.82
ITEM0002610,ORD0001302,PROD0173,4,8594.8,0,34379.2
ITEM0002611,ORD0001302,PROD0098,2,10950.31,0,21900.62
ITEM0002612,ORD0001302,PROD0056,4,4087.83,0,16351.32
ITEM0002613,ORD0001303,PROD0195,3,437.39,5,1246.56
ITEM0002614,ORD0001304,PROD0155,1,3659.76,5,3476.77
ITEM0002615,ORD0001305,PROD0178,1,1834.02,0,1834.02
ITEM0002616,ORD0001306,PROD0062,4,1138.67,15,3871.48
ITEM0002617,ORD0001306,PROD0132,2,1160.61,15,1973.04
ITEM0002618,ORD0001306,PROD0019,3,21504.79,15,54837.21
ITEM0002619,ORD0001307,PROD0188,1,1318.66,10,1186.79
ITEM0002620,ORD0001308,PROD0103,4,2970.53,0,11882.12
ITEM0002621,ORD0001309,PROD0091,2,10714.93,0,21429.86
ITEM0002622,ORD0001309,PROD0019,4,21504.79,0,86019.16
ITEM0002623,ORD0001310,PROD0001,4,4321.28,0,17285.12
ITEM0002624,ORD0001310,PROD0032,3,38426.75,0,115280.25
ITEM0002625,ORD0001311,PROD0005,3,40289.58,0,120868.74
ITEM0002626,ORD0001312,PROD0155,4,3659.76,10,13175.14
ITEM0002627,ORD0001313,PROD0110,1,232.06,15,197.25
ITEM0002628,ORD0001314,PROD0175,2,6709.6,0,13419.2
ITEM0002629,ORD0001315,PROD0180,4,5434.17,0,21736.68
ITEM0002630,ORD0001316,PROD0100,3,2072.2,0,6216.6
ITEM0002631,ORD0001316,PROD0056,2,4087.83,0,8175.66
ITEM0002632,ORD0001316,PROD0136,4,2648.04,0,10592.16
ITEM0002633,ORD0001316,PROD0013,2,40791.56,0,81583.12
ITEM0002634,ORD0001317,PROD0196,4,783.44,0,3133.76
ITEM0002635,ORD0001317,PROD0149,4,3462.42,0,13849.68
ITEM0002636,ORD0001317,PROD0095,3,5158.31,0,15474.93
ITEM0002637,ORD0001318,PROD0085,2,6089.41,0,12178.82
ITEM0002638,ORD0001318,PROD0024,2,57909.18,0,115818.36
ITEM0002639,ORD0001319,PROD0158,2,1726.09,0,3452.18
ITEM0002640,ORD0001319,PROD0092,4,12500.28,0,50001.12
ITEM0002641,ORD0001320,PROD0042,3,1233.59,0,3700.77
ITEM0002642,ORD0001321,PROD0179,3,11478.91,15,29271.22
ITEM0002643,ORD0001321,PROD0104,2,12889.74,15,21912.56
ITEM0002644,ORD0001321,PROD0045,1,3914.99,15,3327.74
ITEM0002645,ORD0001322,PROD0080,2,2405.82,0,4811.64
ITEM0002646,ORD0001322,PROD0045,3,3914.99,0,11744.97
ITEM0002647,ORD0001323,PROD0025,3,48796.51,15,124431.1
ITEM0002648,ORD0001324,PROD0133,3,3562.22,0,10686.66
ITEM0002649,ORD0001325,PROD0162,2,1300.66,10,2341.19
ITEM0002650,ORD0001325,PROD0082,3,2605.78,10,7035.61
ITEM0002651,ORD0001325,PROD0142,2,497.1,10,894.78
ITEM0002652,ORD0001326,PROD0083,1,1974.27,15,1678.13
ITEM0002653,ORD0001326,PROD0075,1,2702.38,15,2297.02
ITEM0002654,ORD0001326,PROD0073,1,346.89,15,294.86
ITEM0002655,ORD0001326,PROD0163,4,915.73,15,3113.48
ITEM0002656,ORD0001327,PROD0145,3,3126.57,5,8910.72
ITEM0002657,ORD0001327,PROD0068,3,827.32,5,2357.86
ITEM0002658,ORD0001327,PROD0112,3,885.01,5,2522.28
ITEM0002659,ORD0001328,PROD0065,3,1921.1,5,5475.13
ITEM0002660,ORD0001328,PROD0035,2,24304.78,5,46179.08
ITEM0002661,ORD0001328,PROD0117,1,6437.22,5,6115.36
ITEM0002662,ORD0001328,PROD0133,4,3562.22,5,13536.44
ITEM0002663,ORD0001329,PROD0020,2,47540.26,0,95080.52
ITEM0002664,ORD0001329,PROD0075,1,2702.38,0,2702.38
ITEM0002665,ORD0001329,PROD0121,1,389.01,0,389.01
ITEM0002666,ORD0001329,PROD0017,4,8120.73,0,32482.92
ITEM0002667,ORD0001329,PROD0161,3,3119.91,0,9359.73
ITEM0002668,ORD0001330,PROD0132,2,1160.61,0,2321.22
ITEM0002669,ORD0001330,PROD0060,1,3327.41,0,3327.41
ITEM0002670,ORD0001331,PROD0177,3,5985.15,5,17057.68
ITEM0002671,ORD0001331,PROD0195,2,437.39,5,831.04
ITEM0002672,ORD0001331,PROD0004,1,25591.73,5,24312.14
ITEM0002673,ORD0001332,PROD0011,3,58607.44,15,149448.97
ITEM0002674,ORD0001332,PROD0061,2,1507.1,15,2562.07
ITEM0002675,ORD0001333,PROD0105,3,8086.41,10,21833.31
ITEM0002676,ORD0001333,PROD0110,1,232.06,10,208.85
ITEM0002677,ORD0001333,PROD0199,4,1292.33,10,4652.39
ITEM0002678,ORD0001333,PROD0037,3,56353.69,10,152154.96
ITEM0002679,ORD0001334,PROD0103,4,2970.53,10,10693.91
ITEM0002680,ORD0001335,PROD0172,4,1025.46,0,4101.84
ITEM0002681,ORD0001336,PROD0092,1,12500.28,15,10625.24
ITEM0002682,ORD0001337,PROD0019,1,21504.79,10,19354.31
ITEM0002683,ORD0001337,PROD0150,2,4265.82,10,7678.48
ITEM0002684,ORD0001337,PROD0033,3,34304.44,10,92621.99
ITEM0002685,ORD0001337,PROD0094,3,8217.48,10,22187.2
ITEM0002686,ORD0001337,PROD0152,2,1817.42,10,3271.36
ITEM0002687,ORD0001338,PROD0014,1,7928.83,0,7928.83
ITEM0002688,ORD0001338,PROD0054,4,7111.73,0,28446.92
ITEM0002689,ORD0001339,PROD0055,4,3434.95,5,13052.81
ITEM0002690,ORD0001339,PROD0184,4,11703.06,5,44471.63
ITEM0002691,ORD0001339,PROD0138,3,1511.7,5,4308.34
ITEM0002692,ORD0001339,PROD0191,3,1435.77,5,4091.94
ITEM0002693,ORD0001340,PROD0073,4,346.89,10,1248.8
ITEM0002694,ORD0001340,PROD0020,2,47540.26,10,85572.47
ITEM0002695,ORD0001341,PROD0035,4,24304.78,5,92358.16
ITEM0002696,ORD0001342,PROD0041,1,3166.8,5,3008.46
ITEM0002697,ORD0001342,PROD0005,4,40289.58,5,153100.4
ITEM0002698,ORD0001343,PROD0152,3,1817.42,10,4907.03
ITEM0002699,ORD0001344,PROD0063,3,4348.36,10,11740.57
ITEM0002700,ORD0001344,PROD0132,2,1160.61,10,2089.1
ITEM0002701,ORD0001344,PROD0022,2,13967,10,25140.6
ITEM0002702,ORD0001344,PROD0071,1,3890.52,10,3501.47
ITEM0002703,ORD0001344,PROD0014,1,7928.83,10,7135.95
ITEM0002704,ORD0001345,PROD0060,2,3327.41,20,5323.86
ITEM0002705,ORD0001345,PROD0151,2,350.77,20,561.23
ITEM0002706,ORD0001346,PROD0042,2,1233.59,20,1973.74
ITEM0002707,ORD0001347,PROD0148,1,2543.16,15,2161.69
ITEM0002708,ORD0001348,PROD0127,2,9556.44,10,17201.59
ITEM0002709,ORD0001349,PROD0156,3,366.5,10,989.55
ITEM0002710,ORD0001349,PROD0153,2,1769.3,10,3184.74
ITEM0002711,ORD0001349,PROD0121,4,389.01,10,1400.44
ITEM0002712,ORD0001350,PROD0058,4,1179.58,5,4482.4
ITEM0002713,ORD0001350,PROD0106,4,478.86,5,1819.67
ITEM0002714,ORD0001351,PROD0108,1,8722.77,10,7850.49
ITEM0002715,ORD0001351,PROD0050,1,4918.81,10,4426.93
ITEM0002716,ORD0001351,PROD0071,2,3890.52,10,7002.94
ITEM0002717,ORD0001351,PROD0118,3,10931.14,10,29514.08
ITEM0002718,ORD0001352,PROD0004,1,25591.73,0,25591.73
ITEM0002719,ORD0001353,PROD0008,4,57369.56,5,218004.33
ITEM0002720,ORD0001354,PROD0029,4,50556.2,0,202224.8
ITEM0002721,ORD0001355,PROD0096,4,11526.42,10,41495.11
ITEM0002722,ORD0001356,PROD0160,3,756.75,10,2043.22
ITEM0002723,ORD0001357,PROD0103,3,2970.53,15,7574.85
ITEM0002724,ORD0001357,PROD0174,3,3533.54,15,9010.53
ITEM0002725,ORD0001357,PROD0071,3,3890.52,15,9920.83
ITEM0002726,ORD0001357,PROD0112,4,885.01,15,3009.03
ITEM0002727,ORD0001357,PROD0081,4,3032.39,15,10310.13
ITEM0002728,ORD0001358,PROD0022,2,13967,25,20950.5
ITEM0002729,ORD0001358,PROD0195,1,437.39,25,328.04
ITEM0002730,ORD0001358,PROD0092,4,12500.28,25,37500.84
ITEM0002731,ORD0001359,PROD0012,3,33141.38,0,99424.14
ITEM0002732,ORD0001359,PROD0135,2,1341.78,0,2683.56
ITEM0002733,ORD0001359,PROD0005,3,40289.58,0,120868.74
ITEM0002734,ORD0001359,PROD0195,1,437.39,0,437.39
ITEM0002735,ORD0001360,PROD0131,3,2976.52,10,8036.6
ITEM0002736,ORD0001361,PROD0070,2,1576.87,5,2996.05
ITEM0002737,ORD0001361,PROD0027,3,27299.16,5,77802.61
ITEM0002738,ORD0001362,PROD0080,3,2405.82,25,5413.1
ITEM0002739,ORD0001362,PROD0003,4,49712.42,25,149137.26
ITEM0002740,ORD0001362,PROD0117,3,6437.22,25,14483.74
ITEM0002741,ORD0001363,PROD0066,4,2108.12,20,6745.98
ITEM0002742,ORD0001363,PROD0027,3,27299.16,20,65517.98
ITEM0002743,ORD0001363,PROD0119,4,2991.81,20,9573.79
ITEM0002744,ORD0001363,PROD0172,2,1025.46,20,1640.74
ITEM0002745,ORD0001363,PROD0018,3,43707.38,20,104897.71
ITEM0002746,ORD0001364,PROD0087,2,5742.05,0,11484.1
ITEM0002747,ORD0001365,PROD0039,2,66174.82,10,119114.68
ITEM0002748,ORD0001365,PROD0081,4,3032.39,10,10916.6
ITEM0002749,ORD0001366,PROD0186,2,1358.84,5,2581.8
ITEM0002750,ORD0001366,PROD0027,1,27299.16,5,25934.2
ITEM0002751,ORD0001367,PROD0090,4,859.29,5,3265.3
ITEM0002752,ORD0001367,PROD0200,2,540.59,5,1027.12
ITEM0002753,ORD0001368,PROD0160,3,756.75,10,2043.22
ITEM0002754,ORD0001369,PROD0175,2,6709.6,0,13419.2
ITEM0002755,ORD0001369,PROD0097,2,7278.34,0,14556.68
ITEM0002756,ORD0001370,PROD0168,1,3183.64,5,3024.46
ITEM0002757,ORD0001370,PROD0036,2,68871.11,5,130855.11
ITEM0002758,ORD0001370,PROD0129,2,838.52,5,1593.19
ITEM0002759,ORD0001370,PROD0196,1,783.44,5,744.27
ITEM0002760,ORD0001371,PROD0003,2,49712.42,0,99424.84
ITEM0002761,ORD0001371,PROD0152,2,1817.42,0,3634.84
ITEM0002762,ORD0001371,PROD0002,4,50293.82,0,201175.28
ITEM0002763,ORD0001371,PROD0165,4,8926.78,0,35707.12
ITEM0002764,ORD0001372,PROD0046,4,6212.04,15,21120.94
ITEM0002765,ORD0001372,PROD0149,3,3462.42,15,8829.17
ITEM0002766,ORD0001373,PROD0142,1,497.1,5,472.24
ITEM0002767,ORD0001374,PROD0108,4,8722.77,10,31401.97
ITEM0002768,ORD0001374,PROD0067,3,7130.72,10,19252.94
ITEM0002769,ORD0001374,PROD0029,1,50556.2,10,45500.58
ITEM0002770,ORD0001374,PROD0098,4,10950.31,10,39421.12
ITEM0002771,ORD0001374,PROD0038,2,15904.21,10,28627.58
ITEM0002772,ORD0001375,PROD0034,1,50492.99,0,50492.99
ITEM0002773,ORD0001375,PROD0132,4,1160.61,0,4642.44
ITEM0002774,ORD0001375,PROD0046,4,6212.04,0,24848.16
ITEM0002775,ORD0001376,PROD0196,2,783.44,10,1410.19
ITEM0002776,ORD0001376,PROD0082,2,2605.78,10,4690.4
ITEM0002777,ORD0001377,PROD0109,1,6201.15,10,5581.04
ITEM0002778,ORD0001377,PROD0055,4,3434.95,10,12365.82
ITEM0002779,ORD0001378,PROD0183,2,4402.38,15,7484.05
ITEM0002780,ORD0001379,PROD0111,2,4186.75,0,8373.5
ITEM0002781,ORD0001380,PROD0107,4,5093.26,15,17317.08
ITEM0002782,ORD0001380,PROD0081,4,3032.39,15,10310.13
ITEM0002783,ORD0001380,PROD0174,2,3533.54,15,6007.02
ITEM0002784,ORD0001381,PROD0097,2,7278.34,10,13101.01
ITEM0002785,ORD0001382,PROD0080,4,2405.82,25,7217.46
ITEM0002786,ORD0001382,PROD0051,3,5103.04,25,11481.84
ITEM0002787,ORD0001383,PROD0131,4,2976.52,0,11906.08
ITEM0002788,ORD0001383,PROD0167,2,11229.68,0,22459.36
ITEM0002789,ORD0001383,PROD0188,1,1318.66,0,1318.66
ITEM0002790,ORD0001383,PROD0050,2,4918.81,0,9837.62
ITEM0002791,ORD0001384,PROD0141,4,1560.51,15,5305.73
ITEM0002792,ORD0001384,PROD0022,2,13967,15,23743.9
ITEM0002793,ORD0001384,PROD0106,4,478.86,15,1628.12
ITEM0002794,ORD0001385,PROD0049,2,567.72,5,1078.67
ITEM0002795,ORD0001385,PROD0032,1,38426.75,5,36505.41
ITEM0002796,ORD0001385,PROD0004,4,25591.73,5,97248.57
ITEM0002797,ORD0001385,PROD0026,2,40491.32,5,76933.51
ITEM0002798,ORD0001386,PROD0179,2,11478.91,10,20662.04
ITEM0002799,ORD0001386,PROD0138,4,1511.7,10,5442.12
ITEM0002800,ORD0001387,PROD0030,1,745.3,0,745.3
ITEM0002801,ORD0001387,PROD0197,4,490.98,0,1963.92
ITEM0002802,ORD0001388,PROD0033,1,34304.44,15,29158.77
ITEM0002803,ORD0001388,PROD0027,4,27299.16,15,92817.14
ITEM0002804,ORD0001389,PROD0153,2,1769.3,0,3538.6
ITEM0002805,ORD0001390,PROD0082,4,2605.78,10,9380.81
ITEM0002806,ORD0001390,PROD0106,3,478.86,10,1292.92
ITEM0002807,ORD0001391,PROD0040,1,63017.33,0,63017.33
ITEM0002808,ORD0001391,PROD0039,3,66174.82,0,198524.46
ITEM0002809,ORD0001392,PROD0141,1,1560.51,10,1404.46
ITEM0002810,ORD0001392,PROD0176,3,975.19,10,2633.01
ITEM0002811,ORD0001393,PROD0001,2,4321.28,0,8642.56
ITEM0002812,ORD0001393,PROD0182,1,2159.96,0,2159.96
ITEM0002813,ORD0001394,PROD0070,4,1576.87,5,5992.11
ITEM0002814,ORD0001395,PROD0003,4,49712.42,15,169022.23
ITEM0002815,ORD0001395,PROD0060,3,3327.41,15,8484.9
ITEM0002816,ORD0001396,PROD0076,1,1552.25,5,1474.64
ITEM0002817,ORD0001396,PROD0048,3,3151.51,5,8981.8
ITEM0002818,ORD0001396,PROD0164,2,3543.37,5,6732.4
ITEM0002819,ORD0001397,PROD0065,3,1921.1,0,5763.3
ITEM0002820,ORD0001398,PROD0063,1,4348.36,0,4348.36
ITEM0002821,ORD0001398,PROD0166,1,8733.51,0,8733.51
ITEM0002822,ORD0001398,PROD0072,3,1395.26,0,4185.78
ITEM0002823,ORD0001399,PROD0116,2,4368.06,20,6988.9
ITEM0002824,ORD0001400,PROD0059,4,3047.56,5,11580.73
ITEM0002825,ORD0001400,PROD0137,4,782.23,5,2972.47
ITEM0002826,ORD0001401,PROD0046,3,6212.04,0,18636.12
ITEM0002827,ORD0001402,PROD0153,2,1769.3,0,3538.6
ITEM0002828,ORD0001403,PROD0083,2,1974.27,0,3948.54
ITEM0002829,ORD0001404,PROD0101,1,1007.74,0,1007.74
ITEM0002830,ORD0001404,PROD0044,2,3912.72,0,7825.44
ITEM0002831,ORD0001404,PROD0169,2,3385.13,0,6770.26
ITEM0002832,ORD0001405,PROD0100,4,2072.2,0,8288.8
ITEM0002833,ORD0001405,PROD0027,3,27299.16,0,81897.48
ITEM0002834,ORD0001405,PROD0046,3,6212.04,0,18636.12
ITEM0002835,ORD0001405,PROD0057,4,742.06,0,2968.24
ITEM0002836,ORD0001405,PROD0130,4,3062.11,0,12248.44
ITEM0002837,ORD0001406,PROD0138,1,1511.7,5,1436.12
ITEM0002838,ORD0001407,PROD0159,4,584.29,0,2337.16
ITEM0002839,ORD0001408,PROD0050,1,4918.81,10,4426.93
ITEM0002840,ORD0001409,PROD0010,4,32892.86,0,131571.44
ITEM0002841,ORD0001410,PROD0192,4,867.73,25,2603.19
ITEM0002842,ORD0001411,PROD0116,4,4368.06,10,15725.02
ITEM0002843,ORD0001411,PROD0161,4,3119.91,10,11231.68
ITEM0002844,ORD0001411,PROD0026,4,40491.32,10,145768.75
ITEM0002845,ORD0001411,PROD0053,3,5844.47,10,15780.07
ITEM0002846,ORD0001412,PROD0115,4,11862.11,0,47448.44
ITEM0002847,ORD0001412,PROD0185,4,9871.56,0,39486.24
ITEM0002848,ORD0001413,PROD0151,1,350.77,0,350.77
ITEM0002849,ORD0001414,PROD0017,2,8120.73,15,13805.24
ITEM0002850,ORD0001415,PROD0078,1,3466.82,0,3466.82
ITEM0002851,ORD0001415,PROD0150,2,4265.82,0,8531.64
ITEM0002852,ORD0001416,PROD0135,1,1341.78,20,1073.42
ITEM0002853,ORD0001416,PROD0027,4,27299.16,20,87357.31
ITEM0002854,ORD0001417,PROD0046,4,6212.04,5,23605.75
ITEM0002855,ORD0001417,PROD0085,2,6089.41,5,11569.88
ITEM0002856,ORD0001418,PROD0005,2,40289.58,10,72521.24
ITEM0002857,ORD0001419,PROD0061,1,1507.1,0,1507.1
ITEM0002858,ORD0001420,PROD0114,4,12529.93,25,37589.79
ITEM0002859,ORD0001420,PROD0088,1,1045.29,25,783.97
ITEM0002860,ORD0001421,PROD0048,4,3151.51,25,9454.53
ITEM0002861,ORD0001422,PROD0177,2,5985.15,0,11970.3
ITEM0002862,ORD0001423,PROD0179,1,11478.91,10,10331.02
ITEM0002863,ORD0001423,PROD0178,4,1834.02,10,6602.47
ITEM0002864,ORD0001423,PROD0108,1,8722.77,10,7850.49
ITEM0002865,ORD0001423,PROD0035,4,24304.78,10,87497.21
ITEM0002866,ORD0001424,PROD0073,2,346.89,5,659.09
ITEM0002867,ORD0001424,PROD0197,1,490.98,5,466.43
ITEM0002868,ORD0001424,PROD0192,2,867.73,5,1648.69
ITEM0002869,ORD0001425,PROD0105,1,8086.41,5,7682.09
ITEM0002870,ORD0001426,PROD0016,3,43331.31,10,116994.54
ITEM0002871,ORD0001426,PROD0164,1,3543.37,10,3189.03
ITEM0002872,ORD0001427,PROD0058,2,1179.58,10,2123.24
ITEM0002873,ORD0001428,PROD0034,1,50492.99,0,50492.99
ITEM0002874,ORD0001428,PROD0188,2,1318.66,0,2637.32
ITEM0002875,ORD0001429,PROD0165,2,8926.78,5,16960.88
ITEM0002876,ORD0001430,PROD0149,2,3462.42,20,5539.87
ITEM0002877,ORD0001430,PROD0189,2,897.95,20,1436.72
ITEM0002878,ORD0001431,PROD0060,2,3327.41,5,6322.08
ITEM0002879,ORD0001432,PROD0080,3,2405.82,0,7217.46
ITEM0002880,ORD0001433,PROD0024,2,57909.18,0,115818.36
ITEM0002881,ORD0001434,PROD0090,2,859.29,0,1718.58
ITEM0002882,ORD0001434,PROD0095,1,5158.31,0,5158.31
ITEM0002883,ORD0001434,PROD0166,2,8733.51,0,17467.02
ITEM0002884,ORD0001434,PROD0105,4,8086.41,0,32345.64
ITEM0002885,ORD0001434,PROD0063,3,4348.36,0,13045.08
ITEM0002886,ORD0001435,PROD0033,3,34304.44,0,102913.32
ITEM0002887,ORD0001436,PROD0088,3,1045.29,10,2822.28
ITEM0002888,ORD0001437,PROD0080,2,2405.82,0,4811.64
ITEM0002889,ORD0001438,PROD0118,1,10931.14,0,10931.14
ITEM0002890,ORD0001438,PROD0176,1,975.19,0,975.19
ITEM0002891,ORD0001438,PROD0090,4,859.29,0,3437.16
ITEM0002892,ORD0001439,PROD0081,2,3032.39,0,6064.78
ITEM0002893,ORD0001439,PROD0176,2,975.19,0,1950.38
ITEM0002894,ORD0001439,PROD0119,1,2991.81,0,2991.81
ITEM0002895,ORD0001440,PROD0082,1,2605.78,15,2214.91
ITEM0002896,ORD0001440,PROD0049,3,567.72,15,1447.69
ITEM0002897,ORD0001440,PROD0007,4,27829.19,15,94619.25
ITEM0002898,ORD0001441,PROD0166,2,8733.51,10,15720.32
ITEM0002899,ORD0001442,PROD0127,4,9556.44,0,38225.76
ITEM0002900,ORD0001442,PROD0088,4,1045.29,0,4181.16
ITEM0002901,ORD0001443,PROD0105,4,8086.41,0,32345.64
ITEM0002902,ORD0001443,PROD0123,1,9762.37,0,9762.37
ITEM0002903,ORD0001443,PROD0005,1,40289.58,0,40289.58
ITEM0002904,ORD0001443,PROD0056,2,4087.83,0,8175.66
ITEM0002905,ORD0001443,PROD0177,2,5985.15,0,11970.3
ITEM0002906,ORD0001444,PROD0027,3,27299.16,0,81897.48
ITEM0002907,ORD0001444,PROD0136,1,2648.04,0,2648.04
ITEM0002908,ORD0001445,PROD0171,4,9896.61,0,39586.44
ITEM0002909,ORD0001445,PROD0054,4,7111.73,0,28446.92
ITEM0002910,ORD0001445,PROD0081,2,3032.39,0,6064.78
ITEM0002911,ORD0001445,PROD0029,3,50556.2,0,151668.6
ITEM0002912,ORD0001445,PROD0198,3,890.11,0,2670.33
ITEM0002913,ORD0001446,PROD0011,3,58607.44,0,175822.32
ITEM0002914,ORD0001447,PROD0032,1,38426.75,10,34584.08
ITEM0002915,ORD0001448,PROD0196,3,783.44,10,2115.29
ITEM0002916,ORD0001448,PROD0062,4,1138.67,10,4099.21
ITEM0002917,ORD0001449,PROD0053,3,5844.47,15,14903.4
ITEM0002918,ORD0001449,PROD0072,2,1395.26,15,2371.94
ITEM0002919,ORD0001449,PROD0121,2,389.01,15,661.32
ITEM0002920,ORD0001450,PROD0079,2,3868.77,0,7737.54
ITEM0002921,ORD0001451,PROD0036,4,68871.11,5,261710.22
ITEM0002922,ORD0001452,PROD0056,1,4087.83,0,4087.83
ITEM0002923,ORD0001452,PROD0132,4,1160.61,0,4642.44
ITEM0002924,ORD0001452,PROD0025,4,48796.51,0,195186.04
ITEM0002925,ORD0001453,PROD0072,2,1395.26,5,2650.99
ITEM0002926,ORD0001453,PROD0105,4,8086.41,5,30728.36
ITEM0002927,ORD0001453,PROD0155,2,3659.76,5,6953.54
ITEM0002928,ORD0001454,PROD0078,4,3466.82,10,12480.55
ITEM0002929,ORD0001454,PROD0154,4,1821.18,10,6556.25
ITEM0002930,ORD0001455,PROD0156,2,366.5,5,696.35
ITEM0002931,ORD0001456,PROD0116,1,4368.06,15,3712.85
ITEM0002932,ORD0001456,PROD0104,1,12889.74,15,10956.28
ITEM0002933,ORD0001456,PROD0092,3,12500.28,15,31875.71
ITEM0002934,ORD0001457,PROD0090,1,859.29,0,859.29
ITEM0002935,ORD0001458,PROD0121,4,389.01,10,1400.44
ITEM0002936,ORD0001459,PROD0067,1,7130.72,10,6417.65
ITEM0002937,ORD0001460,PROD0063,1,4348.36,5,4130.94
ITEM0002938,ORD0001461,PROD0149,4,3462.42,10,12464.71
ITEM0002939,ORD0001462,PROD0163,3,915.73,5,2609.83
ITEM0002940,ORD0001463,PROD0088,3,1045.29,10,2822.28
ITEM0002941,ORD0001463,PROD0075,4,2702.38,10,9728.57
ITEM0002942,ORD0001463,PROD0054,4,7111.73,10,25602.23
ITEM0002943,ORD0001464,PROD0007,4,27829.19,0,111316.76
ITEM0002944,ORD0001465,PROD0010,2,32892.86,15,55917.86
ITEM0002945,ORD0001465,PROD0146,2,4641.78,15,7891.03
ITEM0002946,ORD0001466,PROD0060,2,3327.41,10,5989.34
ITEM0002947,ORD0001466,PROD0112,2,885.01,10,1593.02
ITEM0002948,ORD0001467,PROD0004,4,25591.73,10,92130.23
ITEM0002949,ORD0001467,PROD0185,3,9871.56,10,26653.21
ITEM0002950,ORD0001467,PROD0030,3,745.3,10,2012.31
ITEM0002951,ORD0001468,PROD0016,4,43331.31,5,164658.98
ITEM0002952,ORD0001469,PROD0055,2,3434.95,0,6869.9
ITEM0002953,ORD0001470,PROD0199,4,1292.33,10,4652.39
ITEM0002954,ORD0001471,PROD0193,1,628.8,0,628.8
ITEM0002955,ORD0001472,PROD0094,1,8217.48,0,8217.48
ITEM0002956,ORD0001472,PROD0045,1,3914.99,0,3914.99
ITEM0002957,ORD0001472,PROD0155,3,3659.76,0,10979.28
ITEM0002958,ORD0001473,PROD0144,2,905.61,5,1720.66
ITEM0002959,ORD0001474,PROD0189,4,897.95,0,3591.8
ITEM0002960,ORD0001474,PROD0159,2,584.29,0,1168.58
ITEM0002961,ORD0001475,PROD0188,2,1318.66,10,2373.59
ITEM0002962,ORD0001475,PROD0144,4,905.61,10,3260.2
ITEM0002963,ORD0001476,PROD0058,1,1179.58,0,1179.58
ITEM0002964,ORD0001476,PROD0119,4,2991.81,0,11967.24
ITEM0002965,ORD0001477,PROD0197,3,490.98,5,1399.29
ITEM0002966,ORD0001477,PROD0063,2,4348.36,5,8261.88
ITEM0002967,ORD0001477,PROD0052,1,5153.96,5,4896.26
ITEM0002968,ORD0001478,PROD0004,4,25591.73,0,102366.92
ITEM0002969,ORD0001478,PROD0127,3,9556.44,0,28669.32
ITEM0002970,ORD0001478,PROD0114,3,12529.93,0,37589.79
ITEM0002971,ORD0001478,PROD0005,1,40289.58,0,40289.58
ITEM0002972,ORD0001478,PROD0197,4,490.98,0,1963.92
ITEM0002973,ORD0001479,PROD0081,1,3032.39,25,2274.29
ITEM0002974,ORD0001480,PROD0108,4,8722.77,0,34891.08
ITEM0002975,ORD0001480,PROD0112,3,885.01,0,2655.03
ITEM0002976,ORD0001481,PROD0096,4,11526.42,0,46105.68
ITEM0002977,ORD0001482,PROD0073,4,346.89,0,1387.56
ITEM0002978,ORD0001483,PROD0137,4,782.23,15,2659.58
ITEM0002979,ORD0001484,PROD0041,3,3166.8,10,8550.36
ITEM0002980,ORD0001485,PROD0001,4,4321.28,0,17285.12
ITEM0002981,ORD0001485,PROD0048,3,3151.51,0,9454.53
ITEM0002982,ORD0001486,PROD0196,3,783.44,10,2115.29
ITEM0002983,ORD0001487,PROD0168,1,3183.64,10,2865.28
ITEM0002984,ORD0001488,PROD0167,2,11229.68,0,22459.36
ITEM0002985,ORD0001488,PROD0181,3,5765.01,0,17295.03
ITEM0002986,ORD0001488,PROD0092,4,12500.28,0,50001.12
ITEM0002987,ORD0001488,PROD0197,1,490.98,0,490.98
ITEM0002988,ORD0001489,PROD0098,3,10950.31,0,32850.93
ITEM0002989,ORD0001489,PROD0090,3,859.29,0,2577.87
ITEM0002990,ORD0001490,PROD0183,1,4402.38,10,3962.14
ITEM0002991,ORD0001490,PROD0188,2,1318.66,10,2373.59
ITEM0002992,ORD0001490,PROD0041,1,3166.8,10,2850.12
ITEM0002993,ORD0001491,PROD0128,2,5930.45,0,11860.9
ITEM0002994,ORD0001491,PROD0160,4,756.75,0,3027
ITEM0002995,ORD0001491,PROD0178,4,1834.02,0,7336.08
ITEM0002996,ORD0001492,PROD0097,3,7278.34,15,18559.77
ITEM0002997,ORD0001493,PROD0043,3,5274.26,0,15822.78
ITEM0002998,ORD0001493,PROD0079,3,3868.77,0,11606.31
ITEM0002999,ORD0001493,PROD0063,3,4348.36,0,13045.08
ITEM0003000,ORD0001493,PROD0101,4,1007.74,0,4030.96
ITEM0003001,ORD0001493,PROD0008,1,57369.56,0,57369.56
ITEM0003002,ORD0001494,PROD0200,1,540.59,15,459.5
ITEM0003003,ORD0001495,PROD0093,3,12429.79,15,31695.96
ITEM0003004,ORD0001496,PROD0027,3,27299.16,20,65517.98
ITEM0003005,ORD0001496,PROD0053,4,5844.47,20,18702.3
ITEM0003006,ORD0001497,PROD0104,2,12889.74,0,25779.48
ITEM0003007,ORD0001497,PROD0200,2,540.59,0,1081.18
ITEM0003008,ORD0001498,PROD0003,4,49712.42,5,188907.2
ITEM0003009,ORD0001499,PROD0030,4,745.3,0,2981.2
ITEM0003010,ORD0001499,PROD0116,4,4368.06,0,17472.24
ITEM0003011,ORD0001499,PROD0013,3,40791.56,0,122374.68
ITEM0003012,ORD0001499,PROD0164,3,3543.37,0,10630.11
ITEM0003013,ORD0001500,PROD0165,1,8926.78,0,8926.78
ITEM0003014,ORD0001501,PROD0041,1,3166.8,20,2533.44
ITEM0003015,ORD0001502,PROD0005,2,40289.58,10,72521.24
ITEM0003016,ORD0001502,PROD0099,3,12519.55,10,33802.78
ITEM0003017,ORD0001502,PROD0058,4,1179.58,10,4246.49
ITEM0003018,ORD0001503,PROD0022,4,13967,20,44694.4
ITEM0003019,ORD0001504,PROD0162,2,1300.66,0,2601.32
ITEM0003020,ORD0001505,PROD0132,1,1160.61,15,986.52
ITEM0003021,ORD0001505,PROD0027,2,27299.16,15,46408.57
ITEM0003022,ORD0001506,PROD0011,2,58607.44,0,117214.88
ITEM0003023,ORD0001507,PROD0081,1,3032.39,10,2729.15
ITEM0003024,ORD0001507,PROD0075,2,2702.38,10,4864.28
ITEM0003025,ORD0001508,PROD0147,2,3374.12,5,6410.83
ITEM0003026,ORD0001508,PROD0067,1,7130.72,5,6774.18
ITEM0003027,ORD0001508,PROD0136,2,2648.04,5,5031.28
ITEM0003028,ORD0001509,PROD0096,2,11526.42,0,23052.84
ITEM0003029,ORD0001509,PROD0044,3,3912.72,0,11738.16
ITEM0003030,ORD0001510,PROD0070,3,1576.87,0,4730.61
ITEM0003031,ORD0001511,PROD0032,3,38426.75,0,115280.25
ITEM0003032,ORD0001512,PROD0027,2,27299.16,5,51868.4
ITEM0003033,ORD0001512,PROD0033,1,34304.44,5,32589.22
ITEM0003034,ORD0001512,PROD0127,4,9556.44,5,36314.47
ITEM0003035,ORD0001513,PROD0055,1,3434.95,10,3091.46
ITEM0003036,ORD0001514,PROD0098,2,10950.31,0,21900.62
ITEM0003037,ORD0001515,PROD0196,4,783.44,20,2507.01
ITEM0003038,ORD0001515,PROD0193,4,628.8,20,2012.16
ITEM0003039,ORD0001516,PROD0107,2,5093.26,0,10186.52
ITEM0003040,ORD0001517,PROD0159,3,584.29,15,1489.94
ITEM0003041,ORD0001518,PROD0142,1,497.1,0,497.1
ITEM0003042,ORD0001519,PROD0195,1,437.39,15,371.78
ITEM0003043,ORD0001519,PROD0133,3,3562.22,15,9083.66
ITEM0003044,ORD0001520,PROD0133,3,3562.22,0,10686.66
ITEM0003045,ORD0001520,PROD0061,2,1507.1,0,3014.2
ITEM0003046,ORD0001521,PROD0172,2,1025.46,15,1743.28
ITEM0003047,ORD0001521,PROD0061,4,1507.1,15,5124.14
ITEM0003048,ORD0001522,PROD0071,1,3890.52,0,3890.52
ITEM0003049,ORD0001522,PROD0157,3,1549.94,0,4649.82
ITEM0003050,ORD0001522,PROD0151,1,350.77,0,350.77
ITEM0003051,ORD0001523,PROD0085,3,6089.41,5,17354.82
ITEM0003052,ORD0001524,PROD0181,2,5765.01,5,10953.52
ITEM0003053,ORD0001524,PROD0137,4,782.23,5,2972.47
ITEM0003054,ORD0001525,PROD0168,1,3183.64,0,3183.64
ITEM0003055,ORD0001526,PROD0048,4,3151.51,0,12606.04
ITEM0003056,ORD0001527,PROD0088,2,1045.29,15,1776.99
ITEM0003057,ORD0001528,PROD0046,3,6212.04,10,16772.51
ITEM0003058,ORD0001529,PROD0018,1,43707.38,15,37151.27
ITEM0003059,ORD0001530,PROD0070,3,1576.87,20,3784.49
ITEM0003060,ORD0001530,PROD0097,2,7278.34,20,11645.34
ITEM0003061,ORD0001531,PROD0199,4,1292.33,10,4652.39
ITEM0003062,ORD0001531,PROD0090,4,859.29,10,3093.44
ITEM0003063,ORD0001531,PROD0072,1,1395.26,10,1255.73
ITEM0003064,ORD0001532,PROD0174,1,3533.54,0,3533.54
ITEM0003065,ORD0001533,PROD0189,2,897.95,15,1526.52
ITEM0003066,ORD0001533,PROD0093,3,12429.79,15,31695.96
ITEM0003067,ORD0001534,PROD0130,4,3062.11,0,12248.44
ITEM0003068,ORD0001534,PROD0016,3,43331.31,0,129993.93
ITEM0003069,ORD0001534,PROD0158,2,1726.09,0,3452.18
ITEM0003070,ORD0001535,PROD0106,1,478.86,20,383.09
ITEM0003071,ORD0001536,PROD0019,3,21504.79,5,61288.65
ITEM0003072,ORD0001536,PROD0118,4,10931.14,5,41538.33
ITEM0003073,ORD0001536,PROD0006,4,69356.89,5,263556.18
ITEM0003074,ORD0001537,PROD0156,1,366.5,15,311.52
ITEM0003075,ORD0001537,PROD0048,3,3151.51,15,8036.35
ITEM0003076,ORD0001538,PROD0004,1,25591.73,0,25591.73
ITEM0003077,ORD0001539,PROD0168,2,3183.64,10,5730.55
ITEM0003078,ORD0001539,PROD0010,2,32892.86,10,59207.15
ITEM0003079,ORD0001539,PROD0160,1,756.75,10,681.08
ITEM0003080,ORD0001540,PROD0056,1,4087.83,0,4087.83
ITEM0003081,ORD0001540,PROD0118,3,10931.14,0,32793.42
ITEM0003082,ORD0001541,PROD0162,4,1300.66,10,4682.38
ITEM0003083,ORD0001541,PROD0033,1,34304.44,10,30874
ITEM0003084,ORD0001541,PROD0112,3,885.01,10,2389.53
ITEM0003085,ORD0001541,PROD0133,1,3562.22,10,3206
ITEM0003086,ORD0001541,PROD0098,1,10950.31,10,9855.28
ITEM0003087,ORD0001542,PROD0174,3,3533.54,0,10600.62
ITEM0003088,ORD0001542,PROD0128,1,5930.45,0,5930.45
ITEM0003089,ORD0001543,PROD0160,2,756.75,10,1362.15
ITEM0003090,ORD0001543,PROD0101,4,1007.74,10,3627.86
ITEM0003091,ORD0001544,PROD0104,3,12889.74,0,38669.22
ITEM0003092,ORD0001544,PROD0152,2,1817.42,0,3634.84
ITEM0003093,ORD0001545,PROD0019,1,21504.79,5,20429.55
ITEM0003094,ORD0001545,PROD0166,3,8733.51,5,24890.5
ITEM0003095,ORD0001545,PROD0043,3,5274.26,5,15031.64
ITEM0003096,ORD0001545,PROD0058,2,1179.58,5,2241.2
ITEM0003097,ORD0001545,PROD0022,1,13967,5,13268.65
ITEM0003098,ORD0001546,PROD0191,3,1435.77,10,3876.58
ITEM0003099,ORD0001547,PROD0197,3,490.98,20,1178.35
ITEM0003100,ORD0001547,PROD0145,1,3126.57,20,2501.26
ITEM0003101,ORD0001547,PROD0148,3,2543.16,20,6103.58
ITEM0003102,ORD0001548,PROD0188,3,1318.66,15,3362.58
ITEM0003103,ORD0001549,PROD0114,2,12529.93,20,20047.89
ITEM0003104,ORD0001550,PROD0040,4,63017.33,20,201655.46
ITEM0003105,ORD0001551,PROD0080,2,2405.82,5,4571.06
ITEM0003106,ORD0001551,PROD0008,2,57369.56,5,109002.16
ITEM0003107,ORD0001551,PROD0186,4,1358.84,5,5163.59
ITEM0003108,ORD0001551,PROD0093,1,12429.79,5,11808.3
ITEM0003109,ORD0001552,PROD0101,1,1007.74,5,957.35
ITEM0003110,ORD0001553,PROD0084,4,784.26,0,3137.04
ITEM0003111,ORD0001553,PROD0099,2,12519.55,0,25039.1
ITEM0003112,ORD0001554,PROD0148,1,2543.16,0,2543.16
ITEM0003113,ORD0001554,PROD0052,1,5153.96,0,5153.96
ITEM0003114,ORD0001554,PROD0051,4,5103.04,0,20412.16
ITEM0003115,ORD0001555,PROD0044,2,3912.72,0,7825.44
ITEM0003116,ORD0001555,PROD0014,4,7928.83,0,31715.32
ITEM0003117,ORD0001555,PROD0183,1,4402.38,0,4402.38
ITEM0003118,ORD0001556,PROD0033,2,34304.44,0,68608.88
ITEM0003119,ORD0001557,PROD0094,2,8217.48,10,14791.46
ITEM0003120,ORD0001558,PROD0179,3,11478.91,15,29271.22
ITEM0003121,ORD0001558,PROD0182,1,2159.96,15,1835.97
ITEM0003122,ORD0001559,PROD0198,2,890.11,0,1780.22
ITEM0003123,ORD0001559,PROD0105,3,8086.41,0,24259.23
ITEM0003124,ORD0001559,PROD0173,2,8594.8,0,17189.6
ITEM0003125,ORD0001559,PROD0005,3,40289.58,0,120868.74
ITEM0003126,ORD0001560,PROD0153,2,1769.3,10,3184.74
ITEM0003127,ORD0001560,PROD0067,4,7130.72,10,25670.59
ITEM0003128,ORD0001561,PROD0106,2,478.86,0,957.72
ITEM0003129,ORD0001562,PROD0123,1,9762.37,0,9762.37
ITEM0003130,ORD0001563,PROD0040,3,63017.33,0,189051.99
ITEM0003131,ORD0001563,PROD0079,3,3868.77,0,11606.31
ITEM0003132,ORD0001563,PROD0101,1,1007.74,0,1007.74
ITEM0003133,ORD0001564,PROD0039,2,66174.82,0,132349.64
ITEM0003134,ORD0001565,PROD0138,4,1511.7,5,5744.46
ITEM0003135,ORD0001565,PROD0070,1,1576.87,5,1498.03
ITEM0003136,ORD0001565,PROD0090,1,859.29,5,816.33
ITEM0003137,ORD0001566,PROD0080,1,2405.82,5,2285.53
ITEM0003138,ORD0001567,PROD0157,3,1549.94,5,4417.33
ITEM0003139,ORD0001567,PROD0118,1,10931.14,5,10384.58
ITEM0003140,ORD0001567,PROD0185,3,9871.56,5,28133.95
ITEM0003141,ORD0001568,PROD0160,2,756.75,15,1286.47
ITEM0003142,ORD0001568,PROD0109,2,6201.15,15,10541.96
ITEM0003143,ORD0001568,PROD0077,1,6124.52,15,5205.84
ITEM0003144,ORD0001568,PROD0097,1,7278.34,15,6186.59
ITEM0003145,ORD0001569,PROD0092,4,12500.28,0,50001.12
ITEM0003146,ORD0001570,PROD0183,4,4402.38,15,14968.09
ITEM0003147,ORD0001570,PROD0198,1,890.11,15,756.59
ITEM0003148,ORD0001570,PROD0036,1,68871.11,15,58540.44
ITEM0003149,ORD0001571,PROD0041,1,3166.8,0,3166.8
ITEM0003150,ORD0001571,PROD0184,2,11703.06,0,23406.12
ITEM0003151,ORD0001571,PROD0152,1,1817.42,0,1817.42
ITEM0003152,ORD0001572,PROD0157,1,1549.94,10,1394.95
ITEM0003153,ORD0001572,PROD0018,3,43707.38,10,118009.93
ITEM0003154,ORD0001572,PROD0149,1,3462.42,10,3116.18
ITEM0003155,ORD0001572,PROD0162,1,1300.66,10,1170.59
ITEM0003156,ORD0001572,PROD0165,3,8926.78,10,24102.31
ITEM0003157,ORD0001573,PROD0050,2,4918.81,0,9837.62
ITEM0003158,ORD0001573,PROD0073,2,346.89,0,693.78
ITEM0003159,ORD0001574,PROD0030,3,745.3,0,2235.9
ITEM0003160,ORD0001574,PROD0107,3,5093.26,0,15279.78
ITEM0003161,ORD0001574,PROD0171,3,9896.61,0,29689.83
ITEM0003162,ORD0001574,PROD0153,1,1769.3,0,1769.3
ITEM0003163,ORD0001575,PROD0119,2,2991.81,0,5983.62
ITEM0003164,ORD0001576,PROD0172,3,1025.46,0,3076.38
ITEM0003165,ORD0001577,PROD0184,4,11703.06,5,44471.63
ITEM0003166,ORD0001577,PROD0165,2,8926.78,5,16960.88
ITEM0003167,ORD0001577,PROD0135,2,1341.78,5,2549.38
ITEM0003168,ORD0001578,PROD0101,3,1007.74,15,2569.74
ITEM0003169,ORD0001578,PROD0166,1,8733.51,15,7423.48
ITEM0003170,ORD0001578,PROD0175,3,6709.6,15,17109.48
ITEM0003171,ORD0001579,PROD0192,4,867.73,0,3470.92
ITEM0003172,ORD0001579,PROD0156,4,366.5,0,1466
ITEM0003173,ORD0001579,PROD0180,2,5434.17,0,10868.34
ITEM0003174,ORD0001580,PROD0138,1,1511.7,0,1511.7
ITEM0003175,ORD0001581,PROD0164,4,3543.37,15,12047.46
ITEM0003176,ORD0001581,PROD0189,3,897.95,15,2289.77
ITEM0003177,ORD0001581,PROD0028,3,74581.74,15,190183.44
ITEM0003178,ORD0001582,PROD0030,1,745.3,0,745.3
ITEM0003179,ORD0001582,PROD0147,1,3374.12,0,3374.12
ITEM0003180,ORD0001582,PROD0057,1,742.06,0,742.06
ITEM0003181,ORD0001583,PROD0034,2,50492.99,15,85838.08
ITEM0003182,ORD0001584,PROD0156,4,366.5,0,1466
ITEM0003183,ORD0001585,PROD0028,1,74581.74,20,59665.39
ITEM0003184,ORD0001585,PROD0174,2,3533.54,20,5653.66
ITEM0003185,ORD0001585,PROD0014,3,7928.83,20,19029.19
ITEM0003186,ORD0001585,PROD0145,3,3126.57,20,7503.77
ITEM0003187,ORD0001585,PROD0078,4,3466.82,20,11093.82
ITEM0003188,ORD0001586,PROD0031,2,9586.34,5,18214.05
ITEM0003189,ORD0001586,PROD0104,4,12889.74,5,48981.01
ITEM0003190,ORD0001586,PROD0123,2,9762.37,5,18548.5
ITEM0003191,ORD0001587,PROD0015,3,67106.58,0,201319.74
ITEM0003192,ORD0001588,PROD0023,4,1503.94,10,5414.18
ITEM0003193,ORD0001588,PROD0059,3,3047.56,10,8228.41
ITEM0003194,ORD0001589,PROD0037,4,56353.69,25,169061.07
ITEM0003195,ORD0001589,PROD0191,1,1435.77,25,1076.83
ITEM0003196,ORD0001589,PROD0127,3,9556.44,25,21501.99
ITEM0003197,ORD0001589,PROD0186,4,1358.84,25,4076.52
ITEM0003198,ORD0001590,PROD0022,4,13967,20,44694.4
ITEM0003199,ORD0001590,PROD0113,1,8226.58,20,6581.26
ITEM0003200,ORD0001590,PROD0127,1,9556.44,20,7645.15
ITEM0003201,ORD0001591,PROD0163,3,915.73,5,2609.83
ITEM0003202,ORD0001592,PROD0054,3,7111.73,5,20268.43
ITEM0003203,ORD0001593,PROD0131,1,2976.52,0,2976.52
ITEM0003204,ORD0001594,PROD0118,1,10931.14,15,9291.47
ITEM0003205,ORD0001594,PROD0062,3,1138.67,15,2903.61
ITEM0003206,ORD0001595,PROD0166,3,8733.51,10,23580.48
ITEM0003207,ORD0001596,PROD0150,3,4265.82,0,12797.46
ITEM0003208,ORD0001596,PROD0190,2,1254.49,0,2508.98
ITEM0003209,ORD0001596,PROD0141,3,1560.51,0,4681.53
ITEM0003210,ORD0001596,PROD0019,3,21504.79,0,64514.37
ITEM0003211,ORD0001596,PROD0066,2,2108.12,0,4216.24
ITEM0003212,ORD0001597,PROD0197,2,490.98,0,981.96
ITEM0003213,ORD0001597,PROD0091,2,10714.93,0,21429.86
ITEM0003214,ORD0001598,PROD0065,4,1921.1,10,6915.96
ITEM0003215,ORD0001598,PROD0131,1,2976.52,10,2678.87
ITEM0003216,ORD0001599,PROD0188,4,1318.66,15,4483.44
ITEM0003217,ORD0001599,PROD0193,3,628.8,15,1603.44
ITEM0003218,ORD0001599,PROD0073,2,346.89,15,589.71
ITEM0003219,ORD0001600,PROD0059,2,3047.56,0,6095.12
ITEM0003220,ORD0001601,PROD0048,1,3151.51,15,2678.78
ITEM0003221,ORD0001602,PROD0196,1,783.44,10,705.1
ITEM0003222,ORD0001602,PROD0175,1,6709.6,10,6038.64
ITEM0003223,ORD0001602,PROD0166,2,8733.51,10,15720.32
ITEM0003224,ORD0001602,PROD0119,3,2991.81,10,8077.89
ITEM0003225,ORD0001603,PROD0039,4,66174.82,20,211759.42
ITEM0003226,ORD0001604,PROD0123,4,9762.37,5,37097.01
ITEM0003227,ORD0001604,PROD0193,3,628.8,5,1792.08
ITEM0003228,ORD0001604,PROD0057,2,742.06,5,1409.91
ITEM0003229,ORD0001605,PROD0186,2,1358.84,5,2581.8
ITEM0003230,ORD0001606,PROD0178,4,1834.02,10,6602.47
ITEM0003231,ORD0001606,PROD0148,1,2543.16,10,2288.84
ITEM0003232,ORD0001607,PROD0054,4,7111.73,5,27024.57
ITEM0003233,ORD0001607,PROD0097,1,7278.34,5,6914.42
ITEM0003234,ORD0001607,PROD0093,4,12429.79,5,47233.2
ITEM0003235,ORD0001607,PROD0049,2,567.72,5,1078.67
ITEM0003236,ORD0001608,PROD0135,3,1341.78,0,4025.34
ITEM0003237,ORD0001608,PROD0007,2,27829.19,0,55658.38
ITEM0003238,ORD0001608,PROD0014,4,7928.83,0,31715.32
ITEM0003239,ORD0001609,PROD0181,4,5765.01,0,23060.04
ITEM0003240,ORD0001610,PROD0185,3,9871.56,10,26653.21
ITEM0003241,ORD0001611,PROD0123,2,9762.37,15,16596.03
ITEM0003242,ORD0001612,PROD0005,2,40289.58,0,80579.16
ITEM0003243,ORD0001612,PROD0147,3,3374.12,0,10122.36
ITEM0003244,ORD0001613,PROD0090,1,859.29,0,859.29
ITEM0003245,ORD0001613,PROD0044,2,3912.72,0,7825.44
ITEM0003246,ORD0001613,PROD0051,3,5103.04,0,15309.12
ITEM0003247,ORD0001614,PROD0104,3,12889.74,20,30935.38
ITEM0003248,ORD0001614,PROD0188,1,1318.66,20,1054.93
ITEM0003249,ORD0001614,PROD0190,2,1254.49,20,2007.18
ITEM0003250,ORD0001614,PROD0020,2,47540.26,20,76064.42
ITEM0003251,ORD0001615,PROD0142,4,497.1,0,1988.4
ITEM0003252,ORD0001615,PROD0110,4,232.06,0,928.24
ITEM0003253,ORD0001615,PROD0128,3,5930.45,0,17791.35
ITEM0003254,ORD0001616,PROD0085,4,6089.41,25,18268.23
ITEM0003255,ORD0001617,PROD0130,2,3062.11,20,4899.38
ITEM0003256,ORD0001618,PROD0176,4,975.19,5,3705.72
ITEM0003257,ORD0001618,PROD0192,4,867.73,5,3297.37
ITEM0003258,ORD0001619,PROD0159,4,584.29,10,2103.44
ITEM0003259,ORD0001620,PROD0132,1,1160.61,5,1102.58
ITEM0003260,ORD0001621,PROD0095,2,5158.31,10,9284.96
ITEM0003261,ORD0001621,PROD0199,2,1292.33,10,2326.19
ITEM0003262,ORD0001622,PROD0192,2,867.73,0,1735.46
ITEM0003263,ORD0001622,PROD0088,1,1045.29,0,1045.29
ITEM0003264,ORD0001623,PROD0006,3,69356.89,25,156053
ITEM0003265,ORD0001624,PROD0154,4,1821.18,0,7284.72
ITEM0003266,ORD0001624,PROD0033,3,34304.44,0,102913.32
ITEM0003267,ORD0001625,PROD0174,1,3533.54,0,3533.54
ITEM0003268,ORD0001625,PROD0076,4,1552.25,0,6209
ITEM0003269,ORD0001625,PROD0072,3,1395.26,0,4185.78
ITEM0003270,ORD0001625,PROD0123,4,9762.37,0,39049.48
ITEM0003271,ORD0001625,PROD0090,2,859.29,0,1718.58
ITEM0003272,ORD0001626,PROD0091,4,10714.93,0,42859.72
ITEM0003273,ORD0001627,PROD0107,2,5093.26,0,10186.52
ITEM0003274,ORD0001627,PROD0116,1,4368.06,0,4368.06
ITEM0003275,ORD0001627,PROD0060,3,3327.41,0,9982.23
ITEM0003276,ORD0001628,PROD0118,3,10931.14,10,29514.08
ITEM0003277,ORD0001629,PROD0109,2,6201.15,10,11162.07
ITEM0003278,ORD0001629,PROD0106,3,478.86,10,1292.92
ITEM0003279,ORD0001629,PROD0165,3,8926.78,10,24102.31
ITEM0003280,ORD0001629,PROD0199,3,1292.33,10,3489.29
ITEM0003281,ORD0001629,PROD0143,4,382.09,10,1375.52
ITEM0003282,ORD0001630,PROD0133,2,3562.22,0,7124.44
ITEM0003283,ORD0001631,PROD0171,1,9896.61,10,8906.95
ITEM0003284,ORD0001632,PROD0152,3,1817.42,0,5452.26
ITEM0003285,ORD0001633,PROD0020,2,47540.26,0,95080.52
ITEM0003286,ORD0001633,PROD0044,1,3912.72,0,3912.72
ITEM0003287,ORD0001634,PROD0027,4,27299.16,20,87357.31
ITEM0003288,ORD0001635,PROD0123,3,9762.37,20,23429.69
ITEM0003289,ORD0001636,PROD0103,3,2970.53,15,7574.85
ITEM0003290,ORD0001636,PROD0042,4,1233.59,15,4194.21
ITEM0003291,ORD0001636,PROD0071,4,3890.52,15,13227.77
ITEM0003292,ORD0001636,PROD0002,3,50293.82,15,128249.24
ITEM0003293,ORD0001637,PROD0007,1,27829.19,0,27829.19
ITEM0003294,ORD0001638,PROD0191,4,1435.77,0,5743.08
ITEM0003295,ORD0001638,PROD0189,4,897.95,0,3591.8
ITEM0003296,ORD0001639,PROD0010,1,32892.86,0,32892.86
ITEM0003297,ORD0001639,PROD0128,3,5930.45,0,17791.35
ITEM0003298,ORD0001640,PROD0115,4,11862.11,0,47448.44
ITEM0003299,ORD0001640,PROD0084,4,784.26,0,3137.04
ITEM0003300,ORD0001640,PROD0048,4,3151.51,0,12606.04
ITEM0003301,ORD0001641,PROD0164,3,3543.37,0,10630.11
ITEM0003302,ORD0001642,PROD0070,4,1576.87,5,5992.11
ITEM0003303,ORD0001642,PROD0064,2,4156.77,5,7897.86
ITEM0003304,ORD0001642,PROD0025,2,48796.51,5,92713.37
ITEM0003305,ORD0001643,PROD0065,4,1921.1,10,6915.96
ITEM0003306,ORD0001644,PROD0178,3,1834.02,15,4676.75
ITEM0003307,ORD0001644,PROD0105,2,8086.41,15,13746.9
ITEM0003308,ORD0001645,PROD0010,2,32892.86,10,59207.15
ITEM0003309,ORD0001645,PROD0073,3,346.89,10,936.6
ITEM0003310,ORD0001646,PROD0157,2,1549.94,0,3099.88
ITEM0003311,ORD0001647,PROD0042,3,1233.59,25,2775.58
ITEM0003312,ORD0001648,PROD0092,1,12500.28,5,11875.27
ITEM0003313,ORD0001649,PROD0068,3,827.32,5,2357.86
ITEM0003314,ORD0001649,PROD0112,4,885.01,5,3363.04
ITEM0003315,ORD0001650,PROD0172,4,1025.46,0,4101.84
ITEM0003316,ORD0001650,PROD0152,3,1817.42,0,5452.26
ITEM0003317,ORD0001650,PROD0068,4,827.32,0,3309.28
ITEM0003318,ORD0001650,PROD0026,2,40491.32,0,80982.64
ITEM0003319,ORD0001651,PROD0198,1,890.11,0,890.11
ITEM0003320,ORD0001651,PROD0083,3,1974.27,0,5922.81
ITEM0003321,ORD0001651,PROD0108,2,8722.77,0,17445.54
ITEM0003322,ORD0001651,PROD0049,2,567.72,0,1135.44
ITEM0003323,ORD0001651,PROD0191,4,1435.77,0,5743.08
ITEM0003324,ORD0001652,PROD0067,2,7130.72,0,14261.44
ITEM0003325,ORD0001652,PROD0092,3,12500.28,0,37500.84
ITEM0003326,ORD0001652,PROD0030,3,745.3,0,2235.9
ITEM0003327,ORD0001653,PROD0143,3,382.09,15,974.33
ITEM0003328,ORD0001654,PROD0003,4,49712.42,0,198849.68
ITEM0003329,ORD0001654,PROD0011,3,58607.44,0,175822.32
ITEM0003330,ORD0001654,PROD0145,4,3126.57,0,12506.28
ITEM0003331,ORD0001655,PROD0175,4,6709.6,0,26838.4
ITEM0003332,ORD0001656,PROD0061,3,1507.1,5,4295.23
ITEM0003333,ORD0001657,PROD0100,1,2072.2,5,1968.59
ITEM0003334,ORD0001658,PROD0059,1,3047.56,10,2742.8
ITEM0003335,ORD0001658,PROD0012,1,33141.38,10,29827.24
ITEM0003336,ORD0001658,PROD0049,2,567.72,10,1021.9
ITEM0003337,ORD0001658,PROD0026,2,40491.32,10,72884.38
ITEM0003338,ORD0001658,PROD0082,3,2605.78,10,7035.61
ITEM0003339,ORD0001659,PROD0082,3,2605.78,0,7817.34
ITEM0003340,ORD0001659,PROD0025,3,48796.51,0,146389.53
ITEM0003341,ORD0001659,PROD0051,1,5103.04,0,5103.04
ITEM0003342,ORD0001660,PROD0162,1,1300.66,0,1300.66
ITEM0003343,ORD0001660,PROD0077,4,6124.52,0,24498.08
ITEM0003344,ORD0001661,PROD0141,1,1560.51,10,1404.46
ITEM0003345,ORD0001661,PROD0130,3,3062.11,10,8267.7
ITEM0003346,ORD0001662,PROD0181,4,5765.01,0,23060.04
ITEM0003347,ORD0001663,PROD0062,1,1138.67,25,854
ITEM0003348,ORD0001663,PROD0150,3,4265.82,25,9598.09
ITEM0003349,ORD0001664,PROD0011,2,58607.44,5,111354.14
ITEM0003350,ORD0001665,PROD0194,2,238.12,0,476.24
ITEM0003351,ORD0001665,PROD0049,3,567.72,0,1703.16
ITEM0003352,ORD0001666,PROD0127,1,9556.44,0,9556.44
ITEM0003353,ORD0001667,PROD0148,1,2543.16,20,2034.53
ITEM0003354,ORD0001667,PROD0011,4,58607.44,20,187543.81
ITEM0003355,ORD0001668,PROD0162,2,1300.66,15,2211.12
ITEM0003356,ORD0001668,PROD0048,4,3151.51,15,10715.13
ITEM0003357,ORD0001669,PROD0165,4,8926.78,5,33921.76
ITEM0003358,ORD0001669,PROD0163,2,915.73,5,1739.89
ITEM0003359,ORD0001669,PROD0193,2,628.8,5,1194.72
ITEM0003360,ORD0001670,PROD0014,4,7928.83,0,31715.32
ITEM0003361,ORD0001670,PROD0051,4,5103.04,0,20412.16
ITEM0003362,ORD0001670,PROD0072,2,1395.26,0,2790.52
ITEM0003363,ORD0001671,PROD0040,1,63017.33,0,63017.33
ITEM0003364,ORD0001672,PROD0190,2,1254.49,20,2007.18
ITEM0003365,ORD0001672,PROD0132,1,1160.61,20,928.49
ITEM0003366,ORD0001672,PROD0011,1,58607.44,20,46885.95
ITEM0003367,ORD0001673,PROD0104,3,12889.74,0,38669.22
ITEM0003368,ORD0001674,PROD0100,2,2072.2,15,3522.74
ITEM0003369,ORD0001674,PROD0064,3,4156.77,15,10599.76
ITEM0003370,ORD0001675,PROD0148,3,2543.16,0,7629.48
ITEM0003371,ORD0001675,PROD0158,3,1726.09,0,5178.27
ITEM0003372,ORD0001676,PROD0093,1,12429.79,0,12429.79
ITEM0003373,ORD0001677,PROD0097,2,7278.34,5,13828.85
ITEM0003374,ORD0001677,PROD0094,3,8217.48,5,23419.82
ITEM0003375,ORD0001678,PROD0066,4,2108.12,0,8432.48
ITEM0003376,ORD0001679,PROD0158,3,1726.09,10,4660.44
ITEM0003377,ORD0001680,PROD0044,1,3912.72,15,3325.81
ITEM0003378,ORD0001681,PROD0175,4,6709.6,10,24154.56
ITEM0003379,ORD0001682,PROD0066,1,2108.12,15,1791.9
ITEM0003380,ORD0001683,PROD0052,2,5153.96,0,10307.92
ITEM0003381,ORD0001684,PROD0051,3,5103.04,10,13778.21
ITEM0003382,ORD0001684,PROD0090,3,859.29,10,2320.08
ITEM0003383,ORD0001684,PROD0142,4,497.1,10,1789.56
ITEM0003384,ORD0001684,PROD0160,3,756.75,10,2043.22
ITEM0003385,ORD0001685,PROD0151,3,350.77,0,1052.31
ITEM0003386,ORD0001685,PROD0056,4,4087.83,0,16351.32
ITEM0003387,ORD0001685,PROD0082,3,2605.78,0,7817.34
ITEM0003388,ORD0001686,PROD0040,3,63017.33,5,179599.39
ITEM0003389,ORD0001687,PROD0163,2,915.73,0,1831.46
ITEM0003390,ORD0001688,PROD0158,3,1726.09,20,4142.62
ITEM0003391,ORD0001688,PROD0043,3,5274.26,20,12658.22
ITEM0003392,ORD0001689,PROD0195,2,437.39,0,874.78
ITEM0003393,ORD0001690,PROD0003,2,49712.42,20,79539.87
ITEM0003394,ORD0001690,PROD0084,1,784.26,20,627.41
ITEM0003395,ORD0001690,PROD0146,3,4641.78,20,11140.27
ITEM0003396,ORD0001691,PROD0100,2,2072.2,0,4144.4
ITEM0003397,ORD0001691,PROD0095,2,5158.31,0,10316.62
ITEM0003398,ORD0001691,PROD0153,2,1769.3,0,3538.6
ITEM0003399,ORD0001691,PROD0169,2,3385.13,0,6770.26
ITEM0003400,ORD0001691,PROD0154,2,1821.18,0,3642.36
ITEM0003401,ORD0001692,PROD0131,2,2976.52,5,5655.39
ITEM0003402,ORD0001692,PROD0081,1,3032.39,5,2880.77
ITEM0003403,ORD0001693,PROD0174,4,3533.54,0,14134.16
ITEM0003404,ORD0001694,PROD0026,2,40491.32,5,76933.51
ITEM0003405,ORD0001694,PROD0150,1,4265.82,5,4052.53
ITEM0003406,ORD0001694,PROD0036,1,68871.11,5,65427.55
ITEM0003407,ORD0001694,PROD0198,1,890.11,5,845.6
ITEM0003408,ORD0001694,PROD0031,4,9586.34,5,36428.09
ITEM0003409,ORD0001695,PROD0160,2,756.75,10,1362.15
ITEM0003410,ORD0001695,PROD0083,2,1974.27,10,3553.69
ITEM0003411,ORD0001696,PROD0038,3,15904.21,5,45327
ITEM0003412,ORD0001696,PROD0020,3,47540.26,5,135489.74
ITEM0003413,ORD0001697,PROD0148,1,2543.16,0,2543.16
ITEM0003414,ORD0001698,PROD0169,1,3385.13,20,2708.1
ITEM0003415,ORD0001698,PROD0136,3,2648.04,20,6355.3
ITEM0003416,ORD0001698,PROD0018,3,43707.38,20,104897.71
ITEM0003417,ORD0001699,PROD0180,3,5434.17,0,16302.51
ITEM0003418,ORD0001699,PROD0013,1,40791.56,0,40791.56
ITEM0003419,ORD0001700,PROD0068,4,827.32,15,2812.89
ITEM0003420,ORD0001701,PROD0100,2,2072.2,15,3522.74
ITEM0003421,ORD0001702,PROD0158,4,1726.09,5,6559.14
ITEM0003422,ORD0001703,PROD0003,4,49712.42,5,188907.2
ITEM0003423,ORD0001704,PROD0198,2,890.11,10,1602.2
ITEM0003424,ORD0001704,PROD0097,4,7278.34,10,26202.02
ITEM0003425,ORD0001705,PROD0156,4,366.5,0,1466
ITEM0003426,ORD0001705,PROD0114,2,12529.93,0,25059.86
ITEM0003427,ORD0001705,PROD0127,4,9556.44,0,38225.76
ITEM0003428,ORD0001705,PROD0117,4,6437.22,0,25748.88
ITEM0003429,ORD0001705,PROD0005,4,40289.58,0,161158.32
ITEM0003430,ORD0001706,PROD0067,1,7130.72,0,7130.72
ITEM0003431,ORD0001707,PROD0173,3,8594.8,0,25784.4
ITEM0003432,ORD0001707,PROD0144,4,905.61,0,3622.44
ITEM0003433,ORD0001708,PROD0189,4,897.95,15,3053.03
ITEM0003434,ORD0001708,PROD0178,3,1834.02,15,4676.75
ITEM0003435,ORD0001708,PROD0186,1,1358.84,15,1155.01
ITEM0003436,ORD0001709,PROD0141,1,1560.51,25,1170.38
ITEM0003437,ORD0001709,PROD0020,2,47540.26,25,71310.39
ITEM0003438,ORD0001710,PROD0088,2,1045.29,5,1986.05
ITEM0003439,ORD0001710,PROD0038,2,15904.21,5,30218
ITEM0003440,ORD0001710,PROD0071,1,3890.52,5,3695.99
ITEM0003441,ORD0001711,PROD0176,3,975.19,25,2194.18
ITEM0003442,ORD0001712,PROD0107,3,5093.26,5,14515.79
ITEM0003443,ORD0001712,PROD0179,1,11478.91,5,10904.96
ITEM0003444,ORD0001712,PROD0035,2,24304.78,5,46179.08
ITEM0003445,ORD0001713,PROD0078,2,3466.82,15,5893.59
ITEM0003446,ORD0001714,PROD0037,1,56353.69,5,53536.01
ITEM0003447,ORD0001715,PROD0183,2,4402.38,0,8804.76
ITEM0003448,ORD0001715,PROD0105,2,8086.41,0,16172.82
ITEM0003449,ORD0001715,PROD0103,4,2970.53,0,11882.12
ITEM0003450,ORD0001715,PROD0071,2,3890.52,0,7781.04
ITEM0003451,ORD0001716,PROD0094,3,8217.48,0,24652.44
ITEM0003452,ORD0001717,PROD0006,3,69356.89,10,187263.6
ITEM0003453,ORD0001717,PROD0189,3,897.95,10,2424.47
ITEM0003454,ORD0001717,PROD0076,4,1552.25,10,5588.1
ITEM0003455,ORD0001718,PROD0092,3,12500.28,0,37500.84
ITEM0003456,ORD0001719,PROD0070,3,1576.87,10,4257.55
ITEM0003457,ORD0001719,PROD0038,3,15904.21,10,42941.37
ITEM0003458,ORD0001720,PROD0091,2,10714.93,20,17143.89
ITEM0003459,ORD0001720,PROD0062,4,1138.67,20,3643.74
ITEM0003460,ORD0001721,PROD0127,3,9556.44,10,25802.39
ITEM0003461,ORD0001721,PROD0200,3,540.59,10,1459.59
ITEM0003462,ORD0001722,PROD0176,4,975.19,0,3900.76
ITEM0003463,ORD0001722,PROD0191,1,1435.77,0,1435.77
ITEM0003464,ORD0001722,PROD0181,3,5765.01,0,17295.03
ITEM0003465,ORD0001722,PROD0149,3,3462.42,0,10387.26
ITEM0003466,ORD0001723,PROD0130,1,3062.11,15,2602.79
ITEM0003467,ORD0001724,PROD0192,1,867.73,0,867.73
ITEM0003468,ORD0001724,PROD0135,2,1341.78,0,2683.56
ITEM0003469,ORD0001724,PROD0197,2,490.98,0,981.96
ITEM0003470,ORD0001724,PROD0052,3,5153.96,0,15461.88
ITEM0003471,ORD0001725,PROD0027,4,27299.16,0,109196.64
ITEM0003472,ORD0001726,PROD0040,3,63017.33,25,141788.99
ITEM0003473,ORD0001727,PROD0163,1,915.73,10,824.16
ITEM0003474,ORD0001727,PROD0165,3,8926.78,10,24102.31
ITEM0003475,ORD0001728,PROD0062,2,1138.67,10,2049.61
ITEM0003476,ORD0001728,PROD0143,2,382.09,10,687.76
ITEM0003477,ORD0001728,PROD0144,1,905.61,10,815.05
ITEM0003478,ORD0001729,PROD0090,4,859.29,15,2921.59
ITEM0003479,ORD0001730,PROD0138,4,1511.7,5,5744.46
ITEM0003480,ORD0001731,PROD0082,2,2605.78,0,5211.56
ITEM0003481,ORD0001732,PROD0060,3,3327.41,15,8484.9
ITEM0003482,ORD0001733,PROD0039,2,66174.82,5,125732.16
ITEM0003483,ORD0001733,PROD0026,3,40491.32,5,115400.26
ITEM0003484,ORD0001734,PROD0161,3,3119.91,10,8423.76
ITEM0003485,ORD0001735,PROD0091,3,10714.93,10,28930.31
ITEM0003486,ORD0001736,PROD0084,3,784.26,0,2352.78
ITEM0003487,ORD0001736,PROD0085,2,6089.41,0,12178.82
ITEM0003488,ORD0001737,PROD0013,3,40791.56,15,104018.48
ITEM0003489,ORD0001738,PROD0150,3,4265.82,10,11517.71
ITEM0003490,ORD0001738,PROD0032,1,38426.75,10,34584.08
ITEM0003491,ORD0001738,PROD0121,2,389.01,10,700.22
ITEM0003492,ORD0001738,PROD0095,4,5158.31,10,18569.92
ITEM0003493,ORD0001739,PROD0013,4,40791.56,20,130532.99
ITEM0003494,ORD0001739,PROD0067,4,7130.72,20,22818.3
ITEM0003495,ORD0001739,PROD0186,3,1358.84,20,3261.22
ITEM0003496,ORD0001739,PROD0096,3,11526.42,20,27663.41
ITEM0003497,ORD0001740,PROD0178,3,1834.02,10,4951.85
ITEM0003498,ORD0001740,PROD0004,1,25591.73,10,23032.56
ITEM0003499,ORD0001741,PROD0162,2,1300.66,0,2601.32
ITEM0003500,ORD0001742,PROD0018,2,43707.38,20,69931.81
ITEM0003501,ORD0001742,PROD0132,2,1160.61,20,1856.98
ITEM0003502,ORD0001743,PROD0094,3,8217.48,15,20954.57
ITEM0003503,ORD0001744,PROD0045,2,3914.99,5,7438.48
ITEM0003504,ORD0001744,PROD0157,3,1549.94,5,4417.33
ITEM0003505,ORD0001745,PROD0022,1,13967,0,13967
ITEM0003506,ORD0001745,PROD0103,4,2970.53,0,11882.12
ITEM0003507,ORD0001746,PROD0042,2,1233.59,0,2467.18
ITEM0003508,ORD0001746,PROD0153,2,1769.3,0,3538.6
ITEM0003509,ORD0001747,PROD0031,1,9586.34,0,9586.34
ITEM0003510,ORD0001747,PROD0159,3,584.29,0,1752.87
ITEM0003511,ORD0001748,PROD0048,1,3151.51,20,2521.21
ITEM0003512,ORD0001748,PROD0173,4,8594.8,20,27503.36
ITEM0003513,ORD0001748,PROD0106,4,478.86,20,1532.35
ITEM0003514,ORD0001749,PROD0179,3,11478.91,25,25827.55
ITEM0003515,ORD0001750,PROD0068,1,827.32,0,827.32
ITEM0003516,ORD0001751,PROD0019,1,21504.79,15,18279.07
ITEM0003517,ORD0001752,PROD0154,4,1821.18,20,5827.78
ITEM0003518,ORD0001753,PROD0066,1,2108.12,10,1897.31
ITEM0003519,ORD0001753,PROD0163,4,915.73,10,3296.63
ITEM0003520,ORD0001753,PROD0014,1,7928.83,10,7135.95
ITEM0003521,ORD0001754,PROD0002,4,50293.82,5,191116.52
ITEM0003522,ORD0001754,PROD0154,1,1821.18,5,1730.12
ITEM0003523,ORD0001755,PROD0028,4,74581.74,5,283410.61
ITEM0003524,ORD0001756,PROD0093,3,12429.79,5,35424.9
ITEM0003525,ORD0001757,PROD0195,4,437.39,5,1662.08
ITEM0003526,ORD0001757,PROD0007,1,27829.19,5,26437.73
ITEM0003527,ORD0001757,PROD0157,3,1549.94,5,4417.33
ITEM0003528,ORD0001757,PROD0101,3,1007.74,5,2872.06
ITEM0003529,ORD0001758,PROD0186,4,1358.84,5,5163.59
ITEM0003530,ORD0001759,PROD0196,1,783.44,5,744.27
ITEM0003531,ORD0001760,PROD0194,1,238.12,15,202.4
ITEM0003532,ORD0001761,PROD0025,1,48796.51,20,39037.21
ITEM0003533,ORD0001762,PROD0157,4,1549.94,5,5889.77
ITEM0003534,ORD0001763,PROD0071,4,3890.52,5,14783.98
ITEM0003535,ORD0001763,PROD0191,2,1435.77,5,2727.96
ITEM0003536,ORD0001763,PROD0136,1,2648.04,5,2515.64
ITEM0003537,ORD0001764,PROD0137,4,782.23,0,3128.92
ITEM0003538,ORD0001765,PROD0114,4,12529.93,5,47613.73
ITEM0003539,ORD0001765,PROD0183,1,4402.38,5,4182.26
ITEM0003540,ORD0001765,PROD0127,3,9556.44,5,27235.85
ITEM0003541,ORD0001765,PROD0077,4,6124.52,5,23273.18
ITEM0003542,ORD0001765,PROD0040,3,63017.33,5,179599.39
ITEM0003543,ORD0001766,PROD0019,1,21504.79,10,19354.31
ITEM0003544,ORD0001766,PROD0030,4,745.3,10,2683.08
ITEM0003545,ORD0001767,PROD0114,2,12529.93,15,21300.88
ITEM0003546,ORD0001767,PROD0106,4,478.86,15,1628.12
ITEM0003547,ORD0001768,PROD0063,4,4348.36,5,16523.77
ITEM0003548,ORD0001768,PROD0130,4,3062.11,5,11636.02
ITEM0003549,ORD0001769,PROD0133,2,3562.22,0,7124.44
ITEM0003550,ORD0001769,PROD0188,2,1318.66,0,2637.32
ITEM0003551,ORD0001769,PROD0020,2,47540.26,0,95080.52
ITEM0003552,ORD0001770,PROD0145,3,3126.57,15,7972.75
ITEM0003553,ORD0001770,PROD0117,4,6437.22,15,21886.55
ITEM0003554,ORD0001770,PROD0128,1,5930.45,15,5040.88
ITEM0003555,ORD0001771,PROD0108,2,8722.77,10,15700.99
ITEM0003556,ORD0001771,PROD0110,4,232.06,10,835.42
ITEM0003557,ORD0001771,PROD0043,4,5274.26,10,18987.34
ITEM0003558,ORD0001771,PROD0142,3,497.1,10,1342.17
ITEM0003559,ORD0001771,PROD0081,2,3032.39,10,5458.3
ITEM0003560,ORD0001772,PROD0185,1,9871.56,0,9871.56
ITEM0003561,ORD0001773,PROD0164,2,3543.37,5,6732.4
ITEM0003562,ORD0001774,PROD0177,1,5985.15,0,5985.15
ITEM0003563,ORD0001775,PROD0020,1,47540.26,25,35655.2
ITEM0003564,ORD0001776,PROD0095,2,5158.31,0,10316.62
ITEM0003565,ORD0001777,PROD0107,3,5093.26,0,15279.78
ITEM0003566,ORD0001777,PROD0117,3,6437.22,0,19311.66
ITEM0003567,ORD0001777,PROD0005,1,40289.58,0,40289.58
ITEM0003568,ORD0001778,PROD0001,3,4321.28,5,12315.65
ITEM0003569,ORD0001778,PROD0137,1,782.23,5,743.12
ITEM0003570,ORD0001779,PROD0068,4,827.32,5,3143.82
ITEM0003571,ORD0001780,PROD0117,2,6437.22,10,11587
ITEM0003572,ORD0001780,PROD0172,3,1025.46,10,2768.74
ITEM0003573,ORD0001780,PROD0199,2,1292.33,10,2326.19
ITEM0003574,ORD0001781,PROD0175,4,6709.6,25,20128.8
ITEM0003575,ORD0001781,PROD0088,1,1045.29,25,783.97
ITEM0003576,ORD0001782,PROD0059,2,3047.56,0,6095.12
ITEM0003577,ORD0001783,PROD0113,1,8226.58,5,7815.25
ITEM0003578,ORD0001783,PROD0029,4,50556.2,5,192113.56
ITEM0003579,ORD0001783,PROD0040,1,63017.33,5,59866.46
ITEM0003580,ORD0001784,PROD0011,4,58607.44,5,222708.27
ITEM0003581,ORD0001785,PROD0169,2,3385.13,15,5754.72
ITEM0003582,ORD0001785,PROD0071,3,3890.52,15,9920.83
ITEM0003583,ORD0001785,PROD0014,1,7928.83,15,6739.51
ITEM0003584,ORD0001786,PROD0148,4,2543.16,0,10172.64
ITEM0003585,ORD0001787,PROD0160,1,756.75,10,681.08
ITEM0003586,ORD0001788,PROD0039,1,66174.82,0,66174.82
ITEM0003587,ORD0001789,PROD0043,2,5274.26,5,10021.09
ITEM0003588,ORD0001790,PROD0182,3,2159.96,10,5831.89
ITEM0003589,ORD0001790,PROD0054,3,7111.73,10,19201.67
ITEM0003590,ORD0001791,PROD0181,3,5765.01,5,16430.28
ITEM0003591,ORD0001792,PROD0152,2,1817.42,0,3634.84
ITEM0003592,ORD0001792,PROD0002,1,50293.82,0,50293.82
ITEM0003593,ORD0001792,PROD0108,2,8722.77,0,17445.54
ITEM0003594,ORD0001792,PROD0165,2,8926.78,0,17853.56
ITEM0003595,ORD0001793,PROD0189,3,897.95,0,2693.85
ITEM0003596,ORD0001793,PROD0169,1,3385.13,0,3385.13
ITEM0003597,ORD0001794,PROD0131,1,2976.52,0,2976.52
ITEM0003598,ORD0001794,PROD0096,1,11526.42,0,11526.42
ITEM0003599,ORD0001794,PROD0039,3,66174.82,0,198524.46
ITEM0003600,ORD0001795,PROD0092,1,12500.28,10,11250.25
ITEM0003601,ORD0001795,PROD0013,3,40791.56,10,110137.21
ITEM0003602,ORD0001796,PROD0002,1,50293.82,0,50293.82
ITEM0003603,ORD0001797,PROD0049,3,567.72,20,1362.53
ITEM0003604,ORD0001798,PROD0161,2,3119.91,10,5615.84
ITEM0003605,ORD0001798,PROD0171,3,9896.61,10,26720.85
ITEM0003606,ORD0001798,PROD0145,1,3126.57,10,2813.91
ITEM0003607,ORD0001798,PROD0056,4,4087.83,10,14716.19
ITEM0003608,ORD0001798,PROD0182,3,2159.96,10,5831.89
ITEM0003609,ORD0001799,PROD0151,3,350.77,5,999.69
ITEM0003610,ORD0001799,PROD0056,4,4087.83,5,15533.75
ITEM0003611,ORD0001799,PROD0184,1,11703.06,5,11117.91
ITEM0003612,ORD0001800,PROD0018,3,43707.38,0,131122.14
ITEM0003613,ORD0001801,PROD0095,1,5158.31,10,4642.48
ITEM0003614,ORD0001801,PROD0035,2,24304.78,10,43748.6
ITEM0003615,ORD0001801,PROD0133,4,3562.22,10,12823.99
ITEM0003616,ORD0001802,PROD0082,3,2605.78,0,7817.34
ITEM0003617,ORD0001802,PROD0098,3,10950.31,0,32850.93
ITEM0003618,ORD0001803,PROD0001,1,4321.28,0,4321.28
ITEM0003619,ORD0001803,PROD0078,2,3466.82,0,6933.64
ITEM0003620,ORD0001804,PROD0132,2,1160.61,0,2321.22
ITEM0003621,ORD0001804,PROD0048,4,3151.51,0,12606.04
ITEM0003622,ORD0001805,PROD0093,3,12429.79,5,35424.9
ITEM0003623,ORD0001806,PROD0036,3,68871.11,0,206613.33
ITEM0003624,ORD0001807,PROD0142,4,497.1,5,1888.98
ITEM0003625,ORD0001807,PROD0156,4,366.5,5,1392.7
ITEM0003626,ORD0001808,PROD0012,1,33141.38,0,33141.38
ITEM0003627,ORD0001808,PROD0172,1,1025.46,0,1025.46
ITEM0003628,ORD0001808,PROD0098,1,10950.31,0,10950.31
ITEM0003629,ORD0001809,PROD0158,3,1726.09,20,4142.62
ITEM0003630,ORD0001809,PROD0123,2,9762.37,20,15619.79
ITEM0003631,ORD0001810,PROD0039,2,66174.82,10,119114.68
ITEM0003632,ORD0001810,PROD0052,1,5153.96,10,4638.56
ITEM0003633,ORD0001811,PROD0076,2,1552.25,0,3104.5
ITEM0003634,ORD0001812,PROD0117,4,6437.22,5,24461.44
ITEM0003635,ORD0001812,PROD0147,3,3374.12,5,9616.24
ITEM0003636,ORD0001813,PROD0128,1,5930.45,5,5633.93
ITEM0003637,ORD0001813,PROD0067,3,7130.72,5,20322.55
ITEM0003638,ORD0001814,PROD0160,1,756.75,0,756.75
ITEM0003639,ORD0001814,PROD0051,3,5103.04,0,15309.12
ITEM0003640,ORD0001814,PROD0149,1,3462.42,0,3462.42
ITEM0003641,ORD0001814,PROD0026,1,40491.32,0,40491.32
ITEM0003642,ORD0001815,PROD0048,1,3151.51,5,2993.93
ITEM0003643,ORD0001816,PROD0057,1,742.06,0,742.06
ITEM0003644,ORD0001816,PROD0065,1,1921.1,0,1921.1
ITEM0003645,ORD0001816,PROD0121,1,389.01,0,389.01
ITEM0003646,ORD0001817,PROD0090,4,859.29,15,2921.59
ITEM0003647,ORD0001817,PROD0067,4,7130.72,15,24244.45
ITEM0003648,ORD0001818,PROD0194,2,238.12,0,476.24
ITEM0003649,ORD0001819,PROD0048,1,3151.51,10,2836.36
ITEM0003650,ORD0001819,PROD0022,2,13967,10,25140.6
ITEM0003651,ORD0001819,PROD0121,3,389.01,10,1050.33
ITEM0003652,ORD0001820,PROD0163,3,915.73,0,2747.19
ITEM0003653,ORD0001820,PROD0146,2,4641.78,0,9283.56
ITEM0003654,ORD0001821,PROD0026,1,40491.32,20,32393.06
ITEM0003655,ORD0001821,PROD0066,3,2108.12,20,5059.49
ITEM0003656,ORD0001822,PROD0198,1,890.11,0,890.11
ITEM0003657,ORD0001822,PROD0127,2,9556.44,0,19112.88
ITEM0003658,ORD0001823,PROD0045,4,3914.99,10,14093.96
ITEM0003659,ORD0001824,PROD0031,1,9586.34,10,8627.71
ITEM0003660,ORD0001825,PROD0171,2,9896.61,10,17813.9
ITEM0003661,ORD0001825,PROD0179,4,11478.91,10,41324.08
ITEM0003662,ORD0001826,PROD0023,2,1503.94,0,3007.88
ITEM0003663,ORD0001826,PROD0191,3,1435.77,0,4307.31
ITEM0003664,ORD0001827,PROD0044,3,3912.72,10,10564.34
ITEM0003665,ORD0001828,PROD0167,3,11229.68,20,26951.23
ITEM0003666,ORD0001828,PROD0127,3,9556.44,20,22935.46
ITEM0003667,ORD0001828,PROD0186,4,1358.84,20,4348.29
ITEM0003668,ORD0001828,PROD0010,1,32892.86,20,26314.29
ITEM0003669,ORD0001828,PROD0141,4,1560.51,20,4993.63
ITEM0003670,ORD0001829,PROD0023,3,1503.94,5,4286.23
ITEM0003671,ORD0001829,PROD0154,2,1821.18,5,3460.24
ITEM0003672,ORD0001829,PROD0085,4,6089.41,5,23139.76
ITEM0003673,ORD0001829,PROD0129,4,838.52,5,3186.38
ITEM0003674,ORD0001830,PROD0064,3,4156.77,15,10599.76
ITEM0003675,ORD0001831,PROD0087,4,5742.05,5,21819.79
ITEM0003676,ORD0001831,PROD0084,1,784.26,5,745.05
ITEM0003677,ORD0001831,PROD0042,4,1233.59,5,4687.64
ITEM0003678,ORD0001832,PROD0164,3,3543.37,5,10098.6
ITEM0003679,ORD0001833,PROD0109,4,6201.15,5,23564.37
ITEM0003680,ORD0001833,PROD0119,2,2991.81,5,5684.44
ITEM0003681,ORD0001833,PROD0137,3,782.23,5,2229.36
ITEM0003682,ORD0001834,PROD0019,2,21504.79,25,32257.18
ITEM0003683,ORD0001834,PROD0051,4,5103.04,25,15309.12
ITEM0003684,ORD0001835,PROD0072,2,1395.26,5,2650.99
ITEM0003685,ORD0001836,PROD0162,4,1300.66,15,4422.24
ITEM0003686,ORD0001836,PROD0158,1,1726.09,15,1467.18
ITEM0003687,ORD0001836,PROD0129,2,838.52,15,1425.48
ITEM0003688,ORD0001836,PROD0127,3,9556.44,15,24368.92
ITEM0003689,ORD0001837,PROD0020,2,47540.26,0,95080.52
ITEM0003690,ORD0001838,PROD0150,2,4265.82,5,8105.06
ITEM0003691,ORD0001839,PROD0108,2,8722.77,0,17445.54
ITEM0003692,ORD0001839,PROD0029,4,50556.2,0,202224.8
ITEM0003693,ORD0001840,PROD0113,1,8226.58,0,8226.58
ITEM0003694,ORD0001840,PROD0067,4,7130.72,0,28522.88
ITEM0003695,ORD0001841,PROD0062,4,1138.67,5,4326.95
ITEM0003696,ORD0001841,PROD0072,3,1395.26,5,3976.49
ITEM0003697,ORD0001841,PROD0101,4,1007.74,5,3829.41
ITEM0003698,ORD0001841,PROD0111,2,4186.75,5,7954.82
ITEM0003699,ORD0001842,PROD0119,4,2991.81,5,11368.88
ITEM0003700,ORD0001843,PROD0085,1,6089.41,10,5480.47
ITEM0003701,ORD0001843,PROD0153,4,1769.3,10,6369.48
ITEM0003702,ORD0001843,PROD0056,4,4087.83,10,14716.19
ITEM0003703,ORD0001844,PROD0027,2,27299.16,5,51868.4
ITEM0003704,ORD0001845,PROD0195,2,437.39,20,699.82
ITEM0003705,ORD0001845,PROD0016,4,43331.31,20,138660.19
ITEM0003706,ORD0001845,PROD0096,1,11526.42,20,9221.14
ITEM0003707,ORD0001846,PROD0154,3,1821.18,5,5190.36
ITEM0003708,ORD0001846,PROD0162,3,1300.66,5,3706.88
ITEM0003709,ORD0001847,PROD0035,1,24304.78,5,23089.54
ITEM0003710,ORD0001847,PROD0192,1,867.73,5,824.34
ITEM0003711,ORD0001847,PROD0066,1,2108.12,5,2002.71
ITEM0003712,ORD0001847,PROD0186,3,1358.84,5,3872.69
ITEM0003713,ORD0001848,PROD0075,1,2702.38,20,2161.9
ITEM0003714,ORD0001849,PROD0162,2,1300.66,0,2601.32
ITEM0003715,ORD0001850,PROD0041,1,3166.8,15,2691.78
ITEM0003716,ORD0001851,PROD0085,1,6089.41,0,6089.41
ITEM0003717,ORD0001851,PROD0027,2,27299.16,0,54598.32
ITEM0003718,ORD0001852,PROD0058,3,1179.58,15,3007.93
ITEM0003719,ORD0001852,PROD0110,3,232.06,15,591.75
ITEM0003720,ORD0001852,PROD0073,1,346.89,15,294.86
ITEM0003721,ORD0001853,PROD0055,2,3434.95,10,6182.91
ITEM0003722,ORD0001854,PROD0013,1,40791.56,10,36712.4
ITEM0003723,ORD0001854,PROD0056,2,4087.83,10,7358.09
ITEM0003724,ORD0001855,PROD0149,1,3462.42,10,3116.18
ITEM0003725,ORD0001856,PROD0123,2,9762.37,20,15619.79
ITEM0003726,ORD0001857,PROD0007,3,27829.19,5,79313.19
ITEM0003727,ORD0001857,PROD0159,4,584.29,5,2220.3
ITEM0003728,ORD0001857,PROD0085,1,6089.41,5,5784.94
ITEM0003729,ORD0001858,PROD0083,1,1974.27,10,1776.84
ITEM0003730,ORD0001859,PROD0036,2,68871.11,20,110193.78
ITEM0003731,ORD0001859,PROD0007,1,27829.19,20,22263.35
ITEM0003732,ORD0001860,PROD0116,3,4368.06,0,13104.18
ITEM0003733,ORD0001860,PROD0156,1,366.5,0,366.5
ITEM0003734,ORD0001861,PROD0136,2,2648.04,0,5296.08
ITEM0003735,ORD0001862,PROD0148,3,2543.16,0,7629.48
ITEM0003736,ORD0001862,PROD0166,3,8733.51,0,26200.53
ITEM0003737,ORD0001863,PROD0106,2,478.86,0,957.72
ITEM0003738,ORD0001864,PROD0067,2,7130.72,25,10696.08
ITEM0003739,ORD0001864,PROD0085,3,6089.41,25,13701.17
ITEM0003740,ORD0001864,PROD0200,2,540.59,25,810.88
ITEM0003741,ORD0001865,PROD0121,3,389.01,10,1050.33
ITEM0003742,ORD0001866,PROD0087,2,5742.05,15,9761.48
ITEM0003743,ORD0001866,PROD0200,1,540.59,15,459.5
ITEM0003744,ORD0001867,PROD0053,3,5844.47,0,17533.41
ITEM0003745,ORD0001867,PROD0036,1,68871.11,0,68871.11
ITEM0003746,ORD0001868,PROD0121,4,389.01,5,1478.24
ITEM0003747,ORD0001869,PROD0171,3,9896.61,5,28205.34
ITEM0003748,ORD0001869,PROD0177,2,5985.15,5,11371.78
ITEM0003749,ORD0001870,PROD0079,2,3868.77,10,6963.79
ITEM0003750,ORD0001871,PROD0188,2,1318.66,0,2637.32
ITEM0003751,ORD0001871,PROD0073,2,346.89,0,693.78
ITEM0003752,ORD0001871,PROD0096,4,11526.42,0,46105.68
ITEM0003753,ORD0001872,PROD0095,3,5158.31,5,14701.18
ITEM0003754,ORD0001872,PROD0022,3,13967,5,39805.95
ITEM0003755,ORD0001873,PROD0167,3,11229.68,10,30320.14
ITEM0003756,ORD0001874,PROD0083,1,1974.27,10,1776.84
ITEM0003757,ORD0001874,PROD0014,3,7928.83,10,21407.84
ITEM0003758,ORD0001875,PROD0050,4,4918.81,0,19675.24
ITEM0003759,ORD0001876,PROD0191,4,1435.77,0,5743.08
ITEM0003760,ORD0001876,PROD0066,4,2108.12,0,8432.48
ITEM0003761,ORD0001877,PROD0108,4,8722.77,20,27912.86
ITEM0003762,ORD0001877,PROD0147,3,3374.12,20,8097.89
ITEM0003763,ORD0001877,PROD0076,1,1552.25,20,1241.8
ITEM0003764,ORD0001877,PROD0189,2,897.95,20,1436.72
ITEM0003765,ORD0001877,PROD0183,3,4402.38,20,10565.71
ITEM0003766,ORD0001878,PROD0161,2,3119.91,0,6239.82
ITEM0003767,ORD0001879,PROD0051,2,5103.04,15,8675.17
ITEM0003768,ORD0001880,PROD0027,2,27299.16,15,46408.57
ITEM0003769,ORD0001881,PROD0146,3,4641.78,15,11836.54
ITEM0003770,ORD0001881,PROD0064,3,4156.77,15,10599.76
ITEM0003771,ORD0001882,PROD0038,4,15904.21,10,57255.16
ITEM0003772,ORD0001883,PROD0103,4,2970.53,0,11882.12
ITEM0003773,ORD0001884,PROD0106,2,478.86,10,861.95
ITEM0003774,ORD0001885,PROD0097,3,7278.34,10,19651.52
ITEM0003775,ORD0001886,PROD0027,3,27299.16,15,69612.86
ITEM0003776,ORD0001887,PROD0010,3,32892.86,0,98678.58
ITEM0003777,ORD0001888,PROD0056,4,4087.83,10,14716.19
ITEM0003778,ORD0001889,PROD0116,4,4368.06,15,14851.4
ITEM0003779,ORD0001889,PROD0135,4,1341.78,15,4562.05
ITEM0003780,ORD0001890,PROD0019,1,21504.79,0,21504.79
ITEM0003781,ORD0001891,PROD0180,2,5434.17,10,9781.51
ITEM0003782,ORD0001892,PROD0150,1,4265.82,15,3625.95
ITEM0003783,ORD0001893,PROD0161,2,3119.91,0,6239.82
ITEM0003784,ORD0001894,PROD0181,4,5765.01,0,23060.04
ITEM0003785,ORD0001894,PROD0060,3,3327.41,0,9982.23
ITEM0003786,ORD0001894,PROD0172,1,1025.46,0,1025.46
ITEM0003787,ORD0001894,PROD0065,3,1921.1,0,5763.3
ITEM0003788,ORD0001895,PROD0078,4,3466.82,0,13867.28
ITEM0003789,ORD0001895,PROD0005,2,40289.58,0,80579.16
ITEM0003790,ORD0001895,PROD0042,4,1233.59,0,4934.36
ITEM0003791,ORD0001896,PROD0005,2,40289.58,10,72521.24
ITEM0003792,ORD0001896,PROD0065,3,1921.1,10,5186.97
ITEM0003793,ORD0001897,PROD0034,2,50492.99,5,95936.68
ITEM0003794,ORD0001897,PROD0159,1,584.29,5,555.08
ITEM0003795,ORD0001897,PROD0088,1,1045.29,5,993.03
ITEM0003796,ORD0001898,PROD0130,2,3062.11,0,6124.22
ITEM0003797,ORD0001898,PROD0162,4,1300.66,0,5202.64
ITEM0003798,ORD0001899,PROD0113,4,8226.58,5,31261
ITEM0003799,ORD0001899,PROD0105,2,8086.41,5,15364.18
ITEM0003800,ORD0001899,PROD0147,3,3374.12,5,9616.24
ITEM0003801,ORD0001899,PROD0181,4,5765.01,5,21907.04
ITEM0003802,ORD0001900,PROD0033,4,34304.44,0,137217.76
ITEM0003803,ORD0001900,PROD0040,1,63017.33,0,63017.33
ITEM0003804,ORD0001901,PROD0196,2,783.44,15,1331.85
ITEM0003805,ORD0001901,PROD0117,4,6437.22,15,21886.55
ITEM0003806,ORD0001902,PROD0114,2,12529.93,5,23806.87
ITEM0003807,ORD0001902,PROD0185,2,9871.56,5,18755.96
ITEM0003808,ORD0001903,PROD0190,4,1254.49,10,4516.16
ITEM0003809,ORD0001903,PROD0098,2,10950.31,10,19710.56
ITEM0003810,ORD0001903,PROD0185,1,9871.56,10,8884.4
ITEM0003811,ORD0001904,PROD0020,2,47540.26,0,95080.52
ITEM0003812,ORD0001905,PROD0129,3,838.52,15,2138.23
ITEM0003813,ORD0001905,PROD0168,4,3183.64,15,10824.38
ITEM0003814,ORD0001906,PROD0104,2,12889.74,5,24490.51
ITEM0003815,ORD0001906,PROD0019,3,21504.79,5,61288.65
ITEM0003816,ORD0001907,PROD0174,4,3533.54,10,12720.74
ITEM0003817,ORD0001907,PROD0094,4,8217.48,10,29582.93
ITEM0003818,ORD0001907,PROD0116,2,4368.06,10,7862.51
ITEM0003819,ORD0001907,PROD0056,3,4087.83,10,11037.14
ITEM0003820,ORD0001908,PROD0193,1,628.8,10,565.92
ITEM0003821,ORD0001909,PROD0012,2,33141.38,15,56340.35
ITEM0003822,ORD0001909,PROD0142,1,497.1,15,422.54
ITEM0003823,ORD0001909,PROD0090,4,859.29,15,2921.59
ITEM0003824,ORD0001909,PROD0096,2,11526.42,15,19594.91
ITEM0003825,ORD0001910,PROD0058,4,1179.58,10,4246.49
ITEM0003826,ORD0001910,PROD0127,3,9556.44,10,25802.39
ITEM0003827,ORD0001911,PROD0081,1,3032.39,0,3032.39
ITEM0003828,ORD0001912,PROD0128,3,5930.45,0,17791.35
ITEM0003829,ORD0001912,PROD0150,4,4265.82,0,17063.28
ITEM0003830,ORD0001913,PROD0095,3,5158.31,10,13927.44
ITEM0003831,ORD0001913,PROD0101,3,1007.74,10,2720.9
ITEM0003832,ORD0001913,PROD0183,3,4402.38,10,11886.43
ITEM0003833,ORD0001914,PROD0163,2,915.73,0,1831.46
ITEM0003834,ORD0001914,PROD0192,1,867.73,0,867.73
ITEM0003835,ORD0001915,PROD0033,2,34304.44,15,58317.55
ITEM0003836,ORD0001916,PROD0023,2,1503.94,10,2707.09
ITEM0003837,ORD0001917,PROD0176,4,975.19,10,3510.68
ITEM0003838,ORD0001918,PROD0155,4,3659.76,20,11711.23
ITEM0003839,ORD0001918,PROD0166,4,8733.51,20,27947.23
ITEM0003840,ORD0001919,PROD0198,1,890.11,15,756.59
ITEM0003841,ORD0001919,PROD0163,3,915.73,15,2335.11
ITEM0003842,ORD0001919,PROD0027,2,27299.16,15,46408.57
ITEM0003843,ORD0001920,PROD0080,4,2405.82,5,9142.12
ITEM0003844,ORD0001920,PROD0105,2,8086.41,5,15364.18
ITEM0003845,ORD0001920,PROD0121,4,389.01,5,1478.24
ITEM0003846,ORD0001920,PROD0056,3,4087.83,5,11650.32
ITEM0003847,ORD0001921,PROD0148,1,2543.16,0,2543.16
ITEM0003848,ORD0001922,PROD0195,2,437.39,5,831.04
ITEM0003849,ORD0001922,PROD0092,3,12500.28,5,35625.8
ITEM0003850,ORD0001923,PROD0010,2,32892.86,5,62496.43
ITEM0003851,ORD0001923,PROD0174,4,3533.54,5,13427.45
ITEM0003852,ORD0001924,PROD0025,2,48796.51,5,92713.37
ITEM0003853,ORD0001924,PROD0054,3,7111.73,5,20268.43
ITEM0003854,ORD0001924,PROD0116,4,4368.06,5,16598.63
ITEM0003855,ORD0001924,PROD0110,2,232.06,5,440.91
ITEM0003856,ORD0001925,PROD0050,1,4918.81,0,4918.81
ITEM0003857,ORD0001925,PROD0159,2,584.29,0,1168.58
ITEM0003858,ORD0001926,PROD0024,4,57909.18,25,173727.54
ITEM0003859,ORD0001926,PROD0116,1,4368.06,25,3276.04
ITEM0003860,ORD0001927,PROD0072,3,1395.26,5,3976.49
ITEM0003861,ORD0001927,PROD0092,4,12500.28,5,47501.06
ITEM0003862,ORD0001927,PROD0168,2,3183.64,5,6048.92
ITEM0003863,ORD0001927,PROD0148,4,2543.16,5,9664.01
ITEM0003864,ORD0001927,PROD0161,4,3119.91,5,11855.66
ITEM0003865,ORD0001928,PROD0066,2,2108.12,0,4216.24
ITEM0003866,ORD0001928,PROD0025,1,48796.51,0,48796.51
ITEM0003867,ORD0001929,PROD0018,4,43707.38,5,166088.04
ITEM0003868,ORD0001929,PROD0185,2,9871.56,5,18755.96
ITEM0003869,ORD0001929,PROD0178,3,1834.02,5,5226.96
ITEM0003870,ORD0001930,PROD0012,4,33141.38,10,119308.97
ITEM0003871,ORD0001930,PROD0185,3,9871.56,10,26653.21
ITEM0003872,ORD0001931,PROD0200,1,540.59,0,540.59
ITEM0003873,ORD0001932,PROD0113,4,8226.58,0,32906.32
ITEM0003874,ORD0001932,PROD0054,2,7111.73,0,14223.46
ITEM0003875,ORD0001932,PROD0062,1,1138.67,0,1138.67
ITEM0003876,ORD0001933,PROD0127,3,9556.44,15,24368.92
ITEM0003877,ORD0001933,PROD0040,2,63017.33,15,107129.46
ITEM0003878,ORD0001933,PROD0183,4,4402.38,15,14968.09
ITEM0003879,ORD0001933,PROD0195,1,437.39,15,371.78
ITEM0003880,ORD0001934,PROD0055,2,3434.95,0,6869.9
ITEM0003881,ORD0001935,PROD0158,3,1726.09,0,5178.27
ITEM0003882,ORD0001935,PROD0079,2,3868.77,0,7737.54
ITEM0003883,ORD0001935,PROD0110,2,232.06,0,464.12
ITEM0003884,ORD0001936,PROD0020,1,47540.26,0,47540.26
ITEM0003885,ORD0001936,PROD0059,4,3047.56,0,12190.24
ITEM0003886,ORD0001936,PROD0180,4,5434.17,0,21736.68
ITEM0003887,ORD0001937,PROD0109,1,6201.15,0,6201.15
ITEM0003888,ORD0001937,PROD0128,2,5930.45,0,11860.9
ITEM0003889,ORD0001938,PROD0105,1,8086.41,20,6469.13
ITEM0003890,ORD0001938,PROD0155,3,3659.76,20,8783.42
ITEM0003891,ORD0001938,PROD0049,1,567.72,20,454.18
ITEM0003892,ORD0001939,PROD0092,3,12500.28,10,33750.76
ITEM0003893,ORD0001940,PROD0130,4,3062.11,0,12248.44
ITEM0003894,ORD0001941,PROD0087,3,5742.05,20,13780.92
ITEM0003895,ORD0001941,PROD0018,3,43707.38,20,104897.71
ITEM0003896,ORD0001942,PROD0192,2,867.73,5,1648.69
ITEM0003897,ORD0001942,PROD0032,2,38426.75,5,73010.82
ITEM0003898,ORD0001942,PROD0077,3,6124.52,5,17454.88
ITEM0003899,ORD0001943,PROD0038,2,15904.21,0,31808.42
ITEM0003900,ORD0001943,PROD0143,4,382.09,0,1528.36
ITEM0003901,ORD0001943,PROD0193,2,628.8,0,1257.6
ITEM0003902,ORD0001943,PROD0129,3,838.52,0,2515.56
ITEM0003903,ORD0001944,PROD0014,4,7928.83,0,31715.32
ITEM0003904,ORD0001945,PROD0167,4,11229.68,10,40426.85
ITEM0003905,ORD0001945,PROD0017,4,8120.73,10,29234.63
ITEM0003906,ORD0001946,PROD0166,3,8733.51,5,24890.5
ITEM0003907,ORD0001946,PROD0042,4,1233.59,5,4687.64
ITEM0003908,ORD0001947,PROD0016,1,43331.31,0,43331.31
ITEM0003909,ORD0001947,PROD0186,2,1358.84,0,2717.68
ITEM0003910,ORD0001948,PROD0178,3,1834.02,0,5502.06
ITEM0003911,ORD0001948,PROD0115,1,11862.11,0,11862.11
ITEM0003912,ORD0001949,PROD0001,2,4321.28,0,8642.56
ITEM0003913,ORD0001949,PROD0056,3,4087.83,0,12263.49
ITEM0003914,ORD0001949,PROD0136,4,2648.04,0,10592.16
ITEM0003915,ORD0001949,PROD0104,3,12889.74,0,38669.22
ITEM0003916,ORD0001950,PROD0103,2,2970.53,0,5941.06
ITEM0003917,ORD0001950,PROD0058,3,1179.58,0,3538.74
ITEM0003918,ORD0001950,PROD0168,2,3183.64,0,6367.28
ITEM0003919,ORD0001950,PROD0031,3,9586.34,0,28759.02
ITEM0003920,ORD0001951,PROD0135,2,1341.78,20,2146.85
ITEM0003921,ORD0001951,PROD0071,2,3890.52,20,6224.83
ITEM0003922,ORD0001952,PROD0168,4,3183.64,0,12734.56
ITEM0003923,ORD0001953,PROD0179,4,11478.91,0,45915.64
ITEM0003924,ORD0001954,PROD0181,2,5765.01,25,8647.52
ITEM0003925,ORD0001954,PROD0164,3,3543.37,25,7972.58
ITEM0003926,ORD0001954,PROD0049,3,567.72,25,1277.37
ITEM0003927,ORD0001955,PROD0085,3,6089.41,0,18268.23
ITEM0003928,ORD0001955,PROD0194,1,238.12,0,238.12
ITEM0003929,ORD0001956,PROD0081,3,3032.39,10,8187.45
ITEM0003930,ORD0001956,PROD0024,2,57909.18,10,104236.52
ITEM0003931,ORD0001957,PROD0051,3,5103.04,5,14543.66
ITEM0003932,ORD0001957,PROD0181,4,5765.01,5,21907.04
ITEM0003933,ORD0001958,PROD0172,4,1025.46,5,3896.75
ITEM0003934,ORD0001959,PROD0193,2,628.8,0,1257.6
ITEM0003935,ORD0001960,PROD0163,4,915.73,0,3662.92
ITEM0003936,ORD0001961,PROD0030,1,745.3,10,670.77
ITEM0003937,ORD0001962,PROD0083,4,1974.27,10,7107.37
ITEM0003938,ORD0001962,PROD0066,1,2108.12,10,1897.31
ITEM0003939,ORD0001962,PROD0135,4,1341.78,10,4830.41
ITEM0003940,ORD0001962,PROD0005,1,40289.58,10,36260.62
ITEM0003941,ORD0001963,PROD0143,4,382.09,10,1375.52
ITEM0003942,ORD0001963,PROD0136,2,2648.04,10,4766.47
ITEM0003943,ORD0001963,PROD0166,1,8733.51,10,7860.16
ITEM0003944,ORD0001964,PROD0191,3,1435.77,10,3876.58
ITEM0003945,ORD0001964,PROD0087,2,5742.05,10,10335.69
ITEM0003946,ORD0001965,PROD0157,2,1549.94,0,3099.88
ITEM0003947,ORD0001965,PROD0199,1,1292.33,0,1292.33
ITEM0003948,ORD0001966,PROD0101,4,1007.74,0,4030.96
ITEM0003949,ORD0001967,PROD0031,3,9586.34,15,24445.17
ITEM0003950,ORD0001967,PROD0182,2,2159.96,15,3671.93
ITEM0003951,ORD0001967,PROD0185,3,9871.56,15,25172.48
ITEM0003952,ORD0001967,PROD0117,3,6437.22,15,16414.91
ITEM0003953,ORD0001967,PROD0107,2,5093.26,15,8658.54
ITEM0003954,ORD0001968,PROD0071,3,3890.52,0,11671.56
ITEM0003955,ORD0001969,PROD0027,3,27299.16,0,81897.48
ITEM0003956,ORD0001970,PROD0079,2,3868.77,5,7350.66
ITEM0003957,ORD0001970,PROD0180,1,5434.17,5,5162.46
ITEM0003958,ORD0001971,PROD0084,4,784.26,5,2980.19
ITEM0003959,ORD0001971,PROD0019,4,21504.79,5,81718.2
ITEM0003960,ORD0001972,PROD0009,1,27237.58,0,27237.58
ITEM0003961,ORD0001973,PROD0127,2,9556.44,0,19112.88
ITEM0003962,ORD0001974,PROD0190,2,1254.49,15,2132.63
ITEM0003963,ORD0001974,PROD0008,1,57369.56,15,48764.13
ITEM0003964,ORD0001974,PROD0034,3,50492.99,15,128757.12
ITEM0003965,ORD0001975,PROD0116,1,4368.06,5,4149.66
ITEM0003966,ORD0001976,PROD0077,4,6124.52,0,24498.08
ITEM0003967,ORD0001976,PROD0110,4,232.06,0,928.24
ITEM0003968,ORD0001976,PROD0033,1,34304.44,0,34304.44
ITEM0003969,ORD0001976,PROD0103,3,2970.53,0,8911.59
ITEM0003970,ORD0001977,PROD0078,3,3466.82,10,9360.41
ITEM0003971,ORD0001978,PROD0003,1,49712.42,0,49712.42
ITEM0003972,ORD0001978,PROD0093,1,12429.79,0,12429.79
ITEM0003973,ORD0001978,PROD0190,2,1254.49,0,2508.98
ITEM0003974,ORD0001979,PROD0128,2,5930.45,0,11860.9
ITEM0003975,ORD0001979,PROD0071,2,3890.52,0,7781.04
ITEM0003976,ORD0001979,PROD0172,4,1025.46,0,4101.84
ITEM0003977,ORD0001979,PROD0035,4,24304.78,0,97219.12
ITEM0003978,ORD0001980,PROD0076,4,1552.25,0,6209
ITEM0003979,ORD0001980,PROD0151,3,350.77,0,1052.31
ITEM0003980,ORD0001981,PROD0142,1,497.1,0,497.1
ITEM0003981,ORD0001982,PROD0118,2,10931.14,10,19676.05
ITEM0003982,ORD0001982,PROD0006,4,69356.89,10,249684.8
ITEM0003983,ORD0001983,PROD0145,1,3126.57,5,2970.24
ITEM0003984,ORD0001983,PROD0073,2,346.89,5,659.09
ITEM0003985,ORD0001984,PROD0175,3,6709.6,5,19122.36
ITEM0003986,ORD0001985,PROD0040,3,63017.33,10,170146.79
ITEM0003987,ORD0001985,PROD0036,3,68871.11,10,185952
ITEM0003988,ORD0001985,PROD0034,4,50492.99,10,181774.76
ITEM0003989,ORD0001986,PROD0138,4,1511.7,20,4837.44
ITEM0003990,ORD0001987,PROD0169,3,3385.13,25,7616.54
ITEM0003991,ORD0001988,PROD0154,1,1821.18,15,1548
ITEM0003992,ORD0001988,PROD0157,3,1549.94,15,3952.35
ITEM0003993,ORD0001989,PROD0154,1,1821.18,5,1730.12
ITEM0003994,ORD0001989,PROD0050,4,4918.81,5,18691.48
ITEM0003995,ORD0001989,PROD0001,3,4321.28,5,12315.65
ITEM0003996,ORD0001989,PROD0007,4,27829.19,5,105750.92
ITEM0003997,ORD0001989,PROD0185,3,9871.56,5,28133.95
ITEM0003998,ORD0001990,PROD0158,2,1726.09,0,3452.18
ITEM0003999,ORD0001991,PROD0196,1,783.44,0,783.44
ITEM0004000,ORD0001992,PROD0169,4,3385.13,0,13540.52
ITEM0004001,ORD0001993,PROD0137,4,782.23,0,3128.92
ITEM0004002,ORD0001994,PROD0168,3,3183.64,15,8118.28
ITEM0004003,ORD0001994,PROD0174,2,3533.54,15,6007.02
ITEM0004004,ORD0001995,PROD0071,1,3890.52,0,3890.52
ITEM0004005,ORD0001995,PROD0091,3,10714.93,0,32144.79
ITEM0004006,ORD0001996,PROD0197,2,490.98,0,981.96
ITEM0004007,ORD0001997,PROD0130,4,3062.11,5,11636.02
ITEM0004008,ORD0001998,PROD0138,1,1511.7,20,1209.36
ITEM0004009,ORD0001999,PROD0148,4,2543.16,15,8646.74
ITEM0004010,ORD0002000,PROD0160,4,756.75,5,2875.65
ITEM0004011,ORD0002001,PROD0136,2,2648.04,0,5296.08
ITEM0004012,ORD0002002,PROD0068,1,827.32,0,827.32
ITEM0004013,ORD0002002,PROD0051,2,5103.04,0,10206.08
ITEM0004014,ORD0002003,PROD0050,3,4918.81,0,14756.43
ITEM0004015,ORD0002003,PROD0062,4,1138.67,0,4554.68
ITEM0004016,ORD0002004,PROD0057,1,742.06,0,742.06
ITEM0004017,ORD0002004,PROD0200,1,540.59,0,540.59
ITEM0004018,ORD0002004,PROD0135,3,1341.78,0,4025.34
ITEM0004019,ORD0002004,PROD0001,1,4321.28,0,4321.28
ITEM0004020,ORD0002005,PROD0135,3,1341.78,20,3220.27
ITEM0004021,ORD0002005,PROD0152,3,1817.42,20,4361.81
ITEM0004022,ORD0002005,PROD0087,4,5742.05,20,18374.56
ITEM0004023,ORD0002006,PROD0019,1,21504.79,5,20429.55
ITEM0004024,ORD0002007,PROD0067,2,7130.72,0,14261.44
ITEM0004025,ORD0002007,PROD0095,3,5158.31,0,15474.93
ITEM0004026,ORD0002008,PROD0147,4,3374.12,5,12821.66
ITEM0004027,ORD0002008,PROD0040,4,63017.33,5,239465.85
ITEM0004028,ORD0002009,PROD0176,2,975.19,15,1657.82
ITEM0004029,ORD0002010,PROD0160,4,756.75,10,2724.3
ITEM0004030,ORD0002010,PROD0072,4,1395.26,10,5022.94
ITEM0004031,ORD0002010,PROD0117,1,6437.22,10,5793.5
ITEM0004032,ORD0002010,PROD0101,4,1007.74,10,3627.86
ITEM0004033,ORD0002011,PROD0043,3,5274.26,5,15031.64
ITEM0004034,ORD0002011,PROD0158,1,1726.09,5,1639.79
ITEM0004035,ORD0002011,PROD0163,3,915.73,5,2609.83
ITEM0004036,ORD0002012,PROD0020,3,47540.26,10,128358.7
ITEM0004037,ORD0002012,PROD0058,2,1179.58,10,2123.24
ITEM0004038,ORD0002012,PROD0104,1,12889.74,10,11600.77
ITEM0004039,ORD0002013,PROD0084,1,784.26,5,745.05
ITEM0004040,ORD0002013,PROD0112,3,885.01,5,2522.28
ITEM0004041,ORD0002013,PROD0192,3,867.73,5,2473.03
ITEM0004042,ORD0002013,PROD0051,1,5103.04,5,4847.89
ITEM0004043,ORD0002013,PROD0145,2,3126.57,5,5940.48
ITEM0004044,ORD0002014,PROD0192,3,867.73,5,2473.03
ITEM0004045,ORD0002014,PROD0004,4,25591.73,5,97248.57
ITEM0004046,ORD0002015,PROD0109,4,6201.15,5,23564.37
ITEM0004047,ORD0002015,PROD0183,4,4402.38,5,16729.04
ITEM0004048,ORD0002015,PROD0022,1,13967,5,13268.65
ITEM0004049,ORD0002016,PROD0030,1,745.3,0,745.3
ITEM0004050,ORD0002016,PROD0009,1,27237.58,0,27237.58
ITEM0004051,ORD0002017,PROD0080,4,2405.82,5,9142.12
ITEM0004052,ORD0002017,PROD0019,4,21504.79,5,81718.2
ITEM0004053,ORD0002017,PROD0071,2,3890.52,5,7391.99
ITEM0004054,ORD0002018,PROD0044,4,3912.72,0,15650.88
ITEM0004055,ORD0002018,PROD0165,1,8926.78,0,8926.78
ITEM0004056,ORD0002019,PROD0093,2,12429.79,15,21130.64
ITEM0004057,ORD0002020,PROD0199,2,1292.33,25,1938.5
ITEM0004058,ORD0002021,PROD0173,3,8594.8,0,25784.4
ITEM0004059,ORD0002022,PROD0184,2,11703.06,5,22235.81
ITEM0004060,ORD0002022,PROD0176,4,975.19,5,3705.72
ITEM0004061,ORD0002023,PROD0189,1,897.95,15,763.26
ITEM0004062,ORD0002023,PROD0081,2,3032.39,15,5155.06
ITEM0004063,ORD0002024,PROD0199,3,1292.33,0,3876.99
ITEM0004064,ORD0002025,PROD0093,1,12429.79,0,12429.79
ITEM0004065,ORD0002026,PROD0002,4,50293.82,20,160940.22
ITEM0004066,ORD0002027,PROD0105,1,8086.41,0,8086.41
ITEM0004067,ORD0002028,PROD0016,4,43331.31,15,147326.45
ITEM0004068,ORD0002028,PROD0051,4,5103.04,15,17350.34
ITEM0004069,ORD0002028,PROD0160,3,756.75,15,1929.71
ITEM0004070,ORD0002029,PROD0183,4,4402.38,15,14968.09
ITEM0004071,ORD0002029,PROD0153,4,1769.3,15,6015.62
ITEM0004072,ORD0002030,PROD0071,1,3890.52,10,3501.47
ITEM0004073,ORD0002030,PROD0036,4,68871.11,10,247936
ITEM0004074,ORD0002031,PROD0121,2,389.01,5,739.12
ITEM0004075,ORD0002031,PROD0184,3,11703.06,5,33353.72
ITEM0004076,ORD0002031,PROD0173,3,8594.8,5,24495.18
ITEM0004077,ORD0002032,PROD0056,3,4087.83,0,12263.49
ITEM0004078,ORD0002032,PROD0196,3,783.44,0,2350.32
ITEM0004079,ORD0002032,PROD0065,4,1921.1,0,7684.4
ITEM0004080,ORD0002032,PROD0100,3,2072.2,0,6216.6
ITEM0004081,ORD0002033,PROD0144,3,905.61,10,2445.15
ITEM0004082,ORD0002034,PROD0147,2,3374.12,0,6748.24
ITEM0004083,ORD0002035,PROD0186,4,1358.84,0,5435.36
ITEM0004084,ORD0002035,PROD0168,2,3183.64,0,6367.28
ITEM0004085,ORD0002036,PROD0110,4,232.06,5,881.83
ITEM0004086,ORD0002036,PROD0100,1,2072.2,5,1968.59
ITEM0004087,ORD0002037,PROD0189,1,897.95,0,897.95
ITEM0004088,ORD0002038,PROD0015,3,67106.58,5,191253.75
ITEM0004089,ORD0002038,PROD0017,4,8120.73,5,30858.77
ITEM0004090,ORD0002039,PROD0076,4,1552.25,0,6209
ITEM0004091,ORD0002039,PROD0191,3,1435.77,0,4307.31
ITEM0004092,ORD0002039,PROD0063,1,4348.36,0,4348.36
ITEM0004093,ORD0002039,PROD0082,3,2605.78,0,7817.34
ITEM0004094,ORD0002039,PROD0105,1,8086.41,0,8086.41
ITEM0004095,ORD0002040,PROD0036,4,68871.11,0,275484.44
ITEM0004096,ORD0002040,PROD0090,2,859.29,0,1718.58
ITEM0004097,ORD0002040,PROD0010,4,32892.86,0,131571.44
ITEM0004098,ORD0002040,PROD0048,3,3151.51,0,9454.53
ITEM0004099,ORD0002041,PROD0154,3,1821.18,5,5190.36
ITEM0004100,ORD0002042,PROD0105,1,8086.41,10,7277.77
ITEM0004101,ORD0002043,PROD0132,4,1160.61,20,3713.95
ITEM0004102,ORD0002044,PROD0130,3,3062.11,15,7808.38
ITEM0004103,ORD0002044,PROD0196,2,783.44,15,1331.85
ITEM0004104,ORD0002045,PROD0071,4,3890.52,5,14783.98
ITEM0004105,ORD0002045,PROD0105,2,8086.41,5,15364.18
ITEM0004106,ORD0002046,PROD0011,4,58607.44,0,234429.76
ITEM0004107,ORD0002046,PROD0014,1,7928.83,0,7928.83
ITEM0004108,ORD0002047,PROD0058,4,1179.58,0,4718.32
ITEM0004109,ORD0002047,PROD0200,2,540.59,0,1081.18
ITEM0004110,ORD0002048,PROD0160,4,756.75,10,2724.3
ITEM0004111,ORD0002048,PROD0118,1,10931.14,10,9838.03
ITEM0004112,ORD0002049,PROD0042,3,1233.59,5,3515.73
ITEM0004113,ORD0002050,PROD0153,4,1769.3,0,7077.2
ITEM0004114,ORD0002050,PROD0048,3,3151.51,0,9454.53
ITEM0004115,ORD0002050,PROD0050,1,4918.81,0,4918.81
ITEM0004116,ORD0002051,PROD0161,4,3119.91,10,11231.68
ITEM0004117,ORD0002051,PROD0010,3,32892.86,10,88810.72
ITEM0004118,ORD0002052,PROD0025,4,48796.51,15,165908.13
ITEM0004119,ORD0002052,PROD0111,3,4186.75,15,10676.21
ITEM0004120,ORD0002052,PROD0161,1,3119.91,15,2651.92
ITEM0004121,ORD0002053,PROD0031,4,9586.34,0,38345.36
ITEM0004122,ORD0002054,PROD0147,3,3374.12,15,8604.01
ITEM0004123,ORD0002055,PROD0200,1,540.59,0,540.59
ITEM0004124,ORD0002055,PROD0111,1,4186.75,0,4186.75
ITEM0004125,ORD0002055,PROD0001,4,4321.28,0,17285.12
ITEM0004126,ORD0002055,PROD0078,3,3466.82,0,10400.46
ITEM0004127,ORD0002056,PROD0171,2,9896.61,0,19793.22
ITEM0004128,ORD0002056,PROD0092,1,12500.28,0,12500.28
ITEM0004129,ORD0002056,PROD0098,1,10950.31,0,10950.31
ITEM0004130,ORD0002057,PROD0097,1,7278.34,0,7278.34
ITEM0004131,ORD0002057,PROD0117,4,6437.22,0,25748.88
ITEM0004132,ORD0002058,PROD0112,4,885.01,20,2832.03
ITEM0004133,ORD0002058,PROD0031,4,9586.34,20,30676.29
ITEM0004134,ORD0002059,PROD0132,3,1160.61,0,3481.83
ITEM0004135,ORD0002059,PROD0098,3,10950.31,0,32850.93
ITEM0004136,ORD0002060,PROD0146,4,4641.78,15,15782.05
ITEM0004137,ORD0002060,PROD0145,4,3126.57,15,10630.34
ITEM0004138,ORD0002061,PROD0185,4,9871.56,10,35537.62
ITEM0004139,ORD0002061,PROD0071,3,3890.52,10,10504.4
ITEM0004140,ORD0002061,PROD0050,3,4918.81,10,13280.79
ITEM0004141,ORD0002062,PROD0133,1,3562.22,20,2849.78
ITEM0004142,ORD0002063,PROD0015,4,67106.58,10,241583.69
ITEM0004143,ORD0002064,PROD0046,4,6212.04,5,23605.75
ITEM0004144,ORD0002065,PROD0010,4,32892.86,0,131571.44
ITEM0004145,ORD0002065,PROD0100,3,2072.2,0,6216.6
ITEM0004146,ORD0002065,PROD0180,2,5434.17,0,10868.34
ITEM0004147,ORD0002065,PROD0115,1,11862.11,0,11862.11
ITEM0004148,ORD0002066,PROD0101,1,1007.74,10,906.97
ITEM0004149,ORD0002067,PROD0022,3,13967,5,39805.95
ITEM0004150,ORD0002068,PROD0049,1,567.72,0,567.72
ITEM0004151,ORD0002069,PROD0129,1,838.52,5,796.59
ITEM0004152,ORD0002070,PROD0072,4,1395.26,5,5301.99
ITEM0004153,ORD0002070,PROD0167,2,11229.68,5,21336.39
ITEM0004154,ORD0002070,PROD0044,3,3912.72,5,11151.25
ITEM0004155,ORD0002070,PROD0165,2,8926.78,5,16960.88
ITEM0004156,ORD0002070,PROD0002,4,50293.82,5,191116.52
ITEM0004157,ORD0002071,PROD0043,4,5274.26,15,17932.48
ITEM0004158,ORD0002072,PROD0058,1,1179.58,5,1120.6
ITEM0004159,ORD0002073,PROD0165,3,8926.78,5,25441.32
ITEM0004160,ORD0002073,PROD0146,3,4641.78,5,13229.07
ITEM0004161,ORD0002074,PROD0028,2,74581.74,5,141705.31
ITEM0004162,ORD0002074,PROD0071,4,3890.52,5,14783.98
ITEM0004163,ORD0002074,PROD0101,2,1007.74,5,1914.71
ITEM0004164,ORD0002074,PROD0083,3,1974.27,5,5626.67
ITEM0004165,ORD0002074,PROD0096,2,11526.42,5,21900.2
ITEM0004166,ORD0002075,PROD0181,3,5765.01,0,17295.03
ITEM0004167,ORD0002075,PROD0027,3,27299.16,0,81897.48
ITEM0004168,ORD0002075,PROD0108,3,8722.77,0,26168.31
ITEM0004169,ORD0002075,PROD0177,2,5985.15,0,11970.3
ITEM0004170,ORD0002076,PROD0016,2,43331.31,0,86662.62
ITEM0004171,ORD0002076,PROD0023,1,1503.94,0,1503.94
ITEM0004172,ORD0002076,PROD0006,3,69356.89,0,208070.67
ITEM0004173,ORD0002076,PROD0129,4,838.52,0,3354.08
ITEM0004174,ORD0002077,PROD0063,1,4348.36,10,3913.52
ITEM0004175,ORD0002078,PROD0068,3,827.32,0,2481.96
ITEM0004176,ORD0002078,PROD0132,4,1160.61,0,4642.44
ITEM0004177,ORD0002079,PROD0077,1,6124.52,20,4899.62
ITEM0004178,ORD0002079,PROD0144,4,905.61,20,2897.95
ITEM0004179,ORD0002080,PROD0039,2,66174.82,5,125732.16
ITEM0004180,ORD0002080,PROD0114,1,12529.93,5,11903.43
ITEM0004181,ORD0002080,PROD0044,4,3912.72,5,14868.34
ITEM0004182,ORD0002080,PROD0048,2,3151.51,5,5987.87
ITEM0004183,ORD0002080,PROD0137,2,782.23,5,1486.24
ITEM0004184,ORD0002081,PROD0184,3,11703.06,15,29842.8
ITEM0004185,ORD0002082,PROD0022,1,13967,20,11173.6
ITEM0004186,ORD0002083,PROD0035,4,24304.78,20,77775.3
ITEM0004187,ORD0002084,PROD0077,3,6124.52,0,18373.56
ITEM0004188,ORD0002084,PROD0174,1,3533.54,0,3533.54
ITEM0004189,ORD0002084,PROD0096,4,11526.42,0,46105.68
ITEM0004190,ORD0002084,PROD0013,4,40791.56,0,163166.24
ITEM0004191,ORD0002085,PROD0172,4,1025.46,20,3281.47
ITEM0004192,ORD0002085,PROD0036,2,68871.11,20,110193.78
ITEM0004193,ORD0002085,PROD0190,3,1254.49,20,3010.78
ITEM0004194,ORD0002086,PROD0138,2,1511.7,0,3023.4
ITEM0004195,ORD0002086,PROD0099,3,12519.55,0,37558.65
ITEM0004196,ORD0002086,PROD0062,2,1138.67,0,2277.34
ITEM0004197,ORD0002087,PROD0033,1,34304.44,15,29158.77
ITEM0004198,ORD0002087,PROD0016,3,43331.31,15,110494.84
ITEM0004199,ORD0002088,PROD0065,2,1921.1,0,3842.2
ITEM0004200,ORD0002088,PROD0178,3,1834.02,0,5502.06
ITEM0004201,ORD0002089,PROD0182,1,2159.96,15,1835.97
ITEM0004202,ORD0002089,PROD0002,2,50293.82,15,85499.49
ITEM0004203,ORD0002089,PROD0060,2,3327.41,15,5656.6
ITEM0004204,ORD0002090,PROD0032,3,38426.75,0,115280.25
ITEM0004205,ORD0002091,PROD0133,1,3562.22,20,2849.78
ITEM0004206,ORD0002091,PROD0095,4,5158.31,20,16506.59
ITEM0004207,ORD0002092,PROD0200,1,540.59,15,459.5
ITEM0004208,ORD0002092,PROD0027,2,27299.16,15,46408.57
ITEM0004209,ORD0002093,PROD0035,2,24304.78,5,46179.08
ITEM0004210,ORD0002094,PROD0061,1,1507.1,0,1507.1
ITEM0004211,ORD0002094,PROD0199,3,1292.33,0,3876.99
ITEM0004212,ORD0002095,PROD0067,4,7130.72,10,25670.59
ITEM0004213,ORD0002096,PROD0056,4,4087.83,0,16351.32
ITEM0004214,ORD0002096,PROD0190,2,1254.49,0,2508.98
ITEM0004215,ORD0002097,PROD0042,3,1233.59,0,3700.77
ITEM0004216,ORD0002098,PROD0076,1,1552.25,5,1474.64
ITEM0004217,ORD0002098,PROD0050,4,4918.81,5,18691.48
ITEM0004218,ORD0002098,PROD0092,3,12500.28,5,35625.8
ITEM0004219,ORD0002099,PROD0029,4,50556.2,15,171891.08
ITEM0004220,ORD0002099,PROD0076,3,1552.25,15,3958.24
ITEM0004221,ORD0002100,PROD0148,2,2543.16,0,5086.32
ITEM0004222,ORD0002100,PROD0155,2,3659.76,0,7319.52
ITEM0004223,ORD0002101,PROD0100,2,2072.2,0,4144.4
ITEM0004224,ORD0002102,PROD0050,4,4918.81,5,18691.48
ITEM0004225,ORD0002102,PROD0051,3,5103.04,5,14543.66
ITEM0004226,ORD0002102,PROD0106,4,478.86,5,1819.67
ITEM0004227,ORD0002103,PROD0050,4,4918.81,20,15740.19
ITEM0004228,ORD0002103,PROD0135,2,1341.78,20,2146.85
ITEM0004229,ORD0002103,PROD0197,3,490.98,20,1178.35
ITEM0004230,ORD0002104,PROD0171,2,9896.61,15,16824.24
ITEM0004231,ORD0002104,PROD0168,3,3183.64,15,8118.28
ITEM0004232,ORD0002105,PROD0088,1,1045.29,10,940.76
ITEM0004233,ORD0002105,PROD0198,2,890.11,10,1602.2
ITEM0004234,ORD0002106,PROD0065,4,1921.1,10,6915.96
ITEM0004235,ORD0002106,PROD0184,2,11703.06,10,21065.51
ITEM0004236,ORD0002106,PROD0180,4,5434.17,10,19563.01
ITEM0004237,ORD0002107,PROD0061,3,1507.1,0,4521.3
ITEM0004238,ORD0002108,PROD0114,2,12529.93,10,22553.87
ITEM0004239,ORD0002109,PROD0132,3,1160.61,10,3133.65
ITEM0004240,ORD0002109,PROD0146,4,4641.78,10,16710.41
ITEM0004241,ORD0002110,PROD0158,2,1726.09,0,3452.18
ITEM0004242,ORD0002110,PROD0057,3,742.06,0,2226.18
ITEM0004243,ORD0002111,PROD0092,2,12500.28,20,20000.45
ITEM0004244,ORD0002112,PROD0150,3,4265.82,0,12797.46
ITEM0004245,ORD0002113,PROD0014,1,7928.83,20,6343.06
ITEM0004246,ORD0002114,PROD0051,2,5103.04,10,9185.47
ITEM0004247,ORD0002115,PROD0057,2,742.06,15,1261.5
ITEM0004248,ORD0002116,PROD0022,1,13967,10,12570.3
ITEM0004249,ORD0002117,PROD0015,1,67106.58,15,57040.59
ITEM0004250,ORD0002118,PROD0026,1,40491.32,5,38466.75
ITEM0004251,ORD0002119,PROD0043,2,5274.26,15,8966.24
ITEM0004252,ORD0002120,PROD0155,2,3659.76,0,7319.52
ITEM0004253,ORD0002121,PROD0159,4,584.29,0,2337.16
ITEM0004254,ORD0002121,PROD0162,1,1300.66,0,1300.66
ITEM0004255,ORD0002121,PROD0061,3,1507.1,0,4521.3
ITEM0004256,ORD0002122,PROD0020,2,47540.26,10,85572.47
ITEM0004257,ORD0002122,PROD0188,2,1318.66,10,2373.59
ITEM0004258,ORD0002123,PROD0009,2,27237.58,0,54475.16
ITEM0004259,ORD0002123,PROD0115,2,11862.11,0,23724.22
ITEM0004260,ORD0002124,PROD0118,1,10931.14,5,10384.58
ITEM0004261,ORD0002125,PROD0005,3,40289.58,20,96694.99
ITEM0004262,ORD0002125,PROD0006,2,69356.89,20,110971.02
ITEM0004263,ORD0002125,PROD0071,2,3890.52,20,6224.83
ITEM0004264,ORD0002126,PROD0186,4,1358.84,0,5435.36
ITEM0004265,ORD0002127,PROD0194,3,238.12,5,678.64
ITEM0004266,ORD0002127,PROD0192,3,867.73,5,2473.03
ITEM0004267,ORD0002127,PROD0114,1,12529.93,5,11903.43
ITEM0004268,ORD0002128,PROD0161,2,3119.91,10,5615.84
ITEM0004269,ORD0002128,PROD0142,1,497.1,10,447.39
ITEM0004270,ORD0002129,PROD0199,1,1292.33,10,1163.1
ITEM0004271,ORD0002130,PROD0155,4,3659.76,0,14639.04
ITEM0004272,ORD0002131,PROD0082,3,2605.78,5,7426.47
ITEM0004273,ORD0002132,PROD0100,4,2072.2,0,8288.8
ITEM0004274,ORD0002133,PROD0088,3,1045.29,20,2508.7
ITEM0004275,ORD0002133,PROD0071,1,3890.52,20,3112.42
ITEM0004276,ORD0002134,PROD0061,2,1507.1,5,2863.49
ITEM0004277,ORD0002135,PROD0026,3,40491.32,0,121473.96
ITEM0004278,ORD0002135,PROD0073,4,346.89,0,1387.56
ITEM0004279,ORD0002135,PROD0066,2,2108.12,0,4216.24
ITEM0004280,ORD0002136,PROD0147,4,3374.12,0,13496.48
ITEM0004281,ORD0002137,PROD0200,3,540.59,10,1459.59
ITEM0004282,ORD0002138,PROD0129,2,838.52,0,1677.04
ITEM0004283,ORD0002138,PROD0153,2,1769.3,0,3538.6
ITEM0004284,ORD0002139,PROD0118,4,10931.14,0,43724.56
ITEM0004285,ORD0002140,PROD0097,1,7278.34,10,6550.51
ITEM0004286,ORD0002141,PROD0165,2,8926.78,20,14282.85
ITEM0004287,ORD0002141,PROD0194,3,238.12,20,571.49
ITEM0004288,ORD0002141,PROD0136,2,2648.04,20,4236.86
ITEM0004289,ORD0002142,PROD0083,2,1974.27,10,3553.69
ITEM0004290,ORD0002143,PROD0009,4,27237.58,0,108950.32
ITEM0004291,ORD0002143,PROD0085,2,6089.41,0,12178.82
ITEM0004292,ORD0002144,PROD0038,4,15904.21,15,54074.31
ITEM0004293,ORD0002145,PROD0108,4,8722.77,5,33146.53
ITEM0004294,ORD0002146,PROD0078,4,3466.82,25,10400.46
ITEM0004295,ORD0002147,PROD0066,2,2108.12,20,3372.99
ITEM0004296,ORD0002147,PROD0067,1,7130.72,20,5704.58
ITEM0004297,ORD0002147,PROD0029,3,50556.2,20,121334.88
ITEM0004298,ORD0002148,PROD0066,4,2108.12,15,7167.61
ITEM0004299,ORD0002148,PROD0156,3,366.5,15,934.58
ITEM0004300,ORD0002148,PROD0135,1,1341.78,15,1140.51
ITEM0004301,ORD0002148,PROD0030,3,745.3,15,1900.51
ITEM0004302,ORD0002149,PROD0039,2,66174.82,10,119114.68
ITEM0004303,ORD0002149,PROD0101,2,1007.74,10,1813.93
ITEM0004304,ORD0002150,PROD0061,2,1507.1,0,3014.2
ITEM0004305,ORD0002150,PROD0051,3,5103.04,0,15309.12
ITEM0004306,ORD0002151,PROD0010,4,32892.86,0,131571.44
ITEM0004307,ORD0002151,PROD0193,1,628.8,0,628.8
ITEM0004308,ORD0002151,PROD0071,1,3890.52,0,3890.52
ITEM0004309,ORD0002152,PROD0083,1,1974.27,0,1974.27
ITEM0004310,ORD0002153,PROD0162,3,1300.66,20,3121.58
ITEM0004311,ORD0002154,PROD0092,4,12500.28,15,42500.95
ITEM0004312,ORD0002155,PROD0107,1,5093.26,10,4583.93
ITEM0004313,ORD0002156,PROD0048,3,3151.51,15,8036.35
ITEM0004314,ORD0002157,PROD0146,1,4641.78,20,3713.42
ITEM0004315,ORD0002158,PROD0025,4,48796.51,10,175667.44
ITEM0004316,ORD0002158,PROD0006,2,69356.89,10,124842.4
ITEM0004317,ORD0002159,PROD0098,1,10950.31,0,10950.31
ITEM0004318,ORD0002160,PROD0002,4,50293.82,0,201175.28
ITEM0004319,ORD0002160,PROD0155,2,3659.76,0,7319.52
ITEM0004320,ORD0002161,PROD0176,3,975.19,20,2340.46
ITEM0004321,ORD0002161,PROD0017,3,8120.73,20,19489.75
ITEM0004322,ORD0002161,PROD0027,4,27299.16,20,87357.31
ITEM0004323,ORD0002161,PROD0106,3,478.86,20,1149.26
ITEM0004324,ORD0002161,PROD0100,4,2072.2,20,6631.04
ITEM0004325,ORD0002162,PROD0135,2,1341.78,15,2281.03
ITEM0004326,ORD0002163,PROD0057,2,742.06,0,1484.12
ITEM0004327,ORD0002164,PROD0098,1,10950.31,5,10402.79
ITEM0004328,ORD0002164,PROD0133,4,3562.22,5,13536.44
ITEM0004329,ORD0002165,PROD0171,3,9896.61,0,29689.83
ITEM0004330,ORD0002165,PROD0007,4,27829.19,0,111316.76
ITEM0004331,ORD0002165,PROD0141,4,1560.51,0,6242.04
ITEM0004332,ORD0002166,PROD0164,1,3543.37,10,3189.03
ITEM0004333,ORD0002167,PROD0192,4,867.73,0,3470.92
ITEM0004334,ORD0002168,PROD0039,4,66174.82,0,264699.28
ITEM0004335,ORD0002168,PROD0056,2,4087.83,0,8175.66
ITEM0004336,ORD0002168,PROD0161,1,3119.91,0,3119.91
ITEM0004337,ORD0002168,PROD0055,3,3434.95,0,10304.85
ITEM0004338,ORD0002168,PROD0009,4,27237.58,0,108950.32
ITEM0004339,ORD0002169,PROD0041,2,3166.8,25,4750.2
ITEM0004340,ORD0002169,PROD0049,4,567.72,25,1703.16
ITEM0004341,ORD0002169,PROD0183,1,4402.38,25,3301.78
ITEM0004342,ORD0002170,PROD0108,1,8722.77,15,7414.35
ITEM0004343,ORD0002171,PROD0121,3,389.01,10,1050.33
ITEM0004344,ORD0002171,PROD0195,4,437.39,10,1574.6
ITEM0004345,ORD0002172,PROD0034,4,50492.99,0,201971.96
ITEM0004346,ORD0002173,PROD0076,4,1552.25,0,6209
ITEM0004347,ORD0002173,PROD0153,3,1769.3,0,5307.9
ITEM0004348,ORD0002173,PROD0135,3,1341.78,0,4025.34
ITEM0004349,ORD0002173,PROD0018,1,43707.38,0,43707.38
ITEM0004350,ORD0002174,PROD0042,2,1233.59,0,2467.18
ITEM0004351,ORD0002175,PROD0058,1,1179.58,10,1061.62
ITEM0004352,ORD0002176,PROD0097,3,7278.34,0,21835.02
ITEM0004353,ORD0002177,PROD0169,3,3385.13,20,8124.31
ITEM0004354,ORD0002177,PROD0097,2,7278.34,20,11645.34
ITEM0004355,ORD0002178,PROD0087,4,5742.05,0,22968.2
ITEM0004356,ORD0002179,PROD0049,4,567.72,5,2157.34
ITEM0004357,ORD0002179,PROD0077,3,6124.52,5,17454.88
ITEM0004358,ORD0002180,PROD0037,4,56353.69,25,169061.07
ITEM0004359,ORD0002181,PROD0135,1,1341.78,0,1341.78
ITEM0004360,ORD0002181,PROD0080,1,2405.82,0,2405.82
ITEM0004361,ORD0002181,PROD0150,4,4265.82,0,17063.28
ITEM0004362,ORD0002181,PROD0127,3,9556.44,0,28669.32
ITEM0004363,ORD0002181,PROD0044,4,3912.72,0,15650.88
ITEM0004364,ORD0002182,PROD0197,1,490.98,10,441.88
ITEM0004365,ORD0002182,PROD0178,3,1834.02,10,4951.85
ITEM0004366,ORD0002183,PROD0006,1,69356.89,0,69356.89
ITEM0004367,ORD0002184,PROD0055,2,3434.95,10,6182.91
ITEM0004368,ORD0002184,PROD0081,2,3032.39,10,5458.3
ITEM0004369,ORD0002185,PROD0082,1,2605.78,10,2345.2
ITEM0004370,ORD0002185,PROD0010,1,32892.86,10,29603.57
ITEM0004371,ORD0002185,PROD0110,3,232.06,10,626.56
ITEM0004372,ORD0002186,PROD0111,4,4186.75,25,12560.25
ITEM0004373,ORD0002186,PROD0065,2,1921.1,25,2881.65
ITEM0004374,ORD0002186,PROD0157,2,1549.94,25,2324.91
ITEM0004375,ORD0002186,PROD0183,3,4402.38,25,9905.36
ITEM0004376,ORD0002187,PROD0127,2,9556.44,0,19112.88
ITEM0004377,ORD0002188,PROD0167,4,11229.68,20,35934.98
ITEM0004378,ORD0002188,PROD0097,1,7278.34,20,5822.67
ITEM0004379,ORD0002188,PROD0042,3,1233.59,20,2960.62
ITEM0004380,ORD0002188,PROD0119,3,2991.81,20,7180.34
ITEM0004381,ORD0002189,PROD0040,4,63017.33,15,214258.92
ITEM0004382,ORD0002190,PROD0028,3,74581.74,10,201370.7
ITEM0004383,ORD0002190,PROD0071,3,3890.52,10,10504.4
ITEM0004384,ORD0002191,PROD0115,4,11862.11,0,47448.44
ITEM0004385,ORD0002192,PROD0015,2,67106.58,10,120791.84
ITEM0004386,ORD0002193,PROD0166,4,8733.51,5,33187.34
ITEM0004387,ORD0002193,PROD0118,1,10931.14,5,10384.58
ITEM0004388,ORD0002194,PROD0008,4,57369.56,10,206530.42
ITEM0004389,ORD0002194,PROD0114,2,12529.93,10,22553.87
ITEM0004390,ORD0002195,PROD0029,1,50556.2,20,40444.96
ITEM0004391,ORD0002195,PROD0071,1,3890.52,20,3112.42
ITEM0004392,ORD0002195,PROD0013,2,40791.56,20,65266.5
ITEM0004393,ORD0002195,PROD0184,1,11703.06,20,9362.45
ITEM0004394,ORD0002196,PROD0137,3,782.23,5,2229.36
ITEM0004395,ORD0002197,PROD0138,4,1511.7,0,6046.8
ITEM0004396,ORD0002198,PROD0043,4,5274.26,0,21097.04
ITEM0004397,ORD0002198,PROD0064,4,4156.77,0,16627.08
ITEM0004398,ORD0002199,PROD0018,4,43707.38,5,166088.04
ITEM0004399,ORD0002200,PROD0081,1,3032.39,5,2880.77
ITEM0004400,ORD0002200,PROD0192,1,867.73,5,824.34
ITEM0004401,ORD0002201,PROD0095,4,5158.31,5,19601.58
ITEM0004402,ORD0002201,PROD0064,2,4156.77,5,7897.86
ITEM0004403,ORD0002201,PROD0154,1,1821.18,5,1730.12
ITEM0004404,ORD0002201,PROD0045,1,3914.99,5,3719.24
ITEM0004405,ORD0002201,PROD0147,2,3374.12,5,6410.83
ITEM0004406,ORD0002202,PROD0110,2,232.06,5,440.91
ITEM0004407,ORD0002203,PROD0144,3,905.61,5,2580.99
ITEM0004408,ORD0002204,PROD0165,2,8926.78,10,16068.2
ITEM0004409,ORD0002204,PROD0117,1,6437.22,10,5793.5
ITEM0004410,ORD0002205,PROD0181,1,5765.01,5,5476.76
ITEM0004411,ORD0002205,PROD0155,3,3659.76,5,10430.32
ITEM0004412,ORD0002205,PROD0109,1,6201.15,5,5891.09
ITEM0004413,ORD0002206,PROD0004,2,25591.73,0,51183.46
ITEM0004414,ORD0002207,PROD0168,2,3183.64,15,5412.19
ITEM0004415,ORD0002208,PROD0178,2,1834.02,15,3117.83
ITEM0004416,ORD0002208,PROD0105,4,8086.41,15,27493.79
ITEM0004417,ORD0002208,PROD0015,3,67106.58,15,171121.78
ITEM0004418,ORD0002209,PROD0026,4,40491.32,5,153867.02
ITEM0004419,ORD0002209,PROD0027,3,27299.16,5,77802.61
ITEM0004420,ORD0002210,PROD0070,4,1576.87,15,5361.36
ITEM0004421,ORD0002211,PROD0186,4,1358.84,5,5163.59
ITEM0004422,ORD0002212,PROD0183,1,4402.38,15,3742.02
ITEM0004423,ORD0002212,PROD0030,2,745.3,15,1267.01
ITEM0004424,ORD0002213,PROD0198,2,890.11,0,1780.22
ITEM0004425,ORD0002213,PROD0042,2,1233.59,0,2467.18
ITEM0004426,ORD0002214,PROD0159,1,584.29,15,496.65
ITEM0004427,ORD0002215,PROD0059,1,3047.56,15,2590.43
ITEM0004428,ORD0002215,PROD0062,3,1138.67,15,2903.61
ITEM0004429,ORD0002215,PROD0053,4,5844.47,15,19871.2
ITEM0004430,ORD0002216,PROD0145,4,3126.57,0,12506.28
ITEM0004431,ORD0002217,PROD0075,1,2702.38,5,2567.26
ITEM0004432,ORD0002217,PROD0109,4,6201.15,5,23564.37
ITEM0004433,ORD0002217,PROD0020,3,47540.26,5,135489.74
ITEM0004434,ORD0002218,PROD0153,4,1769.3,0,7077.2
ITEM0004435,ORD0002218,PROD0101,4,1007.74,0,4030.96
ITEM0004436,ORD0002219,PROD0005,4,40289.58,0,161158.32
ITEM0004437,ORD0002219,PROD0080,2,2405.82,0,4811.64
ITEM0004438,ORD0002219,PROD0168,3,3183.64,0,9550.92
ITEM0004439,ORD0002220,PROD0171,1,9896.61,10,8906.95
ITEM0004440,ORD0002221,PROD0107,3,5093.26,5,14515.79
ITEM0004441,ORD0002222,PROD0058,2,1179.58,0,2359.16
ITEM0004442,ORD0002223,PROD0135,2,1341.78,0,2683.56
ITEM0004443,ORD0002223,PROD0016,1,43331.31,0,43331.31
ITEM0004444,ORD0002224,PROD0183,2,4402.38,5,8364.52
ITEM0004445,ORD0002224,PROD0039,4,66174.82,5,251464.32
ITEM0004446,ORD0002224,PROD0168,2,3183.64,5,6048.92
ITEM0004447,ORD0002224,PROD0172,4,1025.46,5,3896.75
ITEM0004448,ORD0002224,PROD0029,3,50556.2,5,144085.17
ITEM0004449,ORD0002225,PROD0180,4,5434.17,25,16302.51
ITEM0004450,ORD0002226,PROD0024,3,57909.18,0,173727.54
ITEM0004451,ORD0002226,PROD0128,1,5930.45,0,5930.45
ITEM0004452,ORD0002227,PROD0055,3,3434.95,10,9274.36
ITEM0004453,ORD0002227,PROD0064,1,4156.77,10,3741.09
ITEM0004454,ORD0002228,PROD0171,4,9896.61,0,39586.44
ITEM0004455,ORD0002229,PROD0129,1,838.52,0,838.52
ITEM0004456,ORD0002229,PROD0100,1,2072.2,0,2072.2
ITEM0004457,ORD0002230,PROD0027,4,27299.16,20,87357.31
ITEM0004458,ORD0002231,PROD0030,1,745.3,0,745.3
ITEM0004459,ORD0002232,PROD0169,2,3385.13,5,6431.75
ITEM0004460,ORD0002232,PROD0077,4,6124.52,5,23273.18
ITEM0004461,ORD0002232,PROD0095,3,5158.31,5,14701.18
ITEM0004462,ORD0002233,PROD0192,1,867.73,0,867.73
ITEM0004463,ORD0002233,PROD0024,1,57909.18,0,57909.18
ITEM0004464,ORD0002234,PROD0127,4,9556.44,5,36314.47
ITEM0004465,ORD0002234,PROD0158,3,1726.09,5,4919.36
ITEM0004466,ORD0002234,PROD0067,1,7130.72,5,6774.18
ITEM0004467,ORD0002234,PROD0156,4,366.5,5,1392.7
ITEM0004468,ORD0002234,PROD0098,1,10950.31,5,10402.79
ITEM0004469,ORD0002235,PROD0106,1,478.86,10,430.97
ITEM0004470,ORD0002235,PROD0045,1,3914.99,10,3523.49
ITEM0004471,ORD0002236,PROD0025,1,48796.51,5,46356.68
ITEM0004472,ORD0002237,PROD0058,4,1179.58,15,4010.57
ITEM0004473,ORD0002237,PROD0147,2,3374.12,15,5736
ITEM0004474,ORD0002238,PROD0133,3,3562.22,5,10152.33
ITEM0004475,ORD0002239,PROD0197,3,490.98,5,1399.29
ITEM0004476,ORD0002239,PROD0111,1,4186.75,5,3977.41
ITEM0004477,ORD0002240,PROD0188,1,1318.66,0,1318.66
ITEM0004478,ORD0002241,PROD0133,4,3562.22,0,14248.88
ITEM0004479,ORD0002241,PROD0127,2,9556.44,0,19112.88
ITEM0004480,ORD0002241,PROD0029,2,50556.2,0,101112.4
ITEM0004481,ORD0002241,PROD0181,1,5765.01,0,5765.01
ITEM0004482,ORD0002241,PROD0072,4,1395.26,0,5581.04
ITEM0004483,ORD0002242,PROD0163,1,915.73,10,824.16
ITEM0004484,ORD0002242,PROD0088,2,1045.29,10,1881.52
ITEM0004485,ORD0002243,PROD0164,3,3543.37,5,10098.6
ITEM0004486,ORD0002243,PROD0123,2,9762.37,5,18548.5
ITEM0004487,ORD0002244,PROD0133,1,3562.22,20,2849.78
ITEM0004488,ORD0002244,PROD0039,4,66174.82,20,211759.42
ITEM0004489,ORD0002244,PROD0075,4,2702.38,20,8647.62
ITEM0004490,ORD0002244,PROD0013,2,40791.56,20,65266.5
ITEM0004491,ORD0002245,PROD0078,3,3466.82,5,9880.44
ITEM0004492,ORD0002246,PROD0043,2,5274.26,0,10548.52
ITEM0004493,ORD0002247,PROD0040,4,63017.33,10,226862.39
ITEM0004494,ORD0002248,PROD0194,3,238.12,10,642.92
ITEM0004495,ORD0002248,PROD0077,3,6124.52,10,16536.2
ITEM0004496,ORD0002248,PROD0155,2,3659.76,10,6587.57
ITEM0004497,ORD0002248,PROD0136,2,2648.04,10,4766.47
ITEM0004498,ORD0002248,PROD0174,3,3533.54,10,9540.56
ITEM0004499,ORD0002249,PROD0070,3,1576.87,5,4494.08
ITEM0004500,ORD0002250,PROD0136,3,2648.04,10,7149.71
ITEM0004501,ORD0002251,PROD0042,3,1233.59,0,3700.77
ITEM0004502,ORD0002251,PROD0030,2,745.3,0,1490.6
ITEM0004503,ORD0002251,PROD0195,2,437.39,0,874.78
ITEM0004504,ORD0002252,PROD0186,3,1358.84,0,4076.52
ITEM0004505,ORD0002253,PROD0050,1,4918.81,20,3935.05
ITEM0004506,ORD0002254,PROD0199,2,1292.33,10,2326.19
ITEM0004507,ORD0002254,PROD0144,4,905.61,10,3260.2
ITEM0004508,ORD0002254,PROD0005,3,40289.58,10,108781.87
ITEM0004509,ORD0002255,PROD0097,4,7278.34,15,24746.36
ITEM0004510,ORD0002255,PROD0010,2,32892.86,15,55917.86
ITEM0004511,ORD0002255,PROD0116,4,4368.06,15,14851.4
ITEM0004512,ORD0002256,PROD0112,2,885.01,0,1770.02
ITEM0004513,ORD0002256,PROD0105,2,8086.41,0,16172.82
ITEM0004514,ORD0002257,PROD0082,4,2605.78,5,9901.96
ITEM0004515,ORD0002257,PROD0058,3,1179.58,5,3361.8
ITEM0004516,ORD0002257,PROD0002,4,50293.82,5,191116.52
ITEM0004517,ORD0002257,PROD0076,4,1552.25,5,5898.55
ITEM0004518,ORD0002257,PROD0175,1,6709.6,5,6374.12
ITEM0004519,ORD0002258,PROD0032,4,38426.75,0,153707
ITEM0004520,ORD0002259,PROD0070,2,1576.87,0,3153.74
ITEM0004521,ORD0002259,PROD0185,1,9871.56,0,9871.56
ITEM0004522,ORD0002259,PROD0019,4,21504.79,0,86019.16
ITEM0004523,ORD0002260,PROD0145,1,3126.57,0,3126.57
ITEM0004524,ORD0002260,PROD0095,1,5158.31,0,5158.31
ITEM0004525,ORD0002261,PROD0148,2,2543.16,10,4577.69
ITEM0004526,ORD0002261,PROD0073,3,346.89,10,936.6
ITEM0004527,ORD0002262,PROD0142,2,497.1,0,994.2
ITEM0004528,ORD0002263,PROD0193,3,628.8,5,1792.08
ITEM0004529,ORD0002263,PROD0058,4,1179.58,5,4482.4
ITEM0004530,ORD0002263,PROD0051,4,5103.04,5,19391.55
ITEM0004531,ORD0002264,PROD0058,3,1179.58,5,3361.8
ITEM0004532,ORD0002264,PROD0050,1,4918.81,5,4672.87
ITEM0004533,ORD0002265,PROD0061,4,1507.1,10,5425.56
ITEM0004534,ORD0002265,PROD0141,3,1560.51,10,4213.38
ITEM0004535,ORD0002265,PROD0118,4,10931.14,10,39352.1
ITEM0004536,ORD0002265,PROD0131,4,2976.52,10,10715.47
ITEM0004537,ORD0002265,PROD0136,2,2648.04,10,4766.47
ITEM0004538,ORD0002266,PROD0172,2,1025.46,20,1640.74
ITEM0004539,ORD0002266,PROD0012,3,33141.38,20,79539.31
ITEM0004540,ORD0002267,PROD0109,4,6201.15,25,18603.45
ITEM0004541,ORD0002267,PROD0003,1,49712.42,25,37284.32
ITEM0004542,ORD0002268,PROD0164,1,3543.37,0,3543.37
ITEM0004543,ORD0002268,PROD0016,2,43331.31,0,86662.62
ITEM0004544,ORD0002268,PROD0024,4,57909.18,0,231636.72
ITEM0004545,ORD0002269,PROD0042,2,1233.59,0,2467.18
ITEM0004546,ORD0002269,PROD0188,1,1318.66,0,1318.66
ITEM0004547,ORD0002269,PROD0147,2,3374.12,0,6748.24
ITEM0004548,ORD0002270,PROD0114,1,12529.93,0,12529.93
ITEM0004549,ORD0002270,PROD0108,3,8722.77,0,26168.31
ITEM0004550,ORD0002270,PROD0085,4,6089.41,0,24357.64
ITEM0004551,ORD0002271,PROD0053,1,5844.47,5,5552.25
ITEM0004552,ORD0002272,PROD0177,4,5985.15,0,23940.6
ITEM0004553,ORD0002272,PROD0090,4,859.29,0,3437.16
ITEM0004554,ORD0002273,PROD0191,4,1435.77,0,5743.08
ITEM0004555,ORD0002273,PROD0172,2,1025.46,0,2050.92
ITEM0004556,ORD0002273,PROD0188,2,1318.66,0,2637.32
ITEM0004557,ORD0002273,PROD0038,3,15904.21,0,47712.63
ITEM0004558,ORD0002274,PROD0146,4,4641.78,0,18567.12
ITEM0004559,ORD0002274,PROD0184,3,11703.06,0,35109.18
ITEM0004560,ORD0002274,PROD0150,1,4265.82,0,4265.82
ITEM0004561,ORD0002274,PROD0133,2,3562.22,0,7124.44
ITEM0004562,ORD0002275,PROD0174,1,3533.54,0,3533.54
ITEM0004563,ORD0002275,PROD0084,4,784.26,0,3137.04
ITEM0004564,ORD0002275,PROD0012,4,33141.38,0,132565.52
ITEM0004565,ORD0002276,PROD0164,1,3543.37,0,3543.37
ITEM0004566,ORD0002276,PROD0148,1,2543.16,0,2543.16
ITEM0004567,ORD0002276,PROD0106,1,478.86,0,478.86
ITEM0004568,ORD0002277,PROD0057,2,742.06,20,1187.3
ITEM0004569,ORD0002277,PROD0022,1,13967,20,11173.6
ITEM0004570,ORD0002277,PROD0026,1,40491.32,20,32393.06
ITEM0004571,ORD0002277,PROD0116,4,4368.06,20,13977.79
ITEM0004572,ORD0002277,PROD0056,2,4087.83,20,6540.53
ITEM0004573,ORD0002278,PROD0061,1,1507.1,0,1507.1
ITEM0004574,ORD0002278,PROD0115,2,11862.11,0,23724.22
ITEM0004575,ORD0002278,PROD0087,2,5742.05,0,11484.1
ITEM0004576,ORD0002278,PROD0092,3,12500.28,0,37500.84
ITEM0004577,ORD0002279,PROD0159,1,584.29,0,584.29
ITEM0004578,ORD0002279,PROD0014,4,7928.83,0,31715.32
ITEM0004579,ORD0002279,PROD0011,1,58607.44,0,58607.44
ITEM0004580,ORD0002279,PROD0092,1,12500.28,0,12500.28
ITEM0004581,ORD0002280,PROD0014,1,7928.83,5,7532.39
ITEM0004582,ORD0002280,PROD0092,4,12500.28,5,47501.06
ITEM0004583,ORD0002281,PROD0103,4,2970.53,15,10099.8
ITEM0004584,ORD0002281,PROD0008,4,57369.56,15,195056.5
ITEM0004585,ORD0002282,PROD0200,3,540.59,15,1378.5
ITEM0004586,ORD0002283,PROD0107,4,5093.26,10,18335.74
ITEM0004587,ORD0002283,PROD0143,4,382.09,10,1375.52
ITEM0004588,ORD0002283,PROD0059,4,3047.56,10,10971.22
ITEM0004589,ORD0002284,PROD0129,4,838.52,5,3186.38
ITEM0004590,ORD0002285,PROD0137,1,782.23,10,704.01
ITEM0004591,ORD0002286,PROD0167,3,11229.68,5,32004.59
ITEM0004592,ORD0002286,PROD0177,4,5985.15,5,22743.57
ITEM0004593,ORD0002287,PROD0095,4,5158.31,0,20633.24
ITEM0004594,ORD0002287,PROD0001,3,4321.28,0,12963.84
ITEM0004595,ORD0002288,PROD0148,2,2543.16,0,5086.32
ITEM0004596,ORD0002289,PROD0012,2,33141.38,10,59654.48
ITEM0004597,ORD0002290,PROD0077,1,6124.52,10,5512.07
ITEM0004598,ORD0002291,PROD0057,3,742.06,0,2226.18
ITEM0004599,ORD0002291,PROD0098,2,10950.31,0,21900.62
ITEM0004600,ORD0002292,PROD0185,3,9871.56,10,26653.21
ITEM0004601,ORD0002293,PROD0057,3,742.06,10,2003.56
ITEM0004602,ORD0002293,PROD0044,2,3912.72,10,7042.9
ITEM0004603,ORD0002294,PROD0044,2,3912.72,15,6651.62
ITEM0004604,ORD0002294,PROD0032,4,38426.75,15,130650.95
ITEM0004605,ORD0002294,PROD0138,3,1511.7,15,3854.84
ITEM0004606,ORD0002295,PROD0096,4,11526.42,0,46105.68
ITEM0004607,ORD0002296,PROD0066,3,2108.12,15,5375.71
ITEM0004608,ORD0002297,PROD0198,1,890.11,0,890.11
ITEM0004609,ORD0002297,PROD0160,4,756.75,0,3027
ITEM0004610,ORD0002297,PROD0006,4,69356.89,0,277427.56
ITEM0004611,ORD0002298,PROD0027,4,27299.16,0,109196.64
ITEM0004612,ORD0002299,PROD0014,2,7928.83,0,15857.66
ITEM0004613,ORD0002299,PROD0034,4,50492.99,0,201971.96
ITEM0004614,ORD0002300,PROD0171,2,9896.61,10,17813.9
ITEM0004615,ORD0002300,PROD0035,3,24304.78,10,65622.91
ITEM0004616,ORD0002300,PROD0053,2,5844.47,10,10520.05
ITEM0004617,ORD0002301,PROD0169,2,3385.13,0,6770.26
ITEM0004618,ORD0002302,PROD0178,3,1834.02,10,4951.85
ITEM0004619,ORD0002303,PROD0127,2,9556.44,0,19112.88
ITEM0004620,ORD0002303,PROD0152,1,1817.42,0,1817.42
ITEM0004621,ORD0002303,PROD0112,3,885.01,0,2655.03
ITEM0004622,ORD0002304,PROD0199,1,1292.33,0,1292.33
ITEM0004623,ORD0002304,PROD0145,1,3126.57,0,3126.57
ITEM0004624,ORD0002304,PROD0038,2,15904.21,0,31808.42
ITEM0004625,ORD0002305,PROD0166,2,8733.51,0,17467.02
ITEM0004626,ORD0002305,PROD0190,2,1254.49,0,2508.98
ITEM0004627,ORD0002305,PROD0162,1,1300.66,0,1300.66
ITEM0004628,ORD0002305,PROD0171,3,9896.61,0,29689.83
ITEM0004629,ORD0002305,PROD0078,4,3466.82,0,13867.28
ITEM0004630,ORD0002306,PROD0031,1,9586.34,15,8148.39
ITEM0004631,ORD0002306,PROD0057,1,742.06,15,630.75
ITEM0004632,ORD0002307,PROD0165,2,8926.78,0,17853.56
ITEM0004633,ORD0002308,PROD0183,2,4402.38,10,7924.28
ITEM0004634,ORD0002309,PROD0168,4,3183.64,5,12097.83
ITEM0004635,ORD0002309,PROD0090,4,859.29,5,3265.3
ITEM0004636,ORD0002310,PROD0036,3,68871.11,0,206613.33
ITEM0004637,ORD0002310,PROD0008,4,57369.56,0,229478.24
ITEM0004638,ORD0002311,PROD0042,3,1233.59,0,3700.77
ITEM0004639,ORD0002311,PROD0067,2,7130.72,0,14261.44
ITEM0004640,ORD0002312,PROD0158,3,1726.09,5,4919.36
ITEM0004641,ORD0002313,PROD0141,4,1560.51,15,5305.73
ITEM0004642,ORD0002313,PROD0164,3,3543.37,15,9035.59
ITEM0004643,ORD0002313,PROD0060,2,3327.41,15,5656.6
ITEM0004644,ORD0002313,PROD0040,3,63017.33,15,160694.19
ITEM0004645,ORD0002314,PROD0176,4,975.19,0,3900.76
ITEM0004646,ORD0002314,PROD0092,4,12500.28,0,50001.12
ITEM0004647,ORD0002315,PROD0014,1,7928.83,0,7928.83
ITEM0004648,ORD0002316,PROD0114,4,12529.93,25,37589.79
ITEM0004649,ORD0002316,PROD0059,1,3047.56,25,2285.67
ITEM0004650,ORD0002316,PROD0182,4,2159.96,25,6479.88
ITEM0004651,ORD0002316,PROD0035,4,24304.78,25,72914.34
ITEM0004652,ORD0002317,PROD0113,1,8226.58,10,7403.92
ITEM0004653,ORD0002318,PROD0026,2,40491.32,10,72884.38
ITEM0004654,ORD0002318,PROD0178,4,1834.02,10,6602.47
ITEM0004655,ORD0002319,PROD0053,2,5844.47,10,10520.05
ITEM0004656,ORD0002319,PROD0136,2,2648.04,10,4766.47
ITEM0004657,ORD0002319,PROD0055,3,3434.95,10,9274.36
ITEM0004658,ORD0002319,PROD0103,4,2970.53,10,10693.91
ITEM0004659,ORD0002320,PROD0171,1,9896.61,0,9896.61
ITEM0004660,ORD0002321,PROD0093,2,12429.79,15,21130.64
ITEM0004661,ORD0002321,PROD0045,3,3914.99,15,9983.22
ITEM0004662,ORD0002322,PROD0149,2,3462.42,0,6924.84
ITEM0004663,ORD0002322,PROD0135,4,1341.78,0,5367.12
ITEM0004664,ORD0002323,PROD0151,3,350.77,15,894.46
ITEM0004665,ORD0002324,PROD0171,1,9896.61,5,9401.78
ITEM0004666,ORD0002324,PROD0018,4,43707.38,5,166088.04
ITEM0004667,ORD0002325,PROD0111,3,4186.75,25,9420.19
ITEM0004668,ORD0002325,PROD0028,2,74581.74,25,111872.61
ITEM0004669,ORD0002326,PROD0038,2,15904.21,10,28627.58
ITEM0004670,ORD0002326,PROD0032,4,38426.75,10,138336.3
ITEM0004671,ORD0002326,PROD0143,2,382.09,10,687.76
ITEM0004672,ORD0002327,PROD0009,1,27237.58,0,27237.58
ITEM0004673,ORD0002328,PROD0034,1,50492.99,0,50492.99
ITEM0004674,ORD0002328,PROD0177,1,5985.15,0,5985.15
ITEM0004675,ORD0002328,PROD0181,2,5765.01,0,11530.02
ITEM0004676,ORD0002329,PROD0041,1,3166.8,10,2850.12
ITEM0004677,ORD0002330,PROD0168,2,3183.64,5,6048.92
ITEM0004678,ORD0002330,PROD0098,1,10950.31,5,10402.79
ITEM0004679,ORD0002331,PROD0142,1,497.1,0,497.1
ITEM0004680,ORD0002331,PROD0173,1,8594.8,0,8594.8
ITEM0004681,ORD0002331,PROD0116,1,4368.06,0,4368.06
ITEM0004682,ORD0002332,PROD0048,2,3151.51,0,6303.02
ITEM0004683,ORD0002333,PROD0095,4,5158.31,15,17538.25
ITEM0004684,ORD0002334,PROD0107,1,5093.26,15,4329.27
ITEM0004685,ORD0002334,PROD0141,2,1560.51,15,2652.87
ITEM0004686,ORD0002335,PROD0077,3,6124.52,0,18373.56
ITEM0004687,ORD0002335,PROD0121,2,389.01,0,778.02
ITEM0004688,ORD0002336,PROD0082,3,2605.78,10,7035.61
ITEM0004689,ORD0002337,PROD0031,2,9586.34,0,19172.68
ITEM0004690,ORD0002338,PROD0158,2,1726.09,0,3452.18
ITEM0004691,ORD0002339,PROD0058,4,1179.58,10,4246.49
ITEM0004692,ORD0002339,PROD0009,4,27237.58,10,98055.29
ITEM0004693,ORD0002340,PROD0098,3,10950.31,5,31208.38
ITEM0004694,ORD0002340,PROD0029,1,50556.2,5,48028.39
ITEM0004695,ORD0002341,PROD0019,3,21504.79,15,54837.21
ITEM0004696,ORD0002341,PROD0152,1,1817.42,15,1544.81
ITEM0004697,ORD0002341,PROD0182,1,2159.96,15,1835.97
ITEM0004698,ORD0002341,PROD0156,3,366.5,15,934.58
ITEM0004699,ORD0002341,PROD0100,2,2072.2,15,3522.74
ITEM0004700,ORD0002342,PROD0049,4,567.72,25,1703.16
ITEM0004701,ORD0002342,PROD0005,3,40289.58,25,90651.56
ITEM0004702,ORD0002343,PROD0023,1,1503.94,0,1503.94
ITEM0004703,ORD0002343,PROD0159,1,584.29,0,584.29
ITEM0004704,ORD0002343,PROD0032,3,38426.75,0,115280.25
ITEM0004705,ORD0002344,PROD0156,3,366.5,10,989.55
ITEM0004706,ORD0002344,PROD0092,1,12500.28,10,11250.25
ITEM0004707,ORD0002344,PROD0186,1,1358.84,10,1222.96
ITEM0004708,ORD0002345,PROD0198,3,890.11,0,2670.33
ITEM0004709,ORD0002345,PROD0135,1,1341.78,0,1341.78
ITEM0004710,ORD0002345,PROD0019,1,21504.79,0,21504.79
ITEM0004711,ORD0002346,PROD0052,1,5153.96,5,4896.26
ITEM0004712,ORD0002347,PROD0063,2,4348.36,25,6522.54
ITEM0004713,ORD0002347,PROD0042,2,1233.59,25,1850.38
ITEM0004714,ORD0002348,PROD0157,4,1549.94,15,5269.8
ITEM0004715,ORD0002348,PROD0096,2,11526.42,15,19594.91
ITEM0004716,ORD0002349,PROD0051,4,5103.04,0,20412.16
ITEM0004717,ORD0002349,PROD0197,1,490.98,0,490.98
ITEM0004718,ORD0002349,PROD0169,3,3385.13,0,10155.39
ITEM0004719,ORD0002350,PROD0128,3,5930.45,0,17791.35
ITEM0004720,ORD0002351,PROD0045,3,3914.99,15,9983.22
ITEM0004721,ORD0002351,PROD0104,1,12889.74,15,10956.28
ITEM0004722,ORD0002351,PROD0067,3,7130.72,15,18183.34
ITEM0004723,ORD0002352,PROD0026,1,40491.32,15,34417.62
ITEM0004724,ORD0002352,PROD0034,3,50492.99,15,128757.12
ITEM0004725,ORD0002353,PROD0199,1,1292.33,0,1292.33
ITEM0004726,ORD0002354,PROD0144,2,905.61,0,1811.22
ITEM0004727,ORD0002354,PROD0178,4,1834.02,0,7336.08
ITEM0004728,ORD0002354,PROD0046,4,6212.04,0,24848.16
ITEM0004729,ORD0002354,PROD0010,3,32892.86,0,98678.58
ITEM0004730,ORD0002354,PROD0135,1,1341.78,0,1341.78
ITEM0004731,ORD0002355,PROD0150,4,4265.82,5,16210.12
ITEM0004732,ORD0002355,PROD0090,2,859.29,5,1632.65
ITEM0004733,ORD0002356,PROD0075,3,2702.38,5,7701.78
ITEM0004734,ORD0002357,PROD0058,1,1179.58,15,1002.64
ITEM0004735,ORD0002357,PROD0084,1,784.26,15,666.62
ITEM0004736,ORD0002358,PROD0106,4,478.86,0,1915.44
ITEM0004737,ORD0002358,PROD0114,2,12529.93,0,25059.86
ITEM0004738,ORD0002359,PROD0161,1,3119.91,10,2807.92
ITEM0004739,ORD0002360,PROD0029,3,50556.2,0,151668.6
ITEM0004740,ORD0002361,PROD0184,1,11703.06,15,9947.6
ITEM0004741,ORD0002362,PROD0151,2,350.77,20,561.23
ITEM0004742,ORD0002363,PROD0060,3,3327.41,5,9483.12
ITEM0004743,ORD0002364,PROD0121,3,389.01,0,1167.03
ITEM0004744,ORD0002364,PROD0112,4,885.01,0,3540.04
ITEM0004745,ORD0002365,PROD0132,4,1160.61,0,4642.44
ITEM0004746,ORD0002365,PROD0159,4,584.29,0,2337.16
ITEM0004747,ORD0002366,PROD0066,3,2108.12,0,6324.36
ITEM0004748,ORD0002367,PROD0084,2,784.26,25,1176.39
ITEM0004749,ORD0002367,PROD0032,3,38426.75,25,86460.19
ITEM0004750,ORD0002368,PROD0181,2,5765.01,10,10377.02
ITEM0004751,ORD0002368,PROD0059,2,3047.56,10,5485.61
ITEM0004752,ORD0002368,PROD0096,1,11526.42,10,10373.78
ITEM0004753,ORD0002369,PROD0041,4,3166.8,5,12033.84
ITEM0004754,ORD0002370,PROD0009,2,27237.58,20,43580.13
ITEM0004755,ORD0002371,PROD0090,1,859.29,0,859.29
ITEM0004756,ORD0002371,PROD0028,1,74581.74,0,74581.74
ITEM0004757,ORD0002372,PROD0033,2,34304.44,5,65178.44
ITEM0004758,ORD0002373,PROD0026,4,40491.32,15,137670.49
ITEM0004759,ORD0002373,PROD0006,4,69356.89,15,235813.43
ITEM0004760,ORD0002373,PROD0142,3,497.1,15,1267.6
ITEM0004761,ORD0002374,PROD0158,3,1726.09,25,3883.7
ITEM0004762,ORD0002374,PROD0056,3,4087.83,25,9197.62
ITEM0004763,ORD0002375,PROD0180,4,5434.17,15,18476.18
ITEM0004764,ORD0002376,PROD0144,1,905.61,0,905.61
ITEM0004765,ORD0002377,PROD0065,3,1921.1,0,5763.3
ITEM0004766,ORD0002377,PROD0184,2,11703.06,0,23406.12
ITEM0004767,ORD0002378,PROD0006,2,69356.89,0,138713.78
ITEM0004768,ORD0002378,PROD0019,4,21504.79,0,86019.16
ITEM0004769,ORD0002378,PROD0093,1,12429.79,0,12429.79
ITEM0004770,ORD0002378,PROD0009,3,27237.58,0,81712.74
ITEM0004771,ORD0002379,PROD0194,2,238.12,0,476.24
ITEM0004772,ORD0002380,PROD0071,1,3890.52,0,3890.52
ITEM0004773,ORD0002380,PROD0174,4,3533.54,0,14134.16
ITEM0004774,ORD0002380,PROD0154,2,1821.18,0,3642.36
ITEM0004775,ORD0002381,PROD0157,3,1549.94,10,4184.84
ITEM0004776,ORD0002381,PROD0105,1,8086.41,10,7277.77
ITEM0004777,ORD0002382,PROD0092,1,12500.28,10,11250.25
ITEM0004778,ORD0002383,PROD0006,4,69356.89,5,263556.18
ITEM0004779,ORD0002384,PROD0053,4,5844.47,10,21040.09
ITEM0004780,ORD0002385,PROD0033,2,34304.44,10,61747.99
ITEM0004781,ORD0002385,PROD0084,2,784.26,10,1411.67
ITEM0004782,ORD0002386,PROD0199,2,1292.33,5,2455.43
ITEM0004783,ORD0002387,PROD0031,1,9586.34,0,9586.34
ITEM0004784,ORD0002387,PROD0029,4,50556.2,0,202224.8
ITEM0004785,ORD0002387,PROD0135,4,1341.78,0,5367.12
ITEM0004786,ORD0002388,PROD0007,2,27829.19,0,55658.38
ITEM0004787,ORD0002388,PROD0008,3,57369.56,0,172108.68
ITEM0004788,ORD0002388,PROD0098,1,10950.31,0,10950.31
ITEM0004789,ORD0002389,PROD0121,3,389.01,15,991.98
ITEM0004790,ORD0002389,PROD0115,1,11862.11,15,10082.79
ITEM0004791,ORD0002389,PROD0097,2,7278.34,15,12373.18
ITEM0004792,ORD0002390,PROD0103,2,2970.53,10,5346.95
ITEM0004793,ORD0002390,PROD0197,4,490.98,10,1767.53
ITEM0004794,ORD0002391,PROD0159,4,584.29,0,2337.16
ITEM0004795,ORD0002392,PROD0162,4,1300.66,0,5202.64
ITEM0004796,ORD0002393,PROD0111,3,4186.75,0,12560.25
ITEM0004797,ORD0002394,PROD0194,1,238.12,0,238.12
ITEM0004798,ORD0002394,PROD0132,1,1160.61,0,1160.61
ITEM0004799,ORD0002395,PROD0123,1,9762.37,0,9762.37
ITEM0004800,ORD0002395,PROD0138,3,1511.7,0,4535.1
ITEM0004801,ORD0002395,PROD0107,4,5093.26,0,20373.04
ITEM0004802,ORD0002396,PROD0080,2,2405.82,10,4330.48
ITEM0004803,ORD0002397,PROD0174,3,3533.54,0,10600.62
ITEM0004804,ORD0002397,PROD0108,4,8722.77,0,34891.08
ITEM0004805,ORD0002397,PROD0154,1,1821.18,0,1821.18
ITEM0004806,ORD0002397,PROD0049,3,567.72,0,1703.16
ITEM0004807,ORD0002398,PROD0151,3,350.77,20,841.85
ITEM0004808,ORD0002398,PROD0041,1,3166.8,20,2533.44
ITEM0004809,ORD0002399,PROD0095,3,5158.31,5,14701.18
ITEM0004810,ORD0002400,PROD0003,4,49712.42,10,178964.71
ITEM0004811,ORD0002401,PROD0171,2,9896.61,10,17813.9
ITEM0004812,ORD0002402,PROD0037,2,56353.69,0,112707.38
ITEM0004813,ORD0002402,PROD0111,1,4186.75,0,4186.75
ITEM0004814,ORD0002402,PROD0104,4,12889.74,0,51558.96
ITEM0004815,ORD0002403,PROD0095,4,5158.31,15,17538.25
ITEM0004816,ORD0002404,PROD0088,3,1045.29,0,3135.87
ITEM0004817,ORD0002404,PROD0080,2,2405.82,0,4811.64
ITEM0004818,ORD0002405,PROD0030,3,745.3,0,2235.9
ITEM0004819,ORD0002406,PROD0001,1,4321.28,0,4321.28
ITEM0004820,ORD0002407,PROD0088,4,1045.29,0,4181.16
ITEM0004821,ORD0002408,PROD0161,1,3119.91,0,3119.91
ITEM0004822,ORD0002409,PROD0175,3,6709.6,5,19122.36
ITEM0004823,ORD0002409,PROD0010,2,32892.86,5,62496.43
ITEM0004824,ORD0002409,PROD0051,1,5103.04,5,4847.89
ITEM0004825,ORD0002410,PROD0133,2,3562.22,10,6412
ITEM0004826,ORD0002410,PROD0182,2,2159.96,10,3887.93
ITEM0004827,ORD0002411,PROD0046,4,6212.04,5,23605.75
ITEM0004828,ORD0002411,PROD0016,3,43331.31,5,123494.23
ITEM0004829,ORD0002411,PROD0013,3,40791.56,5,116255.95
ITEM0004830,ORD0002412,PROD0028,3,74581.74,5,212557.96
ITEM0004831,ORD0002413,PROD0167,4,11229.68,5,42672.78
ITEM0004832,ORD0002413,PROD0147,4,3374.12,5,12821.66
ITEM0004833,ORD0002414,PROD0196,3,783.44,5,2232.8
ITEM0004834,ORD0002414,PROD0200,4,540.59,5,2054.24
ITEM0004835,ORD0002414,PROD0006,2,69356.89,5,131778.09
ITEM0004836,ORD0002414,PROD0167,2,11229.68,5,21336.39
ITEM0004837,ORD0002415,PROD0197,3,490.98,0,1472.94
ITEM0004838,ORD0002415,PROD0060,1,3327.41,0,3327.41
ITEM0004839,ORD0002415,PROD0167,4,11229.68,0,44918.72
ITEM0004840,ORD0002415,PROD0067,2,7130.72,0,14261.44
ITEM0004841,ORD0002415,PROD0194,4,238.12,0,952.48
ITEM0004842,ORD0002416,PROD0095,2,5158.31,0,10316.62
ITEM0004843,ORD0002417,PROD0009,3,27237.58,5,77627.1
ITEM0004844,ORD0002418,PROD0066,3,2108.12,0,6324.36
ITEM0004845,ORD0002418,PROD0033,3,34304.44,0,102913.32
ITEM0004846,ORD0002419,PROD0017,2,8120.73,5,15429.39
ITEM0004847,ORD0002419,PROD0006,2,69356.89,5,131778.09
ITEM0004848,ORD0002419,PROD0189,1,897.95,5,853.05
ITEM0004849,ORD0002419,PROD0082,4,2605.78,5,9901.96
ITEM0004850,ORD0002419,PROD0087,4,5742.05,5,21819.79
ITEM0004851,ORD0002420,PROD0026,4,40491.32,10,145768.75
ITEM0004852,ORD0002421,PROD0160,2,756.75,0,1513.5
ITEM0004853,ORD0002422,PROD0117,4,6437.22,0,25748.88
ITEM0004854,ORD0002423,PROD0111,2,4186.75,10,7536.15
ITEM0004855,ORD0002423,PROD0133,2,3562.22,10,6412
ITEM0004856,ORD0002424,PROD0058,1,1179.58,0,1179.58
ITEM0004857,ORD0002425,PROD0194,1,238.12,0,238.12
ITEM0004858,ORD0002425,PROD0141,4,1560.51,0,6242.04
ITEM0004859,ORD0002426,PROD0093,2,12429.79,5,23616.6
ITEM0004860,ORD0002427,PROD0113,2,8226.58,0,16453.16
ITEM0004861,ORD0002427,PROD0045,3,3914.99,0,11744.97
ITEM0004862,ORD0002427,PROD0199,3,1292.33,0,3876.99
ITEM0004863,ORD0002428,PROD0108,3,8722.77,0,26168.31
ITEM0004864,ORD0002428,PROD0017,3,8120.73,0,24362.19
ITEM0004865,ORD0002428,PROD0197,2,490.98,0,981.96
ITEM0004866,ORD0002429,PROD0115,2,11862.11,0,23724.22
ITEM0004867,ORD0002430,PROD0147,3,3374.12,15,8604.01
ITEM0004868,ORD0002430,PROD0151,2,350.77,15,596.31
ITEM0004869,ORD0002431,PROD0110,3,232.06,15,591.75
ITEM0004870,ORD0002431,PROD0029,2,50556.2,15,85945.54
ITEM0004871,ORD0002432,PROD0027,2,27299.16,10,49138.49
ITEM0004872,ORD0002432,PROD0044,3,3912.72,10,10564.34
ITEM0004873,ORD0002432,PROD0117,4,6437.22,10,23173.99
ITEM0004874,ORD0002432,PROD0070,4,1576.87,10,5676.73
ITEM0004875,ORD0002433,PROD0040,4,63017.33,20,201655.46
ITEM0004876,ORD0002434,PROD0190,2,1254.49,0,2508.98
ITEM0004877,ORD0002434,PROD0118,2,10931.14,0,21862.28
ITEM0004878,ORD0002434,PROD0136,4,2648.04,0,10592.16
ITEM0004879,ORD0002434,PROD0034,1,50492.99,0,50492.99
ITEM0004880,ORD0002435,PROD0112,4,885.01,5,3363.04
ITEM0004881,ORD0002435,PROD0194,2,238.12,5,452.43
ITEM0004882,ORD0002436,PROD0042,3,1233.59,0,3700.77
ITEM0004883,ORD0002437,PROD0150,1,4265.82,0,4265.82
ITEM0004884,ORD0002438,PROD0022,4,13967,5,53074.6
ITEM0004885,ORD0002438,PROD0052,2,5153.96,5,9792.52
ITEM0004886,ORD0002439,PROD0041,1,3166.8,20,2533.44
ITEM0004887,ORD0002439,PROD0156,3,366.5,20,879.6
ITEM0004888,ORD0002439,PROD0151,4,350.77,20,1122.46
ITEM0004889,ORD0002440,PROD0019,1,21504.79,0,21504.79
ITEM0004890,ORD0002441,PROD0131,2,2976.52,5,5655.39
ITEM0004891,ORD0002442,PROD0056,1,4087.83,15,3474.66
ITEM0004892,ORD0002442,PROD0193,2,628.8,15,1068.96
ITEM0004893,ORD0002442,PROD0068,3,827.32,15,2109.67
ITEM0004894,ORD0002443,PROD0197,3,490.98,10,1325.65
ITEM0004895,ORD0002443,PROD0059,4,3047.56,10,10971.22
ITEM0004896,ORD0002443,PROD0191,1,1435.77,10,1292.19
ITEM0004897,ORD0002443,PROD0150,3,4265.82,10,11517.71
ITEM0004898,ORD0002444,PROD0030,3,745.3,25,1676.92
ITEM0004899,ORD0002444,PROD0005,4,40289.58,25,120868.74
ITEM0004900,ORD0002444,PROD0177,4,5985.15,25,17955.45
ITEM0004901,ORD0002445,PROD0175,4,6709.6,5,25496.48
ITEM0004902,ORD0002445,PROD0084,3,784.26,5,2235.14
ITEM0004903,ORD0002446,PROD0111,1,4186.75,20,3349.4
ITEM0004904,ORD0002447,PROD0154,3,1821.18,20,4370.83
ITEM0004905,ORD0002448,PROD0005,2,40289.58,10,72521.24
ITEM0004906,ORD0002448,PROD0186,1,1358.84,10,1222.96
ITEM0004907,ORD0002449,PROD0096,1,11526.42,5,10950.1
ITEM0004908,ORD0002449,PROD0188,2,1318.66,5,2505.45
ITEM0004909,ORD0002449,PROD0034,3,50492.99,5,143905.02
ITEM0004910,ORD0002450,PROD0035,4,24304.78,0,97219.12
ITEM0004911,ORD0002451,PROD0155,3,3659.76,0,10979.28
ITEM0004912,ORD0002451,PROD0091,4,10714.93,0,42859.72
ITEM0004913,ORD0002451,PROD0088,1,1045.29,0,1045.29
ITEM0004914,ORD0002451,PROD0165,1,8926.78,0,8926.78
ITEM0004915,ORD0002452,PROD0108,1,8722.77,10,7850.49
ITEM0004916,ORD0002453,PROD0033,4,34304.44,15,116635.1
ITEM0004917,ORD0002453,PROD0083,1,1974.27,15,1678.13
ITEM0004918,ORD0002454,PROD0023,3,1503.94,5,4286.23
ITEM0004919,ORD0002455,PROD0189,2,897.95,0,1795.9
ITEM0004920,ORD0002455,PROD0007,3,27829.19,0,83487.57
ITEM0004921,ORD0002456,PROD0142,1,497.1,0,497.1
ITEM0004922,ORD0002457,PROD0145,4,3126.57,10,11255.65
ITEM0004923,ORD0002457,PROD0093,3,12429.79,10,33560.43
ITEM0004924,ORD0002458,PROD0107,2,5093.26,10,9167.87
ITEM0004925,ORD0002458,PROD0182,1,2159.96,10,1943.96
ITEM0004926,ORD0002459,PROD0113,3,8226.58,10,22211.77
ITEM0004927,ORD0002459,PROD0062,4,1138.67,10,4099.21
ITEM0004928,ORD0002459,PROD0112,3,885.01,10,2389.53
ITEM0004929,ORD0002459,PROD0175,3,6709.6,10,18115.92
ITEM0004930,ORD0002459,PROD0133,2,3562.22,10,6412
ITEM0004931,ORD0002460,PROD0199,3,1292.33,20,3101.59
ITEM0004932,ORD0002460,PROD0026,1,40491.32,20,32393.06
ITEM0004933,ORD0002461,PROD0091,1,10714.93,10,9643.44
ITEM0004934,ORD0002462,PROD0115,2,11862.11,0,23724.22
ITEM0004935,ORD0002462,PROD0018,4,43707.38,0,174829.52
ITEM0004936,ORD0002463,PROD0062,2,1138.67,0,2277.34
ITEM0004937,ORD0002464,PROD0106,1,478.86,5,454.92
ITEM0004938,ORD0002465,PROD0131,2,2976.52,0,5953.04
ITEM0004939,ORD0002466,PROD0179,2,11478.91,0,22957.82
ITEM0004940,ORD0002466,PROD0065,1,1921.1,0,1921.1
ITEM0004941,ORD0002467,PROD0073,2,346.89,25,520.34
ITEM0004942,ORD0002468,PROD0198,4,890.11,0,3560.44
ITEM0004943,ORD0002469,PROD0094,4,8217.48,0,32869.92
ITEM0004944,ORD0002470,PROD0001,1,4321.28,5,4105.22
ITEM0004945,ORD0002471,PROD0137,1,782.23,10,704.01
ITEM0004946,ORD0002472,PROD0194,2,238.12,15,404.8
ITEM0004947,ORD0002472,PROD0028,4,74581.74,15,253577.92
ITEM0004948,ORD0002472,PROD0062,4,1138.67,15,3871.48
ITEM0004949,ORD0002472,PROD0029,3,50556.2,15,128918.31
ITEM0004950,ORD0002473,PROD0180,1,5434.17,0,5434.17
ITEM0004951,ORD0002474,PROD0091,3,10714.93,25,24108.59
ITEM0004952,ORD0002475,PROD0105,2,8086.41,0,16172.82
ITEM0004953,ORD0002476,PROD0143,4,382.09,5,1451.94
ITEM0004954,ORD0002477,PROD0068,1,827.32,0,827.32
ITEM0004955,ORD0002477,PROD0181,3,5765.01,0,17295.03
ITEM0004956,ORD0002477,PROD0035,4,24304.78,0,97219.12
ITEM0004957,ORD0002477,PROD0165,2,8926.78,0,17853.56
ITEM0004958,ORD0002478,PROD0123,1,9762.37,10,8786.13
ITEM0004959,ORD0002479,PROD0008,1,57369.56,0,57369.56
ITEM0004960,ORD0002479,PROD0029,3,50556.2,0,151668.6
ITEM0004961,ORD0002480,PROD0094,1,8217.48,0,8217.48
ITEM0004962,ORD0002481,PROD0137,4,782.23,0,3128.92
ITEM0004963,ORD0002481,PROD0053,4,5844.47,0,23377.88
ITEM0004964,ORD0002482,PROD0182,3,2159.96,0,6479.88
ITEM0004965,ORD0002482,PROD0010,4,32892.86,0,131571.44
ITEM0004966,ORD0002482,PROD0022,2,13967,0,27934
ITEM0004967,ORD0002483,PROD0084,1,784.26,5,745.05
ITEM0004968,ORD0002483,PROD0130,4,3062.11,5,11636.02
ITEM0004969,ORD0002484,PROD0077,2,6124.52,5,11636.59
ITEM0004970,ORD0002484,PROD0152,2,1817.42,5,3453.1
ITEM0004971,ORD0002484,PROD0016,1,43331.31,5,41164.74
ITEM0004972,ORD0002484,PROD0068,3,827.32,5,2357.86
ITEM0004973,ORD0002484,PROD0030,1,745.3,5,708.04
ITEM0004974,ORD0002485,PROD0145,3,3126.57,5,8910.72
ITEM0004975,ORD0002486,PROD0154,1,1821.18,0,1821.18
ITEM0004976,ORD0002486,PROD0004,2,25591.73,0,51183.46
ITEM0004977,ORD0002486,PROD0093,3,12429.79,0,37289.37
ITEM0004978,ORD0002487,PROD0182,3,2159.96,0,6479.88
ITEM0004979,ORD0002488,PROD0001,1,4321.28,25,3240.96
ITEM0004980,ORD0002488,PROD0165,4,8926.78,25,26780.34
ITEM0004981,ORD0002488,PROD0051,2,5103.04,25,7654.56
ITEM0004982,ORD0002488,PROD0145,1,3126.57,25,2344.93
ITEM0004983,ORD0002489,PROD0004,1,25591.73,5,24312.14
ITEM0004984,ORD0002490,PROD0154,2,1821.18,10,3278.12
ITEM0004985,ORD0002490,PROD0076,4,1552.25,10,5588.1
ITEM0004986,ORD0002491,PROD0159,1,584.29,10,525.86
ITEM0004987,ORD0002491,PROD0109,4,6201.15,10,22324.14
ITEM0004988,ORD0002492,PROD0011,4,58607.44,0,234429.76
ITEM0004989,ORD0002492,PROD0135,4,1341.78,0,5367.12
ITEM0004990,ORD0002492,PROD0091,4,10714.93,0,42859.72
ITEM0004991,ORD0002493,PROD0037,3,56353.69,0,169061.07
ITEM0004992,ORD0002493,PROD0148,1,2543.16,0,2543.16
ITEM0004993,ORD0002493,PROD0164,4,3543.37,0,14173.48
ITEM0004994,ORD0002493,PROD0118,1,10931.14,0,10931.14
ITEM0004995,ORD0002493,PROD0173,2,8594.8,0,17189.6
ITEM0004996,ORD0002494,PROD0083,4,1974.27,0,7897.08
ITEM0004997,ORD0002494,PROD0128,3,5930.45,0,17791.35
ITEM0004998,ORD0002494,PROD0176,3,975.19,0,2925.57
ITEM0004999,ORD0002494,PROD0008,1,57369.56,0,57369.56
ITEM0005000,ORD0002495,PROD0101,4,1007.74,0,4030.96
ITEM0005001,ORD0002495,PROD0018,4,43707.38,0,174829.52
ITEM0005002,ORD0002496,PROD0174,1,3533.54,0,3533.54
ITEM0005003,ORD0002496,PROD0148,3,2543.16,0,7629.48
ITEM0005004,ORD0002496,PROD0078,4,3466.82,0,13867.28
ITEM0005005,ORD0002497,PROD0020,2,47540.26,10,85572.47
ITEM0005006,ORD0002498,PROD0137,3,782.23,0,2346.69
ITEM0005007,ORD0002498,PROD0016,3,43331.31,0,129993.93
ITEM0005008,ORD0002499,PROD0024,3,57909.18,0,173727.54
ITEM0005009,ORD0002499,PROD0144,2,905.61,0,1811.22
ITEM0005010,ORD0002499,PROD0116,4,4368.06,0,17472.24
ITEM0005011,ORD0002500,PROD0077,1,6124.52,15,5205.84
ITEM0005012,ORD0002500,PROD0062,4,1138.67,15,3871.48
ITEM0005013,ORD0002501,PROD0186,4,1358.84,10,4891.82
ITEM0005014,ORD0002502,PROD0094,4,8217.48,0,32869.92
ITEM0005015,ORD0002503,PROD0156,2,366.5,0,733
ITEM0005016,ORD0002504,PROD0007,2,27829.19,20,44526.7
ITEM0005017,ORD0002505,PROD0147,2,3374.12,0,6748.24
ITEM0005018,ORD0002505,PROD0154,3,1821.18,0,5463.54
ITEM0005019,ORD0002506,PROD0006,3,69356.89,15,176860.07
ITEM0005020,ORD0002506,PROD0056,4,4087.83,15,13898.62
ITEM0005021,ORD0002507,PROD0200,3,540.59,0,1621.77
ITEM0005022,ORD0002508,PROD0079,3,3868.77,0,11606.31
ITEM0005023,ORD0002508,PROD0071,3,3890.52,0,11671.56
ITEM0005024,ORD0002508,PROD0154,1,1821.18,0,1821.18
ITEM0005025,ORD0002509,PROD0172,1,1025.46,10,922.91
ITEM0005026,ORD0002509,PROD0090,2,859.29,10,1546.72
ITEM0005027,ORD0002510,PROD0154,3,1821.18,10,4917.19
ITEM0005028,ORD0002510,PROD0096,3,11526.42,10,31121.33
ITEM0005029,ORD0002511,PROD0150,1,4265.82,0,4265.82
ITEM0005030,ORD0002511,PROD0169,3,3385.13,0,10155.39
ITEM0005031,ORD0002511,PROD0118,4,10931.14,0,43724.56
ITEM0005032,ORD0002512,PROD0113,1,8226.58,5,7815.25
ITEM0005033,ORD0002512,PROD0045,3,3914.99,5,11157.72
ITEM0005034,ORD0002512,PROD0041,2,3166.8,5,6016.92
ITEM0005035,ORD0002512,PROD0096,4,11526.42,5,43800.4
ITEM0005036,ORD0002512,PROD0108,4,8722.77,5,33146.53
ITEM0005037,ORD0002513,PROD0049,3,567.72,0,1703.16
ITEM0005038,ORD0002514,PROD0119,3,2991.81,0,8975.43
ITEM0005039,ORD0002515,PROD0083,1,1974.27,5,1875.56
ITEM0005040,ORD0002515,PROD0103,2,2970.53,5,5644.01
ITEM0005041,ORD0002515,PROD0091,1,10714.93,5,10179.18
ITEM0005042,ORD0002516,PROD0052,2,5153.96,10,9277.13
ITEM0005043,ORD0002516,PROD0079,1,3868.77,10,3481.89
ITEM0005044,ORD0002517,PROD0199,1,1292.33,5,1227.71
ITEM0005045,ORD0002517,PROD0046,3,6212.04,5,17704.31
ITEM0005046,ORD0002518,PROD0014,4,7928.83,0,31715.32
ITEM0005047,ORD0002519,PROD0014,4,7928.83,0,31715.32
ITEM0005048,ORD0002519,PROD0080,4,2405.82,0,9623.28
ITEM0005049,ORD0002519,PROD0054,4,7111.73,0,28446.92
ITEM0005050,ORD0002519,PROD0042,2,1233.59,0,2467.18
ITEM0005051,ORD0002520,PROD0083,2,1974.27,0,3948.54
ITEM0005052,ORD0002520,PROD0053,4,5844.47,0,23377.88
ITEM0005053,ORD0002521,PROD0032,3,38426.75,5,109516.24
ITEM0005054,ORD0002521,PROD0033,4,34304.44,5,130356.87
ITEM0005055,ORD0002521,PROD0085,1,6089.41,5,5784.94
ITEM0005056,ORD0002522,PROD0150,4,4265.82,0,17063.28
ITEM0005057,ORD0002522,PROD0163,2,915.73,0,1831.46
ITEM0005058,ORD0002522,PROD0152,3,1817.42,0,5452.26
ITEM0005059,ORD0002522,PROD0039,2,66174.82,0,132349.64
ITEM0005060,ORD0002523,PROD0041,4,3166.8,0,12667.2
ITEM0005061,ORD0002523,PROD0146,1,4641.78,0,4641.78
ITEM0005062,ORD0002524,PROD0143,3,382.09,10,1031.64
ITEM0005063,ORD0002524,PROD0188,2,1318.66,10,2373.59
ITEM0005064,ORD0002525,PROD0176,3,975.19,0,2925.57
ITEM0005065,ORD0002526,PROD0067,1,7130.72,0,7130.72
ITEM0005066,ORD0002527,PROD0014,4,7928.83,15,26958.02
ITEM0005067,ORD0002527,PROD0101,4,1007.74,15,3426.32
ITEM0005068,ORD0002528,PROD0196,4,783.44,0,3133.76
ITEM0005069,ORD0002529,PROD0016,1,43331.31,0,43331.31
ITEM0005070,ORD0002529,PROD0137,1,782.23,0,782.23
ITEM0005071,ORD0002529,PROD0188,2,1318.66,0,2637.32
ITEM0005072,ORD0002530,PROD0073,2,346.89,0,693.78
ITEM0005073,ORD0002531,PROD0145,4,3126.57,10,11255.65
ITEM0005074,ORD0002532,PROD0167,1,11229.68,5,10668.2
ITEM0005075,ORD0002532,PROD0090,3,859.29,5,2448.98
ITEM0005076,ORD0002533,PROD0011,2,58607.44,5,111354.14
ITEM0005077,ORD0002533,PROD0186,2,1358.84,5,2581.8
ITEM0005078,ORD0002533,PROD0098,1,10950.31,5,10402.79
ITEM0005079,ORD0002534,PROD0135,3,1341.78,0,4025.34
ITEM0005080,ORD0002535,PROD0042,3,1233.59,5,3515.73
ITEM0005081,ORD0002535,PROD0051,3,5103.04,5,14543.66
ITEM0005082,ORD0002535,PROD0072,1,1395.26,5,1325.5
ITEM0005083,ORD0002536,PROD0042,1,1233.59,15,1048.55
ITEM0005084,ORD0002537,PROD0112,4,885.01,0,3540.04
ITEM0005085,ORD0002538,PROD0113,2,8226.58,20,13162.53
ITEM0005086,ORD0002538,PROD0127,3,9556.44,20,22935.46
ITEM0005087,ORD0002539,PROD0093,4,12429.79,0,49719.16
ITEM0005088,ORD0002539,PROD0039,3,66174.82,0,198524.46
ITEM0005089,ORD0002540,PROD0051,1,5103.04,5,4847.89
ITEM0005090,ORD0002540,PROD0053,4,5844.47,5,22208.99
ITEM0005091,ORD0002540,PROD0150,3,4265.82,5,12157.59
ITEM0005092,ORD0002541,PROD0150,2,4265.82,15,7251.89
ITEM0005093,ORD0002542,PROD0091,2,10714.93,10,19286.87
ITEM0005094,ORD0002542,PROD0180,3,5434.17,10,14672.26
ITEM0005095,ORD0002543,PROD0119,3,2991.81,0,8975.43
ITEM0005096,ORD0002544,PROD0090,4,859.29,0,3437.16
ITEM0005097,ORD0002544,PROD0025,3,48796.51,0,146389.53
ITEM0005098,ORD0002545,PROD0046,4,6212.04,0,24848.16
ITEM0005099,ORD0002545,PROD0135,2,1341.78,0,2683.56
ITEM0005100,ORD0002546,PROD0054,1,7111.73,15,6044.97
ITEM0005101,ORD0002546,PROD0062,3,1138.67,15,2903.61
ITEM0005102,ORD0002546,PROD0163,4,915.73,15,3113.48
ITEM0005103,ORD0002547,PROD0158,4,1726.09,0,6904.36
ITEM0005104,ORD0002548,PROD0109,3,6201.15,10,16743.1
ITEM0005105,ORD0002549,PROD0043,2,5274.26,5,10021.09
ITEM0005106,ORD0002550,PROD0084,2,784.26,0,1568.52
ITEM0005107,ORD0002550,PROD0026,3,40491.32,0,121473.96
ITEM0005108,ORD0002551,PROD0011,2,58607.44,15,99632.65
ITEM0005109,ORD0002551,PROD0023,4,1503.94,15,5113.4
ITEM0005110,ORD0002551,PROD0008,1,57369.56,15,48764.13
ITEM0005111,ORD0002551,PROD0109,2,6201.15,15,10541.96
ITEM0005112,ORD0002552,PROD0158,2,1726.09,5,3279.57
ITEM0005113,ORD0002553,PROD0130,1,3062.11,0,3062.11
ITEM0005114,ORD0002554,PROD0006,2,69356.89,5,131778.09
ITEM0005115,ORD0002554,PROD0108,3,8722.77,5,24859.89
ITEM0005116,ORD0002555,PROD0070,2,1576.87,15,2680.68
ITEM0005117,ORD0002556,PROD0196,2,783.44,0,1566.88
ITEM0005118,ORD0002557,PROD0178,3,1834.02,0,5502.06
ITEM0005119,ORD0002558,PROD0100,1,2072.2,10,1864.98
ITEM0005120,ORD0002559,PROD0065,1,1921.1,0,1921.1
ITEM0005121,ORD0002559,PROD0174,3,3533.54,0,10600.62
ITEM0005122,ORD0002560,PROD0008,1,57369.56,5,54501.08
ITEM0005123,ORD0002560,PROD0200,2,540.59,5,1027.12
ITEM0005124,ORD0002560,PROD0179,1,11478.91,5,10904.96
ITEM0005125,ORD0002561,PROD0067,3,7130.72,20,17113.73
ITEM0005126,ORD0002561,PROD0042,4,1233.59,20,3947.49
ITEM0005127,ORD0002561,PROD0018,2,43707.38,20,69931.81
ITEM0005128,ORD0002562,PROD0100,2,2072.2,0,4144.4
ITEM0005129,ORD0002562,PROD0052,1,5153.96,0,5153.96
ITEM0005130,ORD0002562,PROD0032,4,38426.75,0,153707
ITEM0005131,ORD0002563,PROD0157,4,1549.94,20,4959.81
ITEM0005132,ORD0002563,PROD0183,3,4402.38,20,10565.71
ITEM0005133,ORD0002563,PROD0049,3,567.72,20,1362.53
ITEM0005134,ORD0002563,PROD0158,2,1726.09,20,2761.74
ITEM0005135,ORD0002564,PROD0118,3,10931.14,5,31153.75
ITEM0005136,ORD0002565,PROD0098,2,10950.31,0,21900.62
ITEM0005137,ORD0002566,PROD0026,1,40491.32,0,40491.32
ITEM0005138,ORD0002566,PROD0180,4,5434.17,0,21736.68
ITEM0005139,ORD0002566,PROD0150,4,4265.82,0,17063.28
ITEM0005140,ORD0002566,PROD0038,2,15904.21,0,31808.42
ITEM0005141,ORD0002566,PROD0101,4,1007.74,0,4030.96
ITEM0005142,ORD0002567,PROD0117,4,6437.22,5,24461.44
ITEM0005143,ORD0002567,PROD0083,1,1974.27,5,1875.56
ITEM0005144,ORD0002567,PROD0059,4,3047.56,5,11580.73
ITEM0005145,ORD0002568,PROD0160,2,756.75,10,1362.15
ITEM0005146,ORD0002568,PROD0146,4,4641.78,10,16710.41
ITEM0005147,ORD0002569,PROD0154,1,1821.18,25,1365.88
ITEM0005148,ORD0002570,PROD0060,1,3327.41,10,2994.67
ITEM0005149,ORD0002570,PROD0041,3,3166.8,10,8550.36
ITEM0005150,ORD0002570,PROD0197,2,490.98,10,883.76
ITEM0005151,ORD0002570,PROD0193,4,628.8,10,2263.68
ITEM0005152,ORD0002570,PROD0151,2,350.77,10,631.39
ITEM0005153,ORD0002571,PROD0077,1,6124.52,10,5512.07
ITEM0005154,ORD0002572,PROD0039,1,66174.82,20,52939.86
ITEM0005155,ORD0002572,PROD0151,1,350.77,20,280.62
ITEM0005156,ORD0002572,PROD0072,1,1395.26,20,1116.21
ITEM0005157,ORD0002573,PROD0155,3,3659.76,0,10979.28
ITEM0005158,ORD0002573,PROD0193,4,628.8,0,2515.2
ITEM0005159,ORD0002574,PROD0169,1,3385.13,20,2708.1
ITEM0005160,ORD0002575,PROD0149,3,3462.42,5,9867.9
ITEM0005161,ORD0002575,PROD0167,3,11229.68,5,32004.59
ITEM0005162,ORD0002576,PROD0189,2,897.95,10,1616.31
ITEM0005163,ORD0002577,PROD0055,4,3434.95,10,12365.82
ITEM0005164,ORD0002577,PROD0027,4,27299.16,10,98276.98
ITEM0005165,ORD0002577,PROD0158,2,1726.09,10,3106.96
ITEM0005166,ORD0002577,PROD0147,3,3374.12,10,9110.12
ITEM0005167,ORD0002578,PROD0192,3,867.73,5,2473.03
ITEM0005168,ORD0002579,PROD0113,2,8226.58,15,13985.19
ITEM0005169,ORD0002579,PROD0175,3,6709.6,15,17109.48
ITEM0005170,ORD0002579,PROD0158,4,1726.09,15,5868.71
ITEM0005171,ORD0002580,PROD0060,3,3327.41,5,9483.12
ITEM0005172,ORD0002580,PROD0029,4,50556.2,5,192113.56
ITEM0005173,ORD0002581,PROD0039,4,66174.82,0,264699.28
ITEM0005174,ORD0002581,PROD0068,4,827.32,0,3309.28
ITEM0005175,ORD0002581,PROD0161,1,3119.91,0,3119.91
ITEM0005176,ORD0002581,PROD0077,3,6124.52,0,18373.56
ITEM0005177,ORD0002582,PROD0119,3,2991.81,0,8975.43
ITEM0005178,ORD0002583,PROD0200,2,540.59,10,973.06
ITEM0005179,ORD0002584,PROD0133,1,3562.22,20,2849.78
ITEM0005180,ORD0002584,PROD0044,3,3912.72,20,9390.53
ITEM0005181,ORD0002585,PROD0136,1,2648.04,10,2383.24
ITEM0005182,ORD0002585,PROD0034,3,50492.99,10,136331.07
ITEM0005183,ORD0002585,PROD0007,1,27829.19,10,25046.27
ITEM0005184,ORD0002586,PROD0071,2,3890.52,0,7781.04
ITEM0005185,ORD0002586,PROD0199,2,1292.33,0,2584.66
ITEM0005186,ORD0002587,PROD0192,2,867.73,0,1735.46
ITEM0005187,ORD0002587,PROD0135,2,1341.78,0,2683.56
ITEM0005188,ORD0002587,PROD0046,2,6212.04,0,12424.08
ITEM0005189,ORD0002588,PROD0157,3,1549.94,5,4417.33
ITEM0005190,ORD0002588,PROD0097,4,7278.34,5,27657.69
ITEM0005191,ORD0002589,PROD0003,3,49712.42,0,149137.26
ITEM0005192,ORD0002590,PROD0051,3,5103.04,5,14543.66
ITEM0005193,ORD0002590,PROD0061,4,1507.1,5,5726.98
ITEM0005194,ORD0002590,PROD0121,1,389.01,5,369.56
ITEM0005195,ORD0002590,PROD0053,4,5844.47,5,22208.99
ITEM0005196,ORD0002591,PROD0063,3,4348.36,5,12392.83
ITEM0005197,ORD0002592,PROD0059,1,3047.56,0,3047.56
ITEM0005198,ORD0002593,PROD0180,2,5434.17,0,10868.34
ITEM0005199,ORD0002594,PROD0105,4,8086.41,10,29111.08
ITEM0005200,ORD0002595,PROD0016,4,43331.31,10,155992.72
ITEM0005201,ORD0002595,PROD0136,2,2648.04,10,4766.47
ITEM0005202,ORD0002596,PROD0001,4,4321.28,0,17285.12
ITEM0005203,ORD0002596,PROD0008,4,57369.56,0,229478.24
ITEM0005204,ORD0002596,PROD0072,4,1395.26,0,5581.04
ITEM0005205,ORD0002597,PROD0190,3,1254.49,15,3198.95
ITEM0005206,ORD0002598,PROD0057,2,742.06,10,1335.71
ITEM0005207,ORD0002598,PROD0025,2,48796.51,10,87833.72
ITEM0005208,ORD0002599,PROD0133,2,3562.22,5,6768.22
ITEM0005209,ORD0002599,PROD0055,2,3434.95,5,6526.4
ITEM0005210,ORD0002600,PROD0063,2,4348.36,0,8696.72
ITEM0005211,ORD0002601,PROD0057,2,742.06,0,1484.12
ITEM0005212,ORD0002601,PROD0079,3,3868.77,0,11606.31
ITEM0005213,ORD0002601,PROD0162,1,1300.66,0,1300.66
ITEM0005214,ORD0002602,PROD0133,1,3562.22,10,3206
ITEM0005215,ORD0002603,PROD0178,4,1834.02,0,7336.08
ITEM0005216,ORD0002603,PROD0118,2,10931.14,0,21862.28
ITEM0005217,ORD0002603,PROD0190,1,1254.49,0,1254.49
ITEM0005218,ORD0002604,PROD0070,1,1576.87,0,1576.87
ITEM0005219,ORD0002605,PROD0083,1,1974.27,0,1974.27
ITEM0005220,ORD0002606,PROD0071,4,3890.52,0,15562.08
ITEM0005221,ORD0002607,PROD0161,1,3119.91,0,3119.91
ITEM0005222,ORD0002607,PROD0054,4,7111.73,0,28446.92
ITEM0005223,ORD0002608,PROD0166,1,8733.51,15,7423.48
ITEM0005224,ORD0002609,PROD0014,3,7928.83,15,20218.52
ITEM0005225,ORD0002609,PROD0083,4,1974.27,15,6712.52
ITEM0005226,ORD0002609,PROD0135,2,1341.78,15,2281.03
ITEM0005227,ORD0002610,PROD0109,4,6201.15,0,24804.6
ITEM0005228,ORD0002611,PROD0022,3,13967,15,35615.85
ITEM0005229,ORD0002611,PROD0199,3,1292.33,15,3295.44
ITEM0005230,ORD0002612,PROD0113,2,8226.58,25,12339.87
ITEM0005231,ORD0002613,PROD0169,3,3385.13,5,9647.62
ITEM0005232,ORD0002613,PROD0051,1,5103.04,5,4847.89
ITEM0005233,ORD0002614,PROD0148,1,2543.16,10,2288.84
ITEM0005234,ORD0002614,PROD0036,3,68871.11,10,185952
ITEM0005235,ORD0002615,PROD0038,1,15904.21,5,15109
ITEM0005236,ORD0002615,PROD0030,2,745.3,5,1416.07
ITEM0005237,ORD0002615,PROD0099,1,12519.55,5,11893.57
ITEM0005238,ORD0002616,PROD0041,2,3166.8,0,6333.6
ITEM0005239,ORD0002617,PROD0066,2,2108.12,0,4216.24
ITEM0005240,ORD0002618,PROD0145,3,3126.57,15,7972.75
ITEM0005241,ORD0002618,PROD0073,4,346.89,15,1179.43
ITEM0005242,ORD0002618,PROD0163,2,915.73,15,1556.74
ITEM0005243,ORD0002619,PROD0106,4,478.86,0,1915.44
ITEM0005244,ORD0002620,PROD0061,4,1507.1,10,5425.56
ITEM0005245,ORD0002620,PROD0165,1,8926.78,10,8034.1
ITEM0005246,ORD0002620,PROD0071,3,3890.52,10,10504.4
ITEM0005247,ORD0002621,PROD0129,4,838.52,5,3186.38
ITEM0005248,ORD0002621,PROD0176,2,975.19,5,1852.86
ITEM0005249,ORD0002621,PROD0200,1,540.59,5,513.56
ITEM0005250,ORD0002622,PROD0017,4,8120.73,20,25986.34
ITEM0005251,ORD0002622,PROD0088,4,1045.29,20,3344.93
ITEM0005252,ORD0002622,PROD0081,1,3032.39,20,2425.91
ITEM0005253,ORD0002622,PROD0022,3,13967,20,33520.8
ITEM0005254,ORD0002623,PROD0032,2,38426.75,0,76853.5
ITEM0005255,ORD0002624,PROD0136,2,2648.04,5,5031.28
ITEM0005256,ORD0002625,PROD0123,1,9762.37,0,9762.37
ITEM0005257,ORD0002625,PROD0054,4,7111.73,0,28446.92
ITEM0005258,ORD0002626,PROD0196,2,783.44,0,1566.88
ITEM0005259,ORD0002626,PROD0077,2,6124.52,0,12249.04
ITEM0005260,ORD0002627,PROD0104,4,12889.74,10,46403.06
ITEM0005261,ORD0002627,PROD0162,4,1300.66,10,4682.38
ITEM0005262,ORD0002627,PROD0160,2,756.75,10,1362.15
ITEM0005263,ORD0002627,PROD0056,1,4087.83,10,3679.05
ITEM0005264,ORD0002627,PROD0003,3,49712.42,10,134223.53
ITEM0005265,ORD0002628,PROD0016,2,43331.31,10,77996.36
ITEM0005266,ORD0002628,PROD0117,3,6437.22,10,17380.49
ITEM0005267,ORD0002628,PROD0151,1,350.77,10,315.69
ITEM0005268,ORD0002629,PROD0077,1,6124.52,0,6124.52
ITEM0005269,ORD0002630,PROD0029,1,50556.2,0,50556.2
ITEM0005270,ORD0002630,PROD0184,1,11703.06,0,11703.06
ITEM0005271,ORD0002630,PROD0179,4,11478.91,0,45915.64
ITEM0005272,ORD0002631,PROD0067,2,7130.72,5,13548.37
ITEM0005273,ORD0002632,PROD0159,3,584.29,20,1402.3
ITEM0005274,ORD0002633,PROD0191,3,1435.77,0,4307.31
ITEM0005275,ORD0002634,PROD0109,1,6201.15,15,5270.98
ITEM0005276,ORD0002634,PROD0070,4,1576.87,15,5361.36
ITEM0005277,ORD0002634,PROD0006,3,69356.89,15,176860.07
ITEM0005278,ORD0002634,PROD0090,2,859.29,15,1460.79
ITEM0005279,ORD0002634,PROD0041,3,3166.8,15,8075.34
ITEM0005280,ORD0002635,PROD0154,3,1821.18,20,4370.83
ITEM0005281,ORD0002635,PROD0030,3,745.3,20,1788.72
ITEM0005282,ORD0002636,PROD0044,4,3912.72,10,14085.79
ITEM0005283,ORD0002637,PROD0027,2,27299.16,10,49138.49
ITEM0005284,ORD0002637,PROD0171,2,9896.61,10,17813.9
ITEM0005285,ORD0002637,PROD0174,1,3533.54,10,3180.19
ITEM0005286,ORD0002638,PROD0105,3,8086.41,0,24259.23
ITEM0005287,ORD0002638,PROD0135,3,1341.78,0,4025.34
ITEM0005288,ORD0002639,PROD0071,3,3890.52,5,11087.98
ITEM0005289,ORD0002640,PROD0144,3,905.61,5,2580.99
ITEM0005290,ORD0002641,PROD0128,2,5930.45,15,10081.76
ITEM0005291,ORD0002642,PROD0083,1,1974.27,0,1974.27
ITEM0005292,ORD0002642,PROD0031,2,9586.34,0,19172.68
ITEM0005293,ORD0002642,PROD0148,1,2543.16,0,2543.16
ITEM0005294,ORD0002642,PROD0019,4,21504.79,0,86019.16
ITEM0005295,ORD0002643,PROD0046,4,6212.04,10,22363.34
ITEM0005296,ORD0002643,PROD0014,3,7928.83,10,21407.84
ITEM0005297,ORD0002644,PROD0061,3,1507.1,15,3843.1
ITEM0005298,ORD0002645,PROD0171,3,9896.61,5,28205.34
ITEM0005299,ORD0002645,PROD0078,4,3466.82,5,13173.92
ITEM0005300,ORD0002645,PROD0155,2,3659.76,5,6953.54
ITEM0005301,ORD0002646,PROD0188,2,1318.66,5,2505.45
ITEM0005302,ORD0002646,PROD0103,1,2970.53,5,2822
ITEM0005303,ORD0002646,PROD0157,3,1549.94,5,4417.33
ITEM0005304,ORD0002646,PROD0026,1,40491.32,5,38466.75
ITEM0005305,ORD0002646,PROD0007,3,27829.19,5,79313.19
ITEM0005306,ORD0002647,PROD0164,4,3543.37,20,11338.78
ITEM0005307,ORD0002647,PROD0091,1,10714.93,20,8571.94
ITEM0005308,ORD0002647,PROD0043,4,5274.26,20,16877.63
ITEM0005309,ORD0002647,PROD0004,4,25591.73,20,81893.54
ITEM0005310,ORD0002648,PROD0092,3,12500.28,10,33750.76
ITEM0005311,ORD0002648,PROD0044,1,3912.72,10,3521.45
ITEM0005312,ORD0002649,PROD0080,2,2405.82,5,4571.06
ITEM0005313,ORD0002649,PROD0087,1,5742.05,5,5454.95
ITEM0005314,ORD0002650,PROD0059,3,3047.56,5,8685.55
ITEM0005315,ORD0002651,PROD0105,3,8086.41,0,24259.23
ITEM0005316,ORD0002651,PROD0115,1,11862.11,0,11862.11
ITEM0005317,ORD0002651,PROD0050,3,4918.81,0,14756.43
ITEM0005318,ORD0002652,PROD0035,1,24304.78,0,24304.78
ITEM0005319,ORD0002653,PROD0055,3,3434.95,15,8759.12
ITEM0005320,ORD0002653,PROD0029,2,50556.2,15,85945.54
ITEM0005321,ORD0002654,PROD0127,2,9556.44,5,18157.24
ITEM0005322,ORD0002655,PROD0078,2,3466.82,0,6933.64
ITEM0005323,ORD0002656,PROD0063,3,4348.36,0,13045.08
ITEM0005324,ORD0002656,PROD0133,2,3562.22,0,7124.44
ITEM0005325,ORD0002657,PROD0058,2,1179.58,5,2241.2
ITEM0005326,ORD0002658,PROD0110,2,232.06,20,371.3
ITEM0005327,ORD0002659,PROD0108,3,8722.77,15,22243.06
ITEM0005328,ORD0002660,PROD0058,2,1179.58,10,2123.24
ITEM0005329,ORD0002660,PROD0115,3,11862.11,10,32027.7
ITEM0005330,ORD0002660,PROD0112,2,885.01,10,1593.02
ITEM0005331,ORD0002661,PROD0088,3,1045.29,5,2979.08
ITEM0005332,ORD0002662,PROD0043,4,5274.26,0,21097.04
ITEM0005333,ORD0002662,PROD0129,4,838.52,0,3354.08
ITEM0005334,ORD0002662,PROD0156,4,366.5,0,1466
ITEM0005335,ORD0002663,PROD0028,2,74581.74,10,134247.13
ITEM0005336,ORD0002664,PROD0020,2,47540.26,0,95080.52
ITEM0005337,ORD0002664,PROD0083,4,1974.27,0,7897.08
ITEM0005338,ORD0002664,PROD0077,1,6124.52,0,6124.52
ITEM0005339,ORD0002665,PROD0028,3,74581.74,0,223745.22
ITEM0005340,ORD0002666,PROD0046,4,6212.04,0,24848.16
ITEM0005341,ORD0002667,PROD0028,1,74581.74,20,59665.39
ITEM0005342,ORD0002667,PROD0016,4,43331.31,20,138660.19
ITEM0005343,ORD0002668,PROD0077,1,6124.52,5,5818.29
ITEM0005344,ORD0002668,PROD0072,1,1395.26,5,1325.5
ITEM0005345,ORD0002668,PROD0180,1,5434.17,5,5162.46
ITEM0005346,ORD0002669,PROD0138,4,1511.7,15,5139.78
ITEM0005347,ORD0002669,PROD0162,2,1300.66,15,2211.12
ITEM0005348,ORD0002670,PROD0141,2,1560.51,25,2340.76
ITEM0005349,ORD0002671,PROD0193,1,628.8,0,628.8
ITEM0005350,ORD0002672,PROD0179,2,11478.91,15,19514.15
ITEM0005351,ORD0002673,PROD0061,1,1507.1,0,1507.1
ITEM0005352,ORD0002674,PROD0063,2,4348.36,10,7827.05
ITEM0005353,ORD0002674,PROD0097,3,7278.34,10,19651.52
ITEM0005354,ORD0002674,PROD0129,2,838.52,10,1509.34
ITEM0005355,ORD0002675,PROD0143,1,382.09,0,382.09
ITEM0005356,ORD0002676,PROD0130,1,3062.11,0,3062.11
ITEM0005357,ORD0002677,PROD0044,4,3912.72,10,14085.79
ITEM0005358,ORD0002677,PROD0052,1,5153.96,10,4638.56
ITEM0005359,ORD0002678,PROD0054,2,7111.73,10,12801.11
ITEM0005360,ORD0002678,PROD0110,4,232.06,10,835.42
ITEM0005361,ORD0002678,PROD0094,4,8217.48,10,29582.93
ITEM0005362,ORD0002679,PROD0174,1,3533.54,0,3533.54
ITEM0005363,ORD0002679,PROD0003,4,49712.42,0,198849.68
ITEM0005364,ORD0002680,PROD0168,3,3183.64,5,9073.37
ITEM0005365,ORD0002680,PROD0108,3,8722.77,5,24859.89
ITEM0005366,ORD0002681,PROD0093,1,12429.79,0,12429.79
ITEM0005367,ORD0002681,PROD0132,4,1160.61,0,4642.44
ITEM0005368,ORD0002681,PROD0068,2,827.32,0,1654.64
ITEM0005369,ORD0002682,PROD0076,4,1552.25,25,4656.75
ITEM0005370,ORD0002682,PROD0099,4,12519.55,25,37558.65
ITEM0005371,ORD0002683,PROD0150,4,4265.82,10,15356.95
ITEM0005372,ORD0002684,PROD0030,4,745.3,0,2981.2
ITEM0005373,ORD0002685,PROD0035,1,24304.78,0,24304.78
ITEM0005374,ORD0002685,PROD0002,4,50293.82,0,201175.28
ITEM0005375,ORD0002686,PROD0107,1,5093.26,0,5093.26
ITEM0005376,ORD0002686,PROD0173,2,8594.8,0,17189.6
ITEM0005377,ORD0002687,PROD0013,1,40791.56,0,40791.56
ITEM0005378,ORD0002687,PROD0144,2,905.61,0,1811.22
ITEM0005379,ORD0002688,PROD0146,3,4641.78,10,12532.81
ITEM0005380,ORD0002688,PROD0193,3,628.8,10,1697.76
ITEM0005381,ORD0002689,PROD0013,2,40791.56,5,77503.96
ITEM0005382,ORD0002689,PROD0053,1,5844.47,5,5552.25
ITEM0005383,ORD0002690,PROD0082,4,2605.78,20,8338.5
ITEM0005384,ORD0002690,PROD0158,4,1726.09,20,5523.49
ITEM0005385,ORD0002690,PROD0194,4,238.12,20,761.98
ITEM0005386,ORD0002691,PROD0080,4,2405.82,0,9623.28
ITEM0005387,ORD0002692,PROD0175,2,6709.6,5,12748.24
ITEM0005388,ORD0002693,PROD0141,1,1560.51,10,1404.46
ITEM0005389,ORD0002693,PROD0190,4,1254.49,10,4516.16
ITEM0005390,ORD0002693,PROD0099,4,12519.55,10,45070.38
ITEM0005391,ORD0002694,PROD0198,4,890.11,20,2848.35
ITEM0005392,ORD0002694,PROD0080,2,2405.82,20,3849.31
ITEM0005393,ORD0002694,PROD0112,1,885.01,20,708.01
ITEM0005394,ORD0002694,PROD0072,3,1395.26,20,3348.62
ITEM0005395,ORD0002695,PROD0156,1,366.5,0,366.5
ITEM0005396,ORD0002695,PROD0081,4,3032.39,0,12129.56
ITEM0005397,ORD0002695,PROD0164,3,3543.37,0,10630.11
ITEM0005398,ORD0002696,PROD0064,2,4156.77,10,7482.19
ITEM0005399,ORD0002697,PROD0157,2,1549.94,20,2479.9
ITEM0005400,ORD0002697,PROD0147,3,3374.12,20,8097.89
ITEM0005401,ORD0002698,PROD0043,3,5274.26,20,12658.22
ITEM0005402,ORD0002699,PROD0198,3,890.11,0,2670.33
ITEM0005403,ORD0002700,PROD0123,1,9762.37,5,9274.25
ITEM0005404,ORD0002700,PROD0119,3,2991.81,5,8526.66
ITEM0005405,ORD0002701,PROD0044,3,3912.72,0,11738.16
ITEM0005406,ORD0002701,PROD0098,1,10950.31,0,10950.31
ITEM0005407,ORD0002701,PROD0109,3,6201.15,0,18603.45
ITEM0005408,ORD0002701,PROD0143,4,382.09,0,1528.36
ITEM0005409,ORD0002702,PROD0056,4,4087.83,20,13081.06
ITEM0005410,ORD0002703,PROD0115,4,11862.11,15,40331.17
ITEM0005411,ORD0002703,PROD0046,3,6212.04,15,15840.7
ITEM0005412,ORD0002704,PROD0199,4,1292.33,5,4910.85
ITEM0005413,ORD0002705,PROD0132,1,1160.61,0,1160.61
ITEM0005414,ORD0002705,PROD0143,4,382.09,0,1528.36
ITEM0005415,ORD0002706,PROD0005,1,40289.58,5,38275.1
ITEM0005416,ORD0002707,PROD0042,1,1233.59,0,1233.59
ITEM0005417,ORD0002708,PROD0175,3,6709.6,0,20128.8
ITEM0005418,ORD0002709,PROD0167,2,11229.68,0,22459.36
ITEM0005419,ORD0002709,PROD0166,2,8733.51,0,17467.02
ITEM0005420,ORD0002709,PROD0123,1,9762.37,0,9762.37
ITEM0005421,ORD0002709,PROD0050,3,4918.81,0,14756.43
ITEM0005422,ORD0002710,PROD0129,4,838.52,20,2683.26
ITEM0005423,ORD0002711,PROD0118,4,10931.14,5,41538.33
ITEM0005424,ORD0002712,PROD0032,4,38426.75,5,146021.65
ITEM0005425,ORD0002713,PROD0195,1,437.39,0,437.39
ITEM0005426,ORD0002714,PROD0033,2,34304.44,10,61747.99
ITEM0005427,ORD0002715,PROD0085,4,6089.41,10,21921.88
ITEM0005428,ORD0002715,PROD0016,4,43331.31,10,155992.72
ITEM0005429,ORD0002715,PROD0081,3,3032.39,10,8187.45
ITEM0005430,ORD0002715,PROD0098,4,10950.31,10,39421.12
ITEM0005431,ORD0002716,PROD0179,4,11478.91,0,45915.64
ITEM0005432,ORD0002716,PROD0076,2,1552.25,0,3104.5
ITEM0005433,ORD0002717,PROD0065,1,1921.1,0,1921.1
ITEM0005434,ORD0002718,PROD0177,3,5985.15,0,17955.45
ITEM0005435,ORD0002719,PROD0147,1,3374.12,15,2868
ITEM0005436,ORD0002720,PROD0071,4,3890.52,5,14783.98
ITEM0005437,ORD0002721,PROD0094,4,8217.48,20,26295.94
ITEM0005438,ORD0002722,PROD0130,1,3062.11,0,3062.11
ITEM0005439,ORD0002722,PROD0005,1,40289.58,0,40289.58
ITEM0005440,ORD0002723,PROD0056,4,4087.83,0,16351.32
ITEM0005441,ORD0002724,PROD0176,3,975.19,0,2925.57
ITEM0005442,ORD0002725,PROD0104,4,12889.74,0,51558.96
ITEM0005443,ORD0002725,PROD0033,3,34304.44,0,102913.32
ITEM0005444,ORD0002725,PROD0020,4,47540.26,0,190161.04
ITEM0005445,ORD0002726,PROD0114,2,12529.93,15,21300.88
ITEM0005446,ORD0002726,PROD0177,2,5985.15,15,10174.75
ITEM0005447,ORD0002726,PROD0010,1,32892.86,15,27958.93
ITEM0005448,ORD0002726,PROD0105,4,8086.41,15,27493.79
ITEM0005449,ORD0002726,PROD0099,4,12519.55,15,42566.47
ITEM0005450,ORD0002727,PROD0129,2,838.52,0,1677.04
ITEM0005451,ORD0002728,PROD0160,3,756.75,0,2270.25
ITEM0005452,ORD0002729,PROD0011,4,58607.44,0,234429.76
ITEM0005453,ORD0002729,PROD0005,3,40289.58,0,120868.74
ITEM0005454,ORD0002729,PROD0090,3,859.29,0,2577.87
ITEM0005455,ORD0002730,PROD0049,2,567.72,0,1135.44
ITEM0005456,ORD0002730,PROD0103,4,2970.53,0,11882.12
ITEM0005457,ORD0002730,PROD0195,1,437.39,0,437.39
ITEM0005458,ORD0002731,PROD0090,1,859.29,5,816.33
ITEM0005459,ORD0002732,PROD0088,1,1045.29,5,993.03
ITEM0005460,ORD0002733,PROD0057,2,742.06,5,1409.91
ITEM0005461,ORD0002733,PROD0105,3,8086.41,5,23046.27
ITEM0005462,ORD0002733,PROD0128,2,5930.45,5,11267.86
ITEM0005463,ORD0002733,PROD0121,3,389.01,5,1108.68
ITEM0005464,ORD0002734,PROD0016,4,43331.31,0,173325.24
ITEM0005465,ORD0002735,PROD0088,2,1045.29,0,2090.58
ITEM0005466,ORD0002735,PROD0078,4,3466.82,0,13867.28
ITEM0005467,ORD0002736,PROD0058,2,1179.58,15,2005.29
ITEM0005468,ORD0002737,PROD0009,4,27237.58,0,108950.32
ITEM0005469,ORD0002738,PROD0014,1,7928.83,0,7928.83
ITEM0005470,ORD0002739,PROD0100,4,2072.2,0,8288.8
ITEM0005471,ORD0002739,PROD0193,3,628.8,0,1886.4
ITEM0005472,ORD0002739,PROD0196,3,783.44,0,2350.32
ITEM0005473,ORD0002739,PROD0172,3,1025.46,0,3076.38
ITEM0005474,ORD0002740,PROD0044,4,3912.72,10,14085.79
ITEM0005475,ORD0002741,PROD0115,1,11862.11,0,11862.11
ITEM0005476,ORD0002742,PROD0101,3,1007.74,0,3023.22
ITEM0005477,ORD0002742,PROD0129,1,838.52,0,838.52
ITEM0005478,ORD0002743,PROD0175,2,6709.6,0,13419.2
ITEM0005479,ORD0002743,PROD0039,1,66174.82,0,66174.82
ITEM0005480,ORD0002743,PROD0048,1,3151.51,0,3151.51
ITEM0005481,ORD0002743,PROD0072,1,1395.26,0,1395.26
ITEM0005482,ORD0002744,PROD0011,4,58607.44,0,234429.76
ITEM0005483,ORD0002744,PROD0117,3,6437.22,0,19311.66
ITEM0005484,ORD0002745,PROD0180,4,5434.17,10,19563.01
ITEM0005485,ORD0002745,PROD0087,3,5742.05,10,15503.54
ITEM0005486,ORD0002745,PROD0179,4,11478.91,10,41324.08
ITEM0005487,ORD0002745,PROD0123,2,9762.37,10,17572.27
ITEM0005488,ORD0002746,PROD0189,3,897.95,5,2559.16
ITEM0005489,ORD0002746,PROD0108,3,8722.77,5,24859.89
ITEM0005490,ORD0002746,PROD0025,2,48796.51,5,92713.37
ITEM0005491,ORD0002747,PROD0059,3,3047.56,0,9142.68
ITEM0005492,ORD0002747,PROD0008,3,57369.56,0,172108.68
ITEM0005493,ORD0002747,PROD0197,4,490.98,0,1963.92
ITEM0005494,ORD0002748,PROD0166,1,8733.51,0,8733.51
ITEM0005495,ORD0002748,PROD0132,3,1160.61,0,3481.83
ITEM0005496,ORD0002749,PROD0012,2,33141.38,15,56340.35
ITEM0005497,ORD0002749,PROD0163,3,915.73,15,2335.11
ITEM0005498,ORD0002749,PROD0087,3,5742.05,15,14642.23
ITEM0005499,ORD0002749,PROD0165,4,8926.78,15,30351.05
ITEM0005500,ORD0002750,PROD0067,4,7130.72,10,25670.59
ITEM0005501,ORD0002750,PROD0041,3,3166.8,10,8550.36
ITEM0005502,ORD0002750,PROD0173,1,8594.8,10,7735.32
ITEM0005503,ORD0002751,PROD0172,4,1025.46,5,3896.75
ITEM0005504,ORD0002751,PROD0024,3,57909.18,5,165041.16
ITEM0005505,ORD0002752,PROD0164,2,3543.37,10,6378.07
ITEM0005506,ORD0002753,PROD0111,3,4186.75,20,10048.2
ITEM0005507,ORD0002753,PROD0008,4,57369.56,20,183582.59
ITEM0005508,ORD0002754,PROD0061,3,1507.1,20,3617.04
ITEM0005509,ORD0002755,PROD0146,1,4641.78,10,4177.6
ITEM0005510,ORD0002755,PROD0156,4,366.5,10,1319.4
ITEM0005511,ORD0002756,PROD0058,2,1179.58,15,2005.29
ITEM0005512,ORD0002756,PROD0015,1,67106.58,15,57040.59
ITEM0005513,ORD0002757,PROD0151,2,350.77,10,631.39
ITEM0005514,ORD0002758,PROD0028,1,74581.74,25,55936.31
ITEM0005515,ORD0002758,PROD0168,4,3183.64,25,9550.92
ITEM0005516,ORD0002758,PROD0173,1,8594.8,25,6446.1
ITEM0005517,ORD0002759,PROD0067,1,7130.72,0,7130.72
ITEM0005518,ORD0002759,PROD0119,4,2991.81,0,11967.24
ITEM0005519,ORD0002760,PROD0154,4,1821.18,0,7284.72
ITEM0005520,ORD0002761,PROD0017,2,8120.73,5,15429.39
ITEM0005521,ORD0002762,PROD0062,4,1138.67,20,3643.74
ITEM0005522,ORD0002762,PROD0049,3,567.72,20,1362.53
ITEM0005523,ORD0002762,PROD0057,1,742.06,20,593.65
ITEM0005524,ORD0002763,PROD0039,3,66174.82,15,168745.79
ITEM0005525,ORD0002763,PROD0171,4,9896.61,15,33648.47
ITEM0005526,ORD0002763,PROD0008,1,57369.56,15,48764.13
ITEM0005527,ORD0002763,PROD0165,1,8926.78,15,7587.76
ITEM0005528,ORD0002764,PROD0111,3,4186.75,0,12560.25
ITEM0005529,ORD0002765,PROD0133,4,3562.22,5,13536.44
ITEM0005530,ORD0002766,PROD0058,4,1179.58,10,4246.49
ITEM0005531,ORD0002767,PROD0092,2,12500.28,10,22500.5
ITEM0005532,ORD0002768,PROD0132,2,1160.61,0,2321.22
ITEM0005533,ORD0002768,PROD0011,3,58607.44,0,175822.32
ITEM0005534,ORD0002769,PROD0055,2,3434.95,0,6869.9
ITEM0005535,ORD0002770,PROD0007,3,27829.19,15,70964.43
ITEM0005536,ORD0002770,PROD0070,2,1576.87,15,2680.68
ITEM0005537,ORD0002770,PROD0052,3,5153.96,15,13142.6
ITEM0005538,ORD0002771,PROD0127,3,9556.44,15,24368.92
ITEM0005539,ORD0002772,PROD0034,3,50492.99,5,143905.02
ITEM0005540,ORD0002773,PROD0073,4,346.89,20,1110.05
ITEM0005541,ORD0002774,PROD0030,3,745.3,5,2124.1
ITEM0005542,ORD0002774,PROD0007,3,27829.19,5,79313.19
ITEM0005543,ORD0002775,PROD0013,2,40791.56,15,69345.65
ITEM0005544,ORD0002775,PROD0084,2,784.26,15,1333.24
ITEM0005545,ORD0002776,PROD0036,1,68871.11,5,65427.55
ITEM0005546,ORD0002776,PROD0090,4,859.29,5,3265.3
ITEM0005547,ORD0002777,PROD0076,3,1552.25,10,4191.08
ITEM0005548,ORD0002778,PROD0096,2,11526.42,25,17289.63
ITEM0005549,ORD0002778,PROD0016,1,43331.31,25,32498.48
ITEM0005550,ORD0002779,PROD0058,4,1179.58,10,4246.49
ITEM0005551,ORD0002779,PROD0030,1,745.3,10,670.77
ITEM0005552,ORD0002779,PROD0020,1,47540.26,10,42786.23
ITEM0005553,ORD0002780,PROD0112,1,885.01,0,885.01
ITEM0005554,ORD0002780,PROD0026,2,40491.32,0,80982.64
ITEM0005555,ORD0002781,PROD0171,3,9896.61,15,25236.36
ITEM0005556,ORD0002782,PROD0032,1,38426.75,0,38426.75
ITEM0005557,ORD0002783,PROD0025,3,48796.51,15,124431.1
ITEM0005558,ORD0002784,PROD0156,3,366.5,10,989.55
ITEM0005559,ORD0002784,PROD0188,1,1318.66,10,1186.79
ITEM0005560,ORD0002784,PROD0036,2,68871.11,10,123968
ITEM0005561,ORD0002784,PROD0076,4,1552.25,10,5588.1
ITEM0005562,ORD0002784,PROD0110,1,232.06,10,208.85
ITEM0005563,ORD0002785,PROD0106,2,478.86,0,957.72
ITEM0005564,ORD0002785,PROD0186,1,1358.84,0,1358.84
ITEM0005565,ORD0002786,PROD0171,2,9896.61,0,19793.22
ITEM0005566,ORD0002787,PROD0145,4,3126.57,5,11880.97
ITEM0005567,ORD0002787,PROD0044,3,3912.72,5,11151.25
ITEM0005568,ORD0002788,PROD0185,4,9871.56,0,39486.24
ITEM0005569,ORD0002788,PROD0054,4,7111.73,0,28446.92
ITEM0005570,ORD0002789,PROD0027,4,27299.16,0,109196.64
ITEM0005571,ORD0002790,PROD0112,3,885.01,10,2389.53
ITEM0005572,ORD0002790,PROD0051,4,5103.04,10,18370.94
ITEM0005573,ORD0002790,PROD0092,3,12500.28,10,33750.76
ITEM0005574,ORD0002790,PROD0022,3,13967,10,37710.9
ITEM0005575,ORD0002791,PROD0039,3,66174.82,0,198524.46
ITEM0005576,ORD0002791,PROD0007,4,27829.19,0,111316.76
ITEM0005577,ORD0002791,PROD0002,2,50293.82,0,100587.64
ITEM0005578,ORD0002792,PROD0147,3,3374.12,0,10122.36
ITEM0005579,ORD0002793,PROD0181,3,5765.01,10,15565.53
ITEM0005580,ORD0002793,PROD0167,1,11229.68,10,10106.71
ITEM0005581,ORD0002794,PROD0133,2,3562.22,15,6055.77
ITEM0005582,ORD0002794,PROD0141,4,1560.51,15,5305.73
ITEM0005583,ORD0002794,PROD0077,2,6124.52,15,10411.68
ITEM0005584,ORD0002795,PROD0174,1,3533.54,5,3356.86
ITEM0005585,ORD0002795,PROD0160,4,756.75,5,2875.65
ITEM0005586,ORD0002795,PROD0190,2,1254.49,5,2383.53
ITEM0005587,ORD0002796,PROD0114,1,12529.93,0,12529.93
ITEM0005588,ORD0002796,PROD0135,3,1341.78,0,4025.34
ITEM0005589,ORD0002796,PROD0106,3,478.86,0,1436.58
ITEM0005590,ORD0002796,PROD0181,3,5765.01,0,17295.03
ITEM0005591,ORD0002796,PROD0177,4,5985.15,0,23940.6
ITEM0005592,ORD0002797,PROD0044,2,3912.72,0,7825.44
ITEM0005593,ORD0002797,PROD0042,4,1233.59,0,4934.36
ITEM0005594,ORD0002798,PROD0197,2,490.98,0,981.96
ITEM0005595,ORD0002798,PROD0031,4,9586.34,0,38345.36
ITEM0005596,ORD0002799,PROD0148,1,2543.16,0,2543.16
ITEM0005597,ORD0002800,PROD0019,1,21504.79,0,21504.79
ITEM0005598,ORD0002801,PROD0159,2,584.29,5,1110.15
ITEM0005599,ORD0002801,PROD0003,2,49712.42,5,94453.6
ITEM0005600,ORD0002802,PROD0012,4,33141.38,15,112680.69
ITEM0005601,ORD0002802,PROD0036,1,68871.11,15,58540.44
ITEM0005602,ORD0002803,PROD0075,2,2702.38,0,5404.76
ITEM0005603,ORD0002804,PROD0027,1,27299.16,0,27299.16
ITEM0005604,ORD0002805,PROD0188,3,1318.66,0,3955.98
ITEM0005605,ORD0002806,PROD0137,4,782.23,0,3128.92
ITEM0005606,ORD0002806,PROD0067,4,7130.72,0,28522.88
ITEM0005607,ORD0002807,PROD0144,4,905.61,5,3441.32
ITEM0005608,ORD0002808,PROD0176,4,975.19,5,3705.72
ITEM0005609,ORD0002809,PROD0100,4,2072.2,15,7045.48
ITEM0005610,ORD0002809,PROD0070,1,1576.87,15,1340.34
ITEM0005611,ORD0002810,PROD0199,3,1292.33,0,3876.99
ITEM0005612,ORD0002810,PROD0078,1,3466.82,0,3466.82
ITEM0005613,ORD0002811,PROD0050,3,4918.81,10,13280.79
ITEM0005614,ORD0002812,PROD0131,2,2976.52,5,5655.39
ITEM0005615,ORD0002813,PROD0028,4,74581.74,0,298326.96
ITEM0005616,ORD0002813,PROD0026,3,40491.32,0,121473.96
ITEM0005617,ORD0002814,PROD0110,4,232.06,25,696.18
ITEM0005618,ORD0002814,PROD0029,2,50556.2,25,75834.3
ITEM0005619,ORD0002815,PROD0098,2,10950.31,10,19710.56
ITEM0005620,ORD0002815,PROD0161,1,3119.91,10,2807.92
ITEM0005621,ORD0002816,PROD0032,1,38426.75,10,34584.08
ITEM0005622,ORD0002816,PROD0103,3,2970.53,10,8020.43
ITEM0005623,ORD0002816,PROD0091,1,10714.93,10,9643.44
ITEM0005624,ORD0002817,PROD0192,3,867.73,0,2603.19
ITEM0005625,ORD0002817,PROD0176,3,975.19,0,2925.57
ITEM0005626,ORD0002817,PROD0178,2,1834.02,0,3668.04
ITEM0005627,ORD0002817,PROD0158,1,1726.09,0,1726.09
ITEM0005628,ORD0002817,PROD0105,2,8086.41,0,16172.82
ITEM0005629,ORD0002818,PROD0043,3,5274.26,5,15031.64
ITEM0005630,ORD0002819,PROD0147,2,3374.12,10,6073.42
ITEM0005631,ORD0002820,PROD0050,2,4918.81,15,8361.98
ITEM0005632,ORD0002821,PROD0099,3,12519.55,0,37558.65
ITEM0005633,ORD0002822,PROD0073,3,346.89,10,936.6
ITEM0005634,ORD0002823,PROD0064,1,4156.77,5,3948.93
ITEM0005635,ORD0002823,PROD0083,3,1974.27,5,5626.67
ITEM0005636,ORD0002824,PROD0054,4,7111.73,10,25602.23
ITEM0005637,ORD0002824,PROD0166,4,8733.51,10,31440.64
ITEM0005638,ORD0002825,PROD0106,4,478.86,5,1819.67
ITEM0005639,ORD0002826,PROD0064,4,4156.77,0,16627.08
ITEM0005640,ORD0002826,PROD0022,2,13967,0,27934
ITEM0005641,ORD0002827,PROD0027,2,27299.16,0,54598.32
ITEM0005642,ORD0002828,PROD0056,4,4087.83,0,16351.32
ITEM0005643,ORD0002828,PROD0103,4,2970.53,0,11882.12
ITEM0005644,ORD0002828,PROD0087,4,5742.05,0,22968.2
ITEM0005645,ORD0002828,PROD0049,1,567.72,0,567.72
ITEM0005646,ORD0002829,PROD0199,1,1292.33,0,1292.33
ITEM0005647,ORD0002829,PROD0189,3,897.95,0,2693.85
ITEM0005648,ORD0002830,PROD0009,4,27237.58,0,108950.32
ITEM0005649,ORD0002830,PROD0173,4,8594.8,0,34379.2
ITEM0005650,ORD0002830,PROD0104,1,12889.74,0,12889.74
ITEM0005651,ORD0002831,PROD0129,4,838.52,0,3354.08
ITEM0005652,ORD0002831,PROD0031,1,9586.34,0,9586.34
ITEM0005653,ORD0002832,PROD0019,4,21504.79,15,73116.29
ITEM0005654,ORD0002832,PROD0015,1,67106.58,15,57040.59
ITEM0005655,ORD0002832,PROD0077,3,6124.52,15,15617.53
ITEM0005656,ORD0002832,PROD0105,3,8086.41,15,20620.35
ITEM0005657,ORD0002832,PROD0149,2,3462.42,15,5886.11
ITEM0005658,ORD0002833,PROD0188,2,1318.66,5,2505.45
ITEM0005659,ORD0002833,PROD0056,3,4087.83,5,11650.32
ITEM0005660,ORD0002833,PROD0158,1,1726.09,5,1639.79
ITEM0005661,ORD0002834,PROD0042,1,1233.59,5,1171.91
ITEM0005662,ORD0002834,PROD0162,1,1300.66,5,1235.63
ITEM0005663,ORD0002835,PROD0041,1,3166.8,0,3166.8
ITEM0005664,ORD0002836,PROD0107,4,5093.26,10,18335.74
ITEM0005665,ORD0002837,PROD0083,1,1974.27,5,1875.56
ITEM0005666,ORD0002838,PROD0160,1,756.75,0,756.75
ITEM0005667,ORD0002839,PROD0052,1,5153.96,10,4638.56
ITEM0005668,ORD0002839,PROD0099,4,12519.55,10,45070.38
ITEM0005669,ORD0002839,PROD0141,2,1560.51,10,2808.92
ITEM0005670,ORD0002840,PROD0194,3,238.12,5,678.64
ITEM0005671,ORD0002840,PROD0111,3,4186.75,5,11932.24
ITEM0005672,ORD0002840,PROD0077,3,6124.52,5,17454.88
ITEM0005673,ORD0002841,PROD0106,3,478.86,0,1436.58
ITEM0005674,ORD0002842,PROD0043,3,5274.26,5,15031.64
ITEM0005675,ORD0002843,PROD0044,1,3912.72,5,3717.08
ITEM0005676,ORD0002843,PROD0181,1,5765.01,5,5476.76
ITEM0005677,ORD0002843,PROD0015,2,67106.58,5,127502.5
ITEM0005678,ORD0002844,PROD0104,4,12889.74,20,41247.17
ITEM0005679,ORD0002845,PROD0034,3,50492.99,15,128757.12
ITEM0005680,ORD0002846,PROD0045,1,3914.99,15,3327.74
ITEM0005681,ORD0002846,PROD0178,1,1834.02,15,1558.92
ITEM0005682,ORD0002846,PROD0039,2,66174.82,15,112497.19
ITEM0005683,ORD0002846,PROD0188,4,1318.66,15,4483.44
ITEM0005684,ORD0002847,PROD0143,1,382.09,15,324.78
ITEM0005685,ORD0002847,PROD0032,2,38426.75,15,65325.48
ITEM0005686,ORD0002848,PROD0193,4,628.8,10,2263.68
ITEM0005687,ORD0002848,PROD0114,4,12529.93,10,45107.75
ITEM0005688,ORD0002849,PROD0113,1,8226.58,10,7403.92
ITEM0005689,ORD0002849,PROD0027,1,27299.16,10,24569.24
ITEM0005690,ORD0002849,PROD0001,4,4321.28,10,15556.61
ITEM0005691,ORD0002850,PROD0169,2,3385.13,15,5754.72
ITEM0005692,ORD0002850,PROD0105,3,8086.41,15,20620.35
ITEM0005693,ORD0002851,PROD0091,4,10714.93,0,42859.72
ITEM0005694,ORD0002852,PROD0091,3,10714.93,5,30537.55
ITEM0005695,ORD0002853,PROD0067,3,7130.72,20,17113.73
ITEM0005696,ORD0002853,PROD0019,4,21504.79,20,68815.33
ITEM0005697,ORD0002854,PROD0087,2,5742.05,0,11484.1
ITEM0005698,ORD0002855,PROD0031,3,9586.34,5,27321.07
ITEM0005699,ORD0002856,PROD0025,2,48796.51,20,78074.42
ITEM0005700,ORD0002856,PROD0068,1,827.32,20,661.86
ITEM0005701,ORD0002857,PROD0067,2,7130.72,25,10696.08
ITEM0005702,ORD0002858,PROD0095,2,5158.31,20,8253.3
ITEM0005703,ORD0002858,PROD0063,3,4348.36,20,10436.06
ITEM0005704,ORD0002859,PROD0182,3,2159.96,0,6479.88
ITEM0005705,ORD0002859,PROD0073,4,346.89,0,1387.56
ITEM0005706,ORD0002859,PROD0093,2,12429.79,0,24859.58
ITEM0005707,ORD0002860,PROD0168,1,3183.64,15,2706.09
ITEM0005708,ORD0002861,PROD0096,2,11526.42,10,20747.56
ITEM0005709,ORD0002862,PROD0005,3,40289.58,25,90651.56
ITEM0005710,ORD0002862,PROD0147,4,3374.12,25,10122.36
ITEM0005711,ORD0002862,PROD0009,3,27237.58,25,61284.56
ITEM0005712,ORD0002862,PROD0115,2,11862.11,25,17793.16
ITEM0005713,ORD0002863,PROD0056,2,4087.83,15,6949.31
ITEM0005714,ORD0002864,PROD0180,3,5434.17,10,14672.26
ITEM0005715,ORD0002865,PROD0101,4,1007.74,15,3426.32
ITEM0005716,ORD0002865,PROD0018,3,43707.38,15,111453.82
ITEM0005717,ORD0002866,PROD0026,3,40491.32,25,91105.47
ITEM0005718,ORD0002866,PROD0196,1,783.44,25,587.58
ITEM0005719,ORD0002866,PROD0079,4,3868.77,25,11606.31
ITEM0005720,ORD0002866,PROD0036,2,68871.11,25,103306.66
ITEM0005721,ORD0002867,PROD0155,2,3659.76,10,6587.57
ITEM0005722,ORD0002868,PROD0151,3,350.77,0,1052.31
ITEM0005723,ORD0002868,PROD0035,1,24304.78,0,24304.78
ITEM0005724,ORD0002869,PROD0106,4,478.86,0,1915.44
ITEM0005725,ORD0002870,PROD0037,3,56353.69,0,169061.07
ITEM0005726,ORD0002871,PROD0093,3,12429.79,20,29831.5
ITEM0005727,ORD0002872,PROD0188,2,1318.66,5,2505.45
ITEM0005728,ORD0002872,PROD0054,1,7111.73,5,6756.14
ITEM0005729,ORD0002873,PROD0041,1,3166.8,0,3166.8
ITEM0005730,ORD0002874,PROD0185,4,9871.56,0,39486.24
ITEM0005731,ORD0002874,PROD0003,3,49712.42,0,149137.26
ITEM0005732,ORD0002875,PROD0062,2,1138.67,0,2277.34
ITEM0005733,ORD0002875,PROD0171,4,9896.61,0,39586.44
ITEM0005734,ORD0002876,PROD0077,2,6124.52,10,11024.14
ITEM0005735,ORD0002877,PROD0022,4,13967,0,55868
ITEM0005736,ORD0002878,PROD0027,2,27299.16,0,54598.32
ITEM0005737,ORD0002879,PROD0117,4,6437.22,5,24461.44
ITEM0005738,ORD0002880,PROD0018,3,43707.38,5,124566.03
ITEM0005739,ORD0002881,PROD0112,4,885.01,5,3363.04
ITEM0005740,ORD0002881,PROD0042,4,1233.59,5,4687.64
ITEM0005741,ORD0002882,PROD0075,2,2702.38,0,5404.76
ITEM0005742,ORD0002882,PROD0034,3,50492.99,0,151478.97
ITEM0005743,ORD0002882,PROD0121,2,389.01,0,778.02
ITEM0005744,ORD0002883,PROD0045,1,3914.99,5,3719.24
ITEM0005745,ORD0002884,PROD0101,3,1007.74,15,2569.74
ITEM0005746,ORD0002884,PROD0075,2,2702.38,15,4594.05
ITEM0005747,ORD0002884,PROD0142,2,497.1,15,845.07
ITEM0005748,ORD0002884,PROD0059,1,3047.56,15,2590.43
ITEM0005749,ORD0002885,PROD0177,3,5985.15,0,17955.45
ITEM0005750,ORD0002886,PROD0148,2,2543.16,5,4832
ITEM0005751,ORD0002887,PROD0026,1,40491.32,0,40491.32
ITEM0005752,ORD0002888,PROD0132,1,1160.61,0,1160.61
ITEM0005753,ORD0002888,PROD0114,3,12529.93,0,37589.79
ITEM0005754,ORD0002889,PROD0048,2,3151.51,0,6303.02
ITEM0005755,ORD0002889,PROD0060,4,3327.41,0,13309.64
ITEM0005756,ORD0002889,PROD0043,1,5274.26,0,5274.26
ITEM0005757,ORD0002889,PROD0142,1,497.1,0,497.1
ITEM0005758,ORD0002890,PROD0154,1,1821.18,5,1730.12
ITEM0005759,ORD0002890,PROD0033,4,34304.44,5,130356.87
ITEM0005760,ORD0002890,PROD0179,1,11478.91,5,10904.96
ITEM0005761,ORD0002891,PROD0130,4,3062.11,20,9798.75
ITEM0005762,ORD0002892,PROD0166,2,8733.51,10,15720.32
ITEM0005763,ORD0002893,PROD0090,4,859.29,0,3437.16
ITEM0005764,ORD0002894,PROD0196,2,783.44,0,1566.88
ITEM0005765,ORD0002894,PROD0095,3,5158.31,0,15474.93
ITEM0005766,ORD0002895,PROD0115,4,11862.11,0,47448.44
ITEM0005767,ORD0002896,PROD0131,2,2976.52,0,5953.04
ITEM0005768,ORD0002896,PROD0113,3,8226.58,0,24679.74
ITEM0005769,ORD0002896,PROD0078,1,3466.82,0,3466.82
ITEM0005770,ORD0002896,PROD0108,3,8722.77,0,26168.31
ITEM0005771,ORD0002896,PROD0165,1,8926.78,0,8926.78
ITEM0005772,ORD0002897,PROD0012,4,33141.38,10,119308.97
ITEM0005773,ORD0002897,PROD0030,2,745.3,10,1341.54
ITEM0005774,ORD0002897,PROD0138,4,1511.7,10,5442.12
ITEM0005775,ORD0002898,PROD0184,4,11703.06,15,39790.4
ITEM0005776,ORD0002898,PROD0003,2,49712.42,15,84511.11
ITEM0005777,ORD0002898,PROD0136,1,2648.04,15,2250.83
ITEM0005778,ORD0002898,PROD0027,3,27299.16,15,69612.86
ITEM0005779,ORD0002899,PROD0163,4,915.73,0,3662.92
ITEM0005780,ORD0002899,PROD0037,3,56353.69,0,169061.07
ITEM0005781,ORD0002899,PROD0076,3,1552.25,0,4656.75
ITEM0005782,ORD0002899,PROD0071,3,3890.52,0,11671.56
ITEM0005783,ORD0002900,PROD0048,4,3151.51,0,12606.04
ITEM0005784,ORD0002901,PROD0092,4,12500.28,0,50001.12
ITEM0005785,ORD0002901,PROD0146,4,4641.78,0,18567.12
ITEM0005786,ORD0002902,PROD0190,2,1254.49,0,2508.98
ITEM0005787,ORD0002902,PROD0003,4,49712.42,0,198849.68
ITEM0005788,ORD0002903,PROD0138,3,1511.7,5,4308.34
ITEM0005789,ORD0002903,PROD0152,4,1817.42,5,6906.2
ITEM0005790,ORD0002904,PROD0161,4,3119.91,0,12479.64
ITEM0005791,ORD0002904,PROD0096,3,11526.42,0,34579.26
ITEM0005792,ORD0002905,PROD0111,1,4186.75,0,4186.75
ITEM0005793,ORD0002905,PROD0060,1,3327.41,0,3327.41
ITEM0005794,ORD0002906,PROD0027,2,27299.16,0,54598.32
ITEM0005795,ORD0002907,PROD0132,3,1160.61,10,3133.65
ITEM0005796,ORD0002908,PROD0106,2,478.86,0,957.72
ITEM0005797,ORD0002908,PROD0121,2,389.01,0,778.02
ITEM0005798,ORD0002908,PROD0045,1,3914.99,0,3914.99
ITEM0005799,ORD0002909,PROD0063,3,4348.36,10,11740.57
ITEM0005800,ORD0002909,PROD0171,2,9896.61,10,17813.9
ITEM0005801,ORD0002909,PROD0136,1,2648.04,10,2383.24
ITEM0005802,ORD0002910,PROD0143,2,382.09,0,764.18
ITEM0005803,ORD0002910,PROD0058,3,1179.58,0,3538.74
ITEM0005804,ORD0002910,PROD0007,3,27829.19,0,83487.57
ITEM0005805,ORD0002911,PROD0044,3,3912.72,10,10564.34
ITEM0005806,ORD0002911,PROD0167,2,11229.68,10,20213.42
ITEM0005807,ORD0002912,PROD0032,2,38426.75,0,76853.5
ITEM0005808,ORD0002912,PROD0036,2,68871.11,0,137742.22
ITEM0005809,ORD0002913,PROD0159,1,584.29,10,525.86
ITEM0005810,ORD0002914,PROD0185,4,9871.56,0,39486.24
ITEM0005811,ORD0002914,PROD0071,1,3890.52,0,3890.52
ITEM0005812,ORD0002915,PROD0098,1,10950.31,0,10950.31
ITEM0005813,ORD0002915,PROD0155,4,3659.76,0,14639.04
ITEM0005814,ORD0002915,PROD0105,4,8086.41,0,32345.64
ITEM0005815,ORD0002916,PROD0091,2,10714.93,0,21429.86
ITEM0005816,ORD0002916,PROD0161,3,3119.91,0,9359.73
ITEM0005817,ORD0002917,PROD0076,1,1552.25,0,1552.25
ITEM0005818,ORD0002917,PROD0132,2,1160.61,0,2321.22
ITEM0005819,ORD0002917,PROD0106,4,478.86,0,1915.44
ITEM0005820,ORD0002917,PROD0137,4,782.23,0,3128.92
ITEM0005821,ORD0002918,PROD0195,4,437.39,10,1574.6
ITEM0005822,ORD0002919,PROD0141,4,1560.51,10,5617.84
ITEM0005823,ORD0002919,PROD0046,1,6212.04,10,5590.84
ITEM0005824,ORD0002920,PROD0119,4,2991.81,20,9573.79
ITEM0005825,ORD0002920,PROD0159,2,584.29,20,934.86
ITEM0005826,ORD0002921,PROD0177,3,5985.15,5,17057.68
ITEM0005827,ORD0002922,PROD0186,2,1358.84,0,2717.68
ITEM0005828,ORD0002922,PROD0099,4,12519.55,0,50078.2
ITEM0005829,ORD0002922,PROD0091,1,10714.93,0,10714.93
ITEM0005830,ORD0002923,PROD0162,2,1300.66,0,2601.32
ITEM0005831,ORD0002923,PROD0157,3,1549.94,0,4649.82
ITEM0005832,ORD0002923,PROD0108,1,8722.77,0,8722.77
ITEM0005833,ORD0002924,PROD0003,3,49712.42,0,149137.26
ITEM0005834,ORD0002925,PROD0183,2,4402.38,5,8364.52
ITEM0005835,ORD0002925,PROD0056,4,4087.83,5,15533.75
ITEM0005836,ORD0002926,PROD0142,2,497.1,5,944.49
ITEM0005837,ORD0002927,PROD0169,3,3385.13,0,10155.39
ITEM0005838,ORD0002928,PROD0037,4,56353.69,5,214144.02
ITEM0005839,ORD0002928,PROD0127,3,9556.44,5,27235.85
ITEM0005840,ORD0002929,PROD0198,4,890.11,5,3382.42
ITEM0005841,ORD0002930,PROD0049,2,567.72,0,1135.44
ITEM0005842,ORD0002931,PROD0012,4,33141.38,10,119308.97
ITEM0005843,ORD0002931,PROD0161,2,3119.91,10,5615.84
ITEM0005844,ORD0002931,PROD0080,4,2405.82,10,8660.95
ITEM0005845,ORD0002932,PROD0172,4,1025.46,25,3076.38
ITEM0005846,ORD0002933,PROD0023,1,1503.94,0,1503.94
ITEM0005847,ORD0002933,PROD0168,2,3183.64,0,6367.28
ITEM0005848,ORD0002933,PROD0117,3,6437.22,0,19311.66
ITEM0005849,ORD0002934,PROD0075,4,2702.38,5,10269.04
ITEM0005850,ORD0002935,PROD0143,1,382.09,20,305.67
ITEM0005851,ORD0002936,PROD0109,1,6201.15,0,6201.15
ITEM0005852,ORD0002936,PROD0118,1,10931.14,0,10931.14
ITEM0005853,ORD0002936,PROD0095,2,5158.31,0,10316.62
ITEM0005854,ORD0002937,PROD0172,1,1025.46,0,1025.46
ITEM0005855,ORD0002937,PROD0007,2,27829.19,0,55658.38
ITEM0005856,ORD0002938,PROD0024,4,57909.18,15,196891.21
ITEM0005857,ORD0002938,PROD0174,3,3533.54,15,9010.53
ITEM0005858,ORD0002939,PROD0004,1,25591.73,0,25591.73
ITEM0005859,ORD0002939,PROD0050,2,4918.81,0,9837.62
ITEM0005860,ORD0002940,PROD0167,4,11229.68,0,44918.72
ITEM0005861,ORD0002940,PROD0105,1,8086.41,0,8086.41
ITEM0005862,ORD0002940,PROD0019,2,21504.79,0,43009.58
ITEM0005863,ORD0002941,PROD0031,1,9586.34,0,9586.34
ITEM0005864,ORD0002942,PROD0197,1,490.98,0,490.98
ITEM0005865,ORD0002943,PROD0049,4,567.72,15,1930.25
ITEM0005866,ORD0002944,PROD0138,2,1511.7,0,3023.4
ITEM0005867,ORD0002945,PROD0110,3,232.06,0,696.18
ITEM0005868,ORD0002945,PROD0010,1,32892.86,0,32892.86
ITEM0005869,ORD0002945,PROD0190,1,1254.49,0,1254.49
ITEM0005870,ORD0002946,PROD0150,1,4265.82,15,3625.95
ITEM0005871,ORD0002946,PROD0111,4,4186.75,15,14234.95
ITEM0005872,ORD0002946,PROD0192,1,867.73,15,737.57
ITEM0005873,ORD0002946,PROD0017,4,8120.73,15,27610.48
ITEM0005874,ORD0002947,PROD0117,4,6437.22,10,23173.99
ITEM0005875,ORD0002947,PROD0155,2,3659.76,10,6587.57
ITEM0005876,ORD0002947,PROD0112,1,885.01,10,796.51
ITEM0005877,ORD0002948,PROD0083,1,1974.27,15,1678.13
ITEM0005878,ORD0002948,PROD0103,4,2970.53,15,10099.8
ITEM0005879,ORD0002948,PROD0001,1,4321.28,15,3673.09
ITEM0005880,ORD0002949,PROD0142,1,497.1,0,497.1
ITEM0005881,ORD0002950,PROD0146,2,4641.78,10,8355.2
ITEM0005882,ORD0002951,PROD0066,3,2108.12,0,6324.36
ITEM0005883,ORD0002951,PROD0132,3,1160.61,0,3481.83
ITEM0005884,ORD0002951,PROD0028,2,74581.74,0,149163.48
ITEM0005885,ORD0002951,PROD0172,3,1025.46,0,3076.38
ITEM0005886,ORD0002952,PROD0172,2,1025.46,5,1948.37
ITEM0005887,ORD0002953,PROD0094,1,8217.48,5,7806.61
ITEM0005888,ORD0002953,PROD0071,4,3890.52,5,14783.98
ITEM0005889,ORD0002953,PROD0112,2,885.01,5,1681.52
ITEM0005890,ORD0002953,PROD0088,3,1045.29,5,2979.08
ITEM0005891,ORD0002954,PROD0048,4,3151.51,5,11975.74
ITEM0005892,ORD0002955,PROD0018,4,43707.38,0,174829.52
ITEM0005893,ORD0002955,PROD0007,2,27829.19,0,55658.38
ITEM0005894,ORD0002956,PROD0146,2,4641.78,0,9283.56
ITEM0005895,ORD0002956,PROD0018,1,43707.38,0,43707.38
ITEM0005896,ORD0002956,PROD0072,2,1395.26,0,2790.52
ITEM0005897,ORD0002957,PROD0087,1,5742.05,15,4880.74
ITEM0005898,ORD0002958,PROD0011,2,58607.44,10,105493.39
ITEM0005899,ORD0002959,PROD0195,1,437.39,5,415.52
ITEM0005900,ORD0002960,PROD0152,3,1817.42,10,4907.03
ITEM0005901,ORD0002960,PROD0138,2,1511.7,10,2721.06
ITEM0005902,ORD0002960,PROD0183,4,4402.38,10,15848.57
ITEM0005903,ORD0002960,PROD0023,4,1503.94,10,5414.18
ITEM0005904,ORD0002960,PROD0099,3,12519.55,10,33802.78
ITEM0005905,ORD0002961,PROD0174,4,3533.54,15,12014.04
ITEM0005906,ORD0002962,PROD0094,3,8217.48,10,22187.2
ITEM0005907,ORD0002962,PROD0097,3,7278.34,10,19651.52
ITEM0005908,ORD0002962,PROD0082,2,2605.78,10,4690.4
ITEM0005909,ORD0002962,PROD0072,2,1395.26,10,2511.47
ITEM0005910,ORD0002963,PROD0101,4,1007.74,5,3829.41
ITEM0005911,ORD0002963,PROD0166,2,8733.51,5,16593.67
ITEM0005912,ORD0002964,PROD0049,2,567.72,15,965.12
ITEM0005913,ORD0002965,PROD0082,1,2605.78,10,2345.2
ITEM0005914,ORD0002965,PROD0004,2,25591.73,10,46065.11
ITEM0005915,ORD0002966,PROD0006,2,69356.89,15,117906.71
ITEM0005916,ORD0002967,PROD0190,4,1254.49,10,4516.16
ITEM0005917,ORD0002968,PROD0127,2,9556.44,10,17201.59
ITEM0005918,ORD0002968,PROD0195,1,437.39,10,393.65
ITEM0005919,ORD0002968,PROD0084,3,784.26,10,2117.5
ITEM0005920,ORD0002968,PROD0133,2,3562.22,10,6412
ITEM0005921,ORD0002968,PROD0031,4,9586.34,10,34510.82
ITEM0005922,ORD0002969,PROD0081,4,3032.39,20,9703.65
ITEM0005923,ORD0002970,PROD0079,4,3868.77,15,13153.82
ITEM0005924,ORD0002970,PROD0001,1,4321.28,15,3673.09
ITEM0005925,ORD0002971,PROD0024,4,57909.18,5,220054.88
ITEM0005926,ORD0002971,PROD0100,2,2072.2,5,3937.18
ITEM0005927,ORD0002972,PROD0198,2,890.11,5,1691.21
ITEM0005928,ORD0002973,PROD0030,1,745.3,0,745.3
ITEM0005929,ORD0002974,PROD0011,3,58607.44,10,158240.09
ITEM0005930,ORD0002974,PROD0164,4,3543.37,10,12756.13
ITEM0005931,ORD0002974,PROD0146,4,4641.78,10,16710.41
ITEM0005932,ORD0002975,PROD0171,2,9896.61,0,19793.22
ITEM0005933,ORD0002975,PROD0200,4,540.59,0,2162.36
ITEM0005934,ORD0002975,PROD0030,1,745.3,0,745.3
ITEM0005935,ORD0002975,PROD0043,3,5274.26,0,15822.78
ITEM0005936,ORD0002976,PROD0067,3,7130.72,5,20322.55
ITEM0005937,ORD0002976,PROD0186,1,1358.84,5,1290.9
ITEM0005938,ORD0002976,PROD0135,4,1341.78,5,5098.76
ITEM0005939,ORD0002977,PROD0017,4,8120.73,10,29234.63
ITEM0005940,ORD0002977,PROD0112,1,885.01,10,796.51
ITEM0005941,ORD0002977,PROD0151,2,350.77,10,631.39
ITEM0005942,ORD0002978,PROD0097,3,7278.34,0,21835.02
ITEM0005943,ORD0002978,PROD0099,2,12519.55,0,25039.1
ITEM0005944,ORD0002978,PROD0195,4,437.39,0,1749.56
ITEM0005945,ORD0002979,PROD0177,1,5985.15,15,5087.38
ITEM0005946,ORD0002979,PROD0182,2,2159.96,15,3671.93
ITEM0005947,ORD0002980,PROD0098,3,10950.31,5,31208.38
ITEM0005948,ORD0002981,PROD0096,1,11526.42,0,11526.42
ITEM0005949,ORD0002982,PROD0192,2,867.73,10,1561.91
ITEM0005950,ORD0002982,PROD0035,4,24304.78,10,87497.21
ITEM0005951,ORD0002983,PROD0038,1,15904.21,15,13518.58
ITEM0005952,ORD0002984,PROD0162,2,1300.66,0,2601.32
ITEM0005953,ORD0002985,PROD0056,2,4087.83,5,7766.88
ITEM0005954,ORD0002985,PROD0190,4,1254.49,5,4767.06
ITEM0005955,ORD0002985,PROD0092,3,12500.28,5,35625.8
ITEM0005956,ORD0002985,PROD0007,2,27829.19,5,52875.46
ITEM0005957,ORD0002986,PROD0053,4,5844.47,10,21040.09
ITEM0005958,ORD0002986,PROD0150,3,4265.82,10,11517.71
ITEM0005959,ORD0002986,PROD0132,1,1160.61,10,1044.55
ITEM0005960,ORD0002986,PROD0172,1,1025.46,10,922.91
ITEM0005961,ORD0002987,PROD0160,4,756.75,10,2724.3
ITEM0005962,ORD0002988,PROD0087,3,5742.05,0,17226.15
ITEM0005963,ORD0002988,PROD0158,3,1726.09,0,5178.27
ITEM0005964,ORD0002989,PROD0180,1,5434.17,0,5434.17
ITEM0005965,ORD0002989,PROD0066,3,2108.12,0,6324.36
ITEM0005966,ORD0002990,PROD0059,4,3047.56,0,12190.24
ITEM0005967,ORD0002991,PROD0175,2,6709.6,10,12077.28
ITEM0005968,ORD0002991,PROD0194,4,238.12,10,857.23
ITEM0005969,ORD0002992,PROD0017,4,8120.73,5,30858.77
ITEM0005970,ORD0002993,PROD0198,4,890.11,10,3204.4
ITEM0005971,ORD0002994,PROD0045,1,3914.99,0,3914.99
ITEM0005972,ORD0002994,PROD0119,1,2991.81,0,2991.81
ITEM0005973,ORD0002994,PROD0010,2,32892.86,0,65785.72
ITEM0005974,ORD0002994,PROD0196,1,783.44,0,783.44
ITEM0005975,ORD0002994,PROD0093,1,12429.79,0,12429.79
ITEM0005976,ORD0002995,PROD0106,3,478.86,0,1436.58
ITEM0005977,ORD0002995,PROD0045,3,3914.99,0,11744.97
ITEM0005978,ORD0002996,PROD0025,1,48796.51,0,48796.51
ITEM0005979,ORD0002997,PROD0093,1,12429.79,10,11186.81
ITEM0005980,ORD0002997,PROD0163,1,915.73,10,824.16
ITEM0005981,ORD0002998,PROD0082,4,2605.78,10,9380.81
ITEM0005982,ORD0002998,PROD0044,4,3912.72,10,14085.79
ITEM0005983,ORD0002999,PROD0158,2,1726.09,0,3452.18
ITEM0005984,ORD0003000,PROD0099,2,12519.55,15,21283.23
ITEM0005985,ORD0003000,PROD0050,2,4918.81,15,8361.98
ITEM0005986,ORD0003001,PROD0084,4,784.26,0,3137.04
ITEM0005987,ORD0003002,PROD0001,4,4321.28,0,17285.12
ITEM0005988,ORD0003003,PROD0149,2,3462.42,10,6232.36
ITEM0005989,ORD0003003,PROD0159,2,584.29,10,1051.72
ITEM0005990,ORD0003004,PROD0189,1,897.95,0,897.95
ITEM0005991,ORD0003004,PROD0142,3,497.1,0,1491.3
ITEM0005992,ORD0003004,PROD0022,1,13967,0,13967
ITEM0005993,ORD0003005,PROD0077,2,6124.52,10,11024.14
ITEM0005994,ORD0003005,PROD0193,1,628.8,10,565.92
ITEM0005995,ORD0003005,PROD0185,2,9871.56,10,17768.81
ITEM0005996,ORD0003005,PROD0032,3,38426.75,10,103752.22
ITEM0005997,ORD0003006,PROD0184,1,11703.06,0,11703.06
ITEM0005998,ORD0003007,PROD0106,4,478.86,15,1628.12
ITEM0005999,ORD0003008,PROD0056,4,4087.83,0,16351.32
ITEM0006000,ORD0003008,PROD0031,1,9586.34,0,9586.34
ITEM0006001,ORD0003008,PROD0014,4,7928.83,0,31715.32
ITEM0006002,ORD0003009,PROD0181,4,5765.01,10,20754.04
ITEM0006003,ORD0003009,PROD0049,2,567.72,10,1021.9
ITEM0006004,ORD0003010,PROD0115,1,11862.11,10,10675.9
ITEM0006005,ORD0003011,PROD0115,3,11862.11,20,28469.06
ITEM0006006,ORD0003012,PROD0168,3,3183.64,5,9073.37
ITEM0006007,ORD0003012,PROD0020,2,47540.26,5,90326.49
ITEM0006008,ORD0003012,PROD0023,1,1503.94,5,1428.74
ITEM0006009,ORD0003012,PROD0128,4,5930.45,5,22535.71
ITEM0006010,ORD0003012,PROD0154,4,1821.18,5,6920.48
ITEM0006011,ORD0003013,PROD0014,3,7928.83,5,22597.17
ITEM0006012,ORD0003013,PROD0189,3,897.95,5,2559.16
ITEM0006013,ORD0003014,PROD0116,1,4368.06,10,3931.25
ITEM0006014,ORD0003014,PROD0128,2,5930.45,10,10674.81
ITEM0006015,ORD0003014,PROD0179,1,11478.91,10,10331.02
ITEM0006016,ORD0003014,PROD0077,1,6124.52,10,5512.07
ITEM0006017,ORD0003015,PROD0160,4,756.75,15,2572.95
ITEM0006018,ORD0003015,PROD0147,2,3374.12,15,5736
ITEM0006019,ORD0003015,PROD0142,2,497.1,15,845.07
ITEM0006020,ORD0003015,PROD0195,1,437.39,15,371.78
ITEM0006021,ORD0003016,PROD0049,2,567.72,5,1078.67
ITEM0006022,ORD0003016,PROD0083,4,1974.27,5,7502.23
ITEM0006023,ORD0003017,PROD0028,1,74581.74,15,63394.48
ITEM0006024,ORD0003018,PROD0042,1,1233.59,0,1233.59
ITEM0006025,ORD0003018,PROD0091,3,10714.93,0,32144.79
ITEM0006026,ORD0003019,PROD0061,2,1507.1,0,3014.2
ITEM0006027,ORD0003020,PROD0061,3,1507.1,0,4521.3
ITEM0006028,ORD0003020,PROD0097,1,7278.34,0,7278.34
ITEM0006029,ORD0003021,PROD0083,3,1974.27,10,5330.53
ITEM0006030,ORD0003021,PROD0100,3,2072.2,10,5594.94
ITEM0006031,ORD0003021,PROD0014,4,7928.83,10,28543.79
ITEM0006032,ORD0003021,PROD0159,3,584.29,10,1577.58
ITEM0006033,ORD0003022,PROD0106,1,478.86,5,454.92
ITEM0006034,ORD0003023,PROD0103,1,2970.53,15,2524.95
ITEM0006035,ORD0003023,PROD0058,4,1179.58,15,4010.57
ITEM0006036,ORD0003024,PROD0119,4,2991.81,0,11967.24
ITEM0006037,ORD0003025,PROD0158,1,1726.09,5,1639.79
ITEM0006038,ORD0003026,PROD0169,4,3385.13,0,13540.52
ITEM0006039,ORD0003027,PROD0144,1,905.61,5,860.33
ITEM0006040,ORD0003027,PROD0067,1,7130.72,5,6774.18
ITEM0006041,ORD0003027,PROD0169,3,3385.13,5,9647.62
ITEM0006042,ORD0003027,PROD0179,1,11478.91,5,10904.96
ITEM0006043,ORD0003028,PROD0064,3,4156.77,10,11223.28
ITEM0006044,ORD0003028,PROD0060,2,3327.41,10,5989.34
ITEM0006045,ORD0003028,PROD0063,1,4348.36,10,3913.52
ITEM0006046,ORD0003028,PROD0039,1,66174.82,10,59557.34
ITEM0006047,ORD0003029,PROD0179,1,11478.91,10,10331.02
ITEM0006048,ORD0003029,PROD0189,1,897.95,10,808.16
ITEM0006049,ORD0003029,PROD0127,1,9556.44,10,8600.8
ITEM0006050,ORD0003030,PROD0005,2,40289.58,5,76550.2
ITEM0006051,ORD0003030,PROD0117,4,6437.22,5,24461.44
ITEM0006052,ORD0003031,PROD0147,3,3374.12,0,10122.36
ITEM0006053,ORD0003032,PROD0056,1,4087.83,15,3474.66
ITEM0006054,ORD0003033,PROD0020,1,47540.26,0,47540.26
ITEM0006055,ORD0003033,PROD0085,2,6089.41,0,12178.82
ITEM0006056,ORD0003034,PROD0109,2,6201.15,10,11162.07
ITEM0006057,ORD0003035,PROD0184,2,11703.06,0,23406.12
ITEM0006058,ORD0003036,PROD0053,2,5844.47,0,11688.94
ITEM0006059,ORD0003036,PROD0095,3,5158.31,0,15474.93
ITEM0006060,ORD0003037,PROD0023,1,1503.94,0,1503.94
ITEM0006061,ORD0003038,PROD0019,3,21504.79,15,54837.21
ITEM0006062,ORD0003038,PROD0043,1,5274.26,15,4483.12
ITEM0006063,ORD0003039,PROD0175,3,6709.6,0,20128.8
ITEM0006064,ORD0003039,PROD0198,4,890.11,0,3560.44
ITEM0006065,ORD0003040,PROD0068,3,827.32,0,2481.96
ITEM0006066,ORD0003040,PROD0046,4,6212.04,0,24848.16
ITEM0006067,ORD0003041,PROD0154,3,1821.18,20,4370.83
ITEM0006068,ORD0003041,PROD0049,1,567.72,20,454.18
ITEM0006069,ORD0003042,PROD0149,3,3462.42,20,8309.81
ITEM0006070,ORD0003043,PROD0017,1,8120.73,0,8120.73
ITEM0006071,ORD0003044,PROD0046,4,6212.04,0,24848.16
ITEM0006072,ORD0003045,PROD0083,4,1974.27,0,7897.08
ITEM0006073,ORD0003046,PROD0027,2,27299.16,20,43678.66
ITEM0006074,ORD0003047,PROD0032,2,38426.75,0,76853.5
ITEM0006075,ORD0003048,PROD0171,1,9896.61,5,9401.78
ITEM0006076,ORD0003048,PROD0079,2,3868.77,5,7350.66
ITEM0006077,ORD0003048,PROD0109,3,6201.15,5,17673.28
ITEM0006078,ORD0003049,PROD0050,2,4918.81,0,9837.62
ITEM0006079,ORD0003050,PROD0188,3,1318.66,15,3362.58
ITEM0006080,ORD0003050,PROD0186,1,1358.84,15,1155.01
ITEM0006081,ORD0003050,PROD0065,3,1921.1,15,4898.8
ITEM0006082,ORD0003051,PROD0027,3,27299.16,0,81897.48
ITEM0006083,ORD0003051,PROD0043,2,5274.26,0,10548.52
ITEM0006084,ORD0003051,PROD0065,1,1921.1,0,1921.1
ITEM0006085,ORD0003051,PROD0063,4,4348.36,0,17393.44
ITEM0006086,ORD0003052,PROD0149,1,3462.42,0,3462.42
ITEM0006087,ORD0003052,PROD0025,2,48796.51,0,97593.02
ITEM0006088,ORD0003052,PROD0012,4,33141.38,0,132565.52
ITEM0006089,ORD0003052,PROD0063,3,4348.36,0,13045.08
ITEM0006090,ORD0003053,PROD0090,4,859.29,10,3093.44
ITEM0006091,ORD0003053,PROD0177,4,5985.15,10,21546.54
ITEM0006092,ORD0003054,PROD0044,2,3912.72,10,7042.9
ITEM0006093,ORD0003054,PROD0067,2,7130.72,10,12835.3
ITEM0006094,ORD0003055,PROD0022,2,13967,5,26537.3
ITEM0006095,ORD0003055,PROD0075,3,2702.38,5,7701.78
ITEM0006096,ORD0003056,PROD0127,1,9556.44,0,9556.44
ITEM0006097,ORD0003056,PROD0071,2,3890.52,0,7781.04
ITEM0006098,ORD0003057,PROD0200,2,540.59,5,1027.12
ITEM0006099,ORD0003057,PROD0143,2,382.09,5,725.97
ITEM0006100,ORD0003057,PROD0155,3,3659.76,5,10430.32
ITEM0006101,ORD0003058,PROD0071,4,3890.52,5,14783.98
ITEM0006102,ORD0003059,PROD0114,4,12529.93,0,50119.72
ITEM0006103,ORD0003059,PROD0142,4,497.1,0,1988.4
ITEM0006104,ORD0003060,PROD0191,3,1435.77,10,3876.58
ITEM0006105,ORD0003060,PROD0145,3,3126.57,10,8441.74
ITEM0006106,ORD0003060,PROD0159,2,584.29,10,1051.72
ITEM0006107,ORD0003060,PROD0092,2,12500.28,10,22500.5
ITEM0006108,ORD0003061,PROD0130,4,3062.11,15,10411.17
ITEM0006109,ORD0003062,PROD0142,2,497.1,15,845.07
ITEM0006110,ORD0003062,PROD0025,3,48796.51,15,124431.1
ITEM0006111,ORD0003063,PROD0142,4,497.1,15,1690.14
ITEM0006112,ORD0003063,PROD0099,3,12519.55,15,31924.85
ITEM0006113,ORD0003064,PROD0109,3,6201.15,25,13952.59
ITEM0006114,ORD0003065,PROD0194,4,238.12,5,904.86
ITEM0006115,ORD0003066,PROD0037,1,56353.69,5,53536.01
ITEM0006116,ORD0003066,PROD0112,4,885.01,5,3363.04
ITEM0006117,ORD0003067,PROD0105,3,8086.41,0,24259.23
ITEM0006118,ORD0003068,PROD0052,4,5153.96,20,16492.67
ITEM0006119,ORD0003068,PROD0012,1,33141.38,20,26513.1
ITEM0006120,ORD0003069,PROD0059,2,3047.56,10,5485.61
ITEM0006121,ORD0003069,PROD0164,2,3543.37,10,6378.07
ITEM0006122,ORD0003069,PROD0197,2,490.98,10,883.76
ITEM0006123,ORD0003069,PROD0163,2,915.73,10,1648.31
ITEM0006124,ORD0003069,PROD0107,2,5093.26,10,9167.87
ITEM0006125,ORD0003070,PROD0200,1,540.59,0,540.59
ITEM0006126,ORD0003071,PROD0056,2,4087.83,25,6131.74
ITEM0006127,ORD0003071,PROD0081,1,3032.39,25,2274.29
ITEM0006128,ORD0003072,PROD0152,1,1817.42,15,1544.81
ITEM0006129,ORD0003073,PROD0020,3,47540.26,5,135489.74
ITEM0006130,ORD0003074,PROD0112,2,885.01,10,1593.02
ITEM0006131,ORD0003074,PROD0025,2,48796.51,10,87833.72
ITEM0006132,ORD0003074,PROD0192,1,867.73,10,780.96
ITEM0006133,ORD0003075,PROD0118,1,10931.14,20,8744.91
ITEM0006134,ORD0003075,PROD0010,1,32892.86,20,26314.29
ITEM0006135,ORD0003076,PROD0033,4,34304.44,15,116635.1
ITEM0006136,ORD0003077,PROD0173,1,8594.8,5,8165.06
ITEM0006137,ORD0003077,PROD0022,1,13967,5,13268.65
ITEM0006138,ORD0003078,PROD0029,3,50556.2,15,128918.31
ITEM0006139,ORD0003079,PROD0154,1,1821.18,0,1821.18
ITEM0006140,ORD0003080,PROD0076,4,1552.25,5,5898.55
ITEM0006141,ORD0003081,PROD0088,2,1045.29,0,2090.58
ITEM0006142,ORD0003081,PROD0028,4,74581.74,0,298326.96
ITEM0006143,ORD0003081,PROD0178,4,1834.02,0,7336.08
ITEM0006144,ORD0003082,PROD0010,2,32892.86,5,62496.43
ITEM0006145,ORD0003083,PROD0050,2,4918.81,5,9345.74
ITEM0006146,ORD0003084,PROD0030,4,745.3,15,2534.02
ITEM0006147,ORD0003084,PROD0022,3,13967,15,35615.85
ITEM0006148,ORD0003085,PROD0052,2,5153.96,10,9277.13
ITEM0006149,ORD0003086,PROD0163,2,915.73,0,1831.46
ITEM0006150,ORD0003086,PROD0138,1,1511.7,0,1511.7
ITEM0006151,ORD0003087,PROD0192,3,867.73,5,2473.03
ITEM0006152,ORD0003088,PROD0041,2,3166.8,0,6333.6
ITEM0006153,ORD0003088,PROD0104,3,12889.74,0,38669.22
ITEM0006154,ORD0003089,PROD0164,2,3543.37,15,6023.73
ITEM0006155,ORD0003089,PROD0105,3,8086.41,15,20620.35
ITEM0006156,ORD0003090,PROD0115,1,11862.11,0,11862.11
ITEM0006157,ORD0003090,PROD0151,1,350.77,0,350.77
ITEM0006158,ORD0003091,PROD0106,4,478.86,25,1436.58
ITEM0006159,ORD0003091,PROD0159,1,584.29,25,438.22
ITEM0006160,ORD0003092,PROD0142,3,497.1,5,1416.74
ITEM0006161,ORD0003093,PROD0184,4,11703.06,0,46812.24
ITEM0006162,ORD0003093,PROD0011,4,58607.44,0,234429.76
ITEM0006163,ORD0003094,PROD0166,2,8733.51,15,14846.97
ITEM0006164,ORD0003095,PROD0196,3,783.44,10,2115.29
ITEM0006165,ORD0003096,PROD0006,4,69356.89,0,277427.56
ITEM0006166,ORD0003096,PROD0107,3,5093.26,0,15279.78
ITEM0006167,ORD0003096,PROD0109,2,6201.15,0,12402.3
ITEM0006168,ORD0003097,PROD0087,4,5742.05,0,22968.2
ITEM0006169,ORD0003097,PROD0115,4,11862.11,0,47448.44
ITEM0006170,ORD0003097,PROD0077,2,6124.52,0,12249.04
ITEM0006171,ORD0003098,PROD0066,1,2108.12,0,2108.12
ITEM0006172,ORD0003098,PROD0123,3,9762.37,0,29287.11
ITEM0006173,ORD0003098,PROD0014,1,7928.83,0,7928.83
ITEM0006174,ORD0003098,PROD0130,2,3062.11,0,6124.22
ITEM0006175,ORD0003099,PROD0052,3,5153.96,0,15461.88
ITEM0006176,ORD0003099,PROD0091,2,10714.93,0,21429.86
ITEM0006177,ORD0003100,PROD0165,1,8926.78,10,8034.1
ITEM0006178,ORD0003100,PROD0071,3,3890.52,10,10504.4
ITEM0006179,ORD0003100,PROD0189,2,897.95,10,1616.31
ITEM0006180,ORD0003100,PROD0020,2,47540.26,10,85572.47
ITEM0006181,ORD0003101,PROD0156,2,366.5,0,733
ITEM0006182,ORD0003101,PROD0038,1,15904.21,0,15904.21
ITEM0006183,ORD0003101,PROD0135,2,1341.78,0,2683.56
ITEM0006184,ORD0003102,PROD0091,3,10714.93,0,32144.79
ITEM0006185,ORD0003102,PROD0114,2,12529.93,0,25059.86
ITEM0006186,ORD0003103,PROD0176,3,975.19,15,2486.73
ITEM0006187,ORD0003103,PROD0143,1,382.09,15,324.78
ITEM0006188,ORD0003104,PROD0100,3,2072.2,0,6216.6
ITEM0006189,ORD0003104,PROD0133,1,3562.22,0,3562.22
ITEM0006190,ORD0003104,PROD0146,4,4641.78,0,18567.12
ITEM0006191,ORD0003104,PROD0041,2,3166.8,0,6333.6
ITEM0006192,ORD0003105,PROD0013,4,40791.56,0,163166.24
ITEM0006193,ORD0003105,PROD0079,4,3868.77,0,15475.08
ITEM0006194,ORD0003106,PROD0195,3,437.39,0,1312.17
ITEM0006195,ORD0003107,PROD0199,4,1292.33,20,4135.46
ITEM0006196,ORD0003108,PROD0007,2,27829.19,0,55658.38
ITEM0006197,ORD0003108,PROD0054,4,7111.73,0,28446.92
ITEM0006198,ORD0003109,PROD0149,4,3462.42,10,12464.71
ITEM0006199,ORD0003110,PROD0174,3,3533.54,5,10070.59
ITEM0006200,ORD0003110,PROD0009,2,27237.58,5,51751.4
ITEM0006201,ORD0003110,PROD0051,1,5103.04,5,4847.89
ITEM0006202,ORD0003111,PROD0008,1,57369.56,0,57369.56
ITEM0006203,ORD0003112,PROD0119,4,2991.81,10,10770.52
ITEM0006204,ORD0003113,PROD0145,4,3126.57,0,12506.28
ITEM0006205,ORD0003114,PROD0045,2,3914.99,15,6655.48
ITEM0006206,ORD0003115,PROD0196,3,783.44,15,1997.77
ITEM0006207,ORD0003116,PROD0147,1,3374.12,0,3374.12
ITEM0006208,ORD0003117,PROD0048,2,3151.51,0,6303.02
ITEM0006209,ORD0003117,PROD0158,1,1726.09,0,1726.09
ITEM0006210,ORD0003118,PROD0135,3,1341.78,10,3622.81
ITEM0006211,ORD0003118,PROD0052,1,5153.96,10,4638.56
ITEM0006212,ORD0003119,PROD0114,3,12529.93,0,37589.79
ITEM0006213,ORD0003120,PROD0067,4,7130.72,20,22818.3
ITEM0006214,ORD0003121,PROD0065,2,1921.1,15,3265.87
ITEM0006215,ORD0003121,PROD0197,4,490.98,15,1669.33
ITEM0006216,ORD0003122,PROD0114,1,12529.93,0,12529.93
ITEM0006217,ORD0003123,PROD0178,2,1834.02,15,3117.83
ITEM0006218,ORD0003123,PROD0100,3,2072.2,15,5284.11
ITEM0006219,ORD0003124,PROD0119,1,2991.81,10,2692.63
ITEM0006220,ORD0003124,PROD0022,1,13967,10,12570.3
ITEM0006221,ORD0003124,PROD0045,2,3914.99,10,7046.98
ITEM0006222,ORD0003125,PROD0118,3,10931.14,15,27874.41
ITEM0006223,ORD0003126,PROD0085,4,6089.41,0,24357.64
ITEM0006224,ORD0003127,PROD0083,2,1974.27,0,3948.54
ITEM0006225,ORD0003127,PROD0196,3,783.44,0,2350.32
ITEM0006226,ORD0003127,PROD0185,4,9871.56,0,39486.24
ITEM0006227,ORD0003128,PROD0080,1,2405.82,0,2405.82
ITEM0006228,ORD0003129,PROD0157,1,1549.94,0,1549.94
ITEM0006229,ORD0003130,PROD0005,3,40289.58,0,120868.74
ITEM0006230,ORD0003130,PROD0023,2,1503.94,0,3007.88
ITEM0006231,ORD0003131,PROD0182,2,2159.96,0,4319.92
ITEM0006232,ORD0003132,PROD0177,3,5985.15,5,17057.68
ITEM0006233,ORD0003132,PROD0175,3,6709.6,5,19122.36
ITEM0006234,ORD0003133,PROD0073,1,346.89,0,346.89
ITEM0006235,ORD0003133,PROD0194,1,238.12,0,238.12
ITEM0006236,ORD0003134,PROD0135,2,1341.78,10,2415.2
ITEM0006237,ORD0003134,PROD0145,3,3126.57,10,8441.74
ITEM0006238,ORD0003135,PROD0105,2,8086.41,0,16172.82
ITEM0006239,ORD0003136,PROD0109,3,6201.15,10,16743.1
ITEM0006240,ORD0003136,PROD0162,2,1300.66,10,2341.19
ITEM0006241,ORD0003137,PROD0153,3,1769.3,10,4777.11
ITEM0006242,ORD0003138,PROD0088,1,1045.29,0,1045.29
ITEM0006243,ORD0003138,PROD0197,4,490.98,0,1963.92
ITEM0006244,ORD0003138,PROD0132,2,1160.61,0,2321.22
ITEM0006245,ORD0003139,PROD0059,3,3047.56,20,7314.14
ITEM0006246,ORD0003139,PROD0071,3,3890.52,20,9337.25
ITEM0006247,ORD0003139,PROD0168,4,3183.64,20,10187.65
ITEM0006248,ORD0003139,PROD0173,4,8594.8,20,27503.36
ITEM0006249,ORD0003140,PROD0043,3,5274.26,0,15822.78
ITEM0006250,ORD0003140,PROD0007,4,27829.19,0,111316.76
ITEM0006251,ORD0003140,PROD0147,2,3374.12,0,6748.24
ITEM0006252,ORD0003140,PROD0058,2,1179.58,0,2359.16
ITEM0006253,ORD0003141,PROD0181,4,5765.01,0,23060.04
ITEM0006254,ORD0003142,PROD0141,1,1560.51,15,1326.43
ITEM0006255,ORD0003142,PROD0149,3,3462.42,15,8829.17
ITEM0006256,ORD0003143,PROD0138,3,1511.7,15,3854.84
ITEM0006257,ORD0003144,PROD0075,2,2702.38,0,5404.76
ITEM0006258,ORD0003145,PROD0117,2,6437.22,0,12874.44
ITEM0006259,ORD0003145,PROD0035,3,24304.78,0,72914.34
ITEM0006260,ORD0003145,PROD0098,2,10950.31,0,21900.62
ITEM0006261,ORD0003146,PROD0180,3,5434.17,0,16302.51
ITEM0006262,ORD0003146,PROD0148,2,2543.16,0,5086.32
ITEM0006263,ORD0003146,PROD0121,1,389.01,0,389.01
ITEM0006264,ORD0003146,PROD0035,1,24304.78,0,24304.78
ITEM0006265,ORD0003146,PROD0174,1,3533.54,0,3533.54
ITEM0006266,ORD0003147,PROD0036,3,68871.11,15,175621.33
ITEM0006267,ORD0003148,PROD0061,2,1507.1,0,3014.2
ITEM0006268,ORD0003148,PROD0128,2,5930.45,0,11860.9
ITEM0006269,ORD0003148,PROD0108,2,8722.77,0,17445.54
ITEM0006270,ORD0003148,PROD0090,4,859.29,0,3437.16
ITEM0006271,ORD0003149,PROD0020,1,47540.26,0,47540.26
ITEM0006272,ORD0003149,PROD0135,2,1341.78,0,2683.56
ITEM0006273,ORD0003149,PROD0009,4,27237.58,0,108950.32
ITEM0006274,ORD0003150,PROD0083,3,1974.27,20,4738.25
ITEM0006275,ORD0003151,PROD0144,3,905.61,0,2716.83
ITEM0006276,ORD0003151,PROD0161,4,3119.91,0,12479.64
ITEM0006277,ORD0003152,PROD0064,2,4156.77,5,7897.86
ITEM0006278,ORD0003153,PROD0044,2,3912.72,0,7825.44
ITEM0006279,ORD0003153,PROD0015,2,67106.58,0,134213.16
ITEM0006280,ORD0003154,PROD0028,4,74581.74,5,283410.61
ITEM0006281,ORD0003154,PROD0004,2,25591.73,5,48624.29
ITEM0006282,ORD0003154,PROD0045,3,3914.99,5,11157.72
ITEM0006283,ORD0003154,PROD0092,4,12500.28,5,47501.06
ITEM0006284,ORD0003155,PROD0031,4,9586.34,0,38345.36
ITEM0006285,ORD0003155,PROD0153,2,1769.3,0,3538.6
ITEM0006286,ORD0003156,PROD0100,4,2072.2,0,8288.8
ITEM0006287,ORD0003156,PROD0087,2,5742.05,0,11484.1
ITEM0006288,ORD0003156,PROD0058,2,1179.58,0,2359.16
ITEM0006289,ORD0003156,PROD0013,1,40791.56,0,40791.56
ITEM0006290,ORD0003157,PROD0114,1,12529.93,0,12529.93
ITEM0006291,ORD0003158,PROD0015,1,67106.58,25,50329.94
ITEM0006292,ORD0003159,PROD0013,1,40791.56,5,38751.98
ITEM0006293,ORD0003159,PROD0026,1,40491.32,5,38466.75
ITEM0006294,ORD0003160,PROD0088,2,1045.29,0,2090.58
ITEM0006295,ORD0003161,PROD0183,2,4402.38,25,6603.57
ITEM0006296,ORD0003161,PROD0008,4,57369.56,25,172108.68
ITEM0006297,ORD0003162,PROD0070,4,1576.87,15,5361.36
ITEM0006298,ORD0003162,PROD0064,3,4156.77,15,10599.76
ITEM0006299,ORD0003163,PROD0013,4,40791.56,0,163166.24
ITEM0006300,ORD0003163,PROD0164,4,3543.37,0,14173.48
ITEM0006301,ORD0003164,PROD0161,3,3119.91,10,8423.76
ITEM0006302,ORD0003164,PROD0049,2,567.72,10,1021.9
ITEM0006303,ORD0003164,PROD0197,4,490.98,10,1767.53
ITEM0006304,ORD0003164,PROD0050,1,4918.81,10,4426.93
ITEM0006305,ORD0003164,PROD0153,1,1769.3,10,1592.37
ITEM0006306,ORD0003165,PROD0182,2,2159.96,0,4319.92
ITEM0006307,ORD0003166,PROD0085,4,6089.41,20,19486.11
ITEM0006308,ORD0003167,PROD0163,2,915.73,0,1831.46
ITEM0006309,ORD0003167,PROD0001,4,4321.28,0,17285.12
ITEM0006310,ORD0003167,PROD0164,2,3543.37,0,7086.74
ITEM0006311,ORD0003168,PROD0155,4,3659.76,10,13175.14
ITEM0006312,ORD0003169,PROD0184,4,11703.06,0,46812.24
ITEM0006313,ORD0003170,PROD0112,2,885.01,0,1770.02
ITEM0006314,ORD0003170,PROD0076,2,1552.25,0,3104.5
ITEM0006315,ORD0003171,PROD0091,2,10714.93,5,20358.37
ITEM0006316,ORD0003171,PROD0182,2,2159.96,5,4103.92
ITEM0006317,ORD0003171,PROD0179,4,11478.91,5,43619.86
ITEM0006318,ORD0003172,PROD0034,4,50492.99,15,171676.17
ITEM0006319,ORD0003172,PROD0180,4,5434.17,15,18476.18
ITEM0006320,ORD0003172,PROD0079,3,3868.77,15,9865.36
ITEM0006321,ORD0003172,PROD0061,1,1507.1,15,1281.03
ITEM0006322,ORD0003173,PROD0184,3,11703.06,0,35109.18
ITEM0006323,ORD0003174,PROD0035,3,24304.78,10,65622.91
ITEM0006324,ORD0003174,PROD0002,4,50293.82,10,181057.75
ITEM0006325,ORD0003175,PROD0182,2,2159.96,5,4103.92
ITEM0006326,ORD0003176,PROD0048,4,3151.51,20,10084.83
ITEM0006327,ORD0003177,PROD0105,2,8086.41,20,12938.26
ITEM0006328,ORD0003178,PROD0030,4,745.3,5,2832.14
ITEM0006329,ORD0003178,PROD0065,4,1921.1,5,7300.18
ITEM0006330,ORD0003178,PROD0101,4,1007.74,5,3829.41
ITEM0006331,ORD0003179,PROD0001,2,4321.28,20,6914.05
ITEM0006332,ORD0003179,PROD0180,2,5434.17,20,8694.67
ITEM0006333,ORD0003180,PROD0146,1,4641.78,10,4177.6
ITEM0006334,ORD0003181,PROD0166,1,8733.51,5,8296.83
ITEM0006335,ORD0003181,PROD0173,4,8594.8,5,32660.24
ITEM0006336,ORD0003182,PROD0010,3,32892.86,0,98678.58
ITEM0006337,ORD0003183,PROD0176,4,975.19,15,3315.65
ITEM0006338,ORD0003183,PROD0113,1,8226.58,15,6992.59
ITEM0006339,ORD0003184,PROD0038,3,15904.21,0,47712.63
ITEM0006340,ORD0003185,PROD0003,2,49712.42,0,99424.84
ITEM0006341,ORD0003185,PROD0168,4,3183.64,0,12734.56
ITEM0006342,ORD0003186,PROD0043,4,5274.26,10,18987.34
ITEM0006343,ORD0003187,PROD0087,3,5742.05,25,12919.61
ITEM0006344,ORD0003187,PROD0056,3,4087.83,25,9197.62
ITEM0006345,ORD0003188,PROD0007,1,27829.19,20,22263.35
ITEM0006346,ORD0003189,PROD0159,4,584.29,20,1869.73
ITEM0006347,ORD0003190,PROD0070,3,1576.87,0,4730.61
ITEM0006348,ORD0003190,PROD0184,2,11703.06,0,23406.12
ITEM0006349,ORD0003191,PROD0178,2,1834.02,20,2934.43
ITEM0006350,ORD0003191,PROD0165,3,8926.78,20,21424.27
ITEM0006351,ORD0003192,PROD0055,3,3434.95,0,10304.85
ITEM0006352,ORD0003192,PROD0079,2,3868.77,0,7737.54
ITEM0006353,ORD0003193,PROD0149,2,3462.42,0,6924.84
ITEM0006354,ORD0003194,PROD0020,2,47540.26,5,90326.49
ITEM0006355,ORD0003195,PROD0177,4,5985.15,5,22743.57
ITEM0006356,ORD0003196,PROD0128,4,5930.45,0,23721.8
ITEM0006357,ORD0003197,PROD0018,2,43707.38,10,78673.28
ITEM0006358,ORD0003197,PROD0085,2,6089.41,10,10960.94
ITEM0006359,ORD0003198,PROD0159,3,584.29,0,1752.87
ITEM0006360,ORD0003198,PROD0182,3,2159.96,0,6479.88
ITEM0006361,ORD0003199,PROD0114,4,12529.93,20,40095.78
ITEM0006362,ORD0003199,PROD0039,4,66174.82,20,211759.42
ITEM0006363,ORD0003199,PROD0070,3,1576.87,20,3784.49
ITEM0006364,ORD0003200,PROD0036,4,68871.11,0,275484.44
ITEM0006365,ORD0003200,PROD0188,2,1318.66,0,2637.32
ITEM0006366,ORD0003200,PROD0151,4,350.77,0,1403.08
ITEM0006367,ORD0003201,PROD0019,2,21504.79,20,34407.66
ITEM0006368,ORD0003202,PROD0022,2,13967,0,27934
ITEM0006369,ORD0003202,PROD0186,3,1358.84,0,4076.52
ITEM0006370,ORD0003202,PROD0054,3,7111.73,0,21335.19
ITEM0006371,ORD0003203,PROD0015,2,67106.58,5,127502.5
ITEM0006372,ORD0003203,PROD0060,1,3327.41,5,3161.04
ITEM0006373,ORD0003203,PROD0029,3,50556.2,5,144085.17
ITEM0006374,ORD0003203,PROD0037,4,56353.69,5,214144.02
ITEM0006375,ORD0003203,PROD0039,4,66174.82,5,251464.32
ITEM0006376,ORD0003204,PROD0173,1,8594.8,5,8165.06
ITEM0006377,ORD0003204,PROD0091,1,10714.93,5,10179.18
ITEM0006378,ORD0003205,PROD0020,2,47540.26,0,95080.52
ITEM0006379,ORD0003206,PROD0177,1,5985.15,0,5985.15
ITEM0006380,ORD0003207,PROD0182,3,2159.96,0,6479.88
ITEM0006381,ORD0003207,PROD0197,1,490.98,0,490.98
ITEM0006382,ORD0003207,PROD0064,4,4156.77,0,16627.08
ITEM0006383,ORD0003207,PROD0006,4,69356.89,0,277427.56
ITEM0006384,ORD0003208,PROD0057,2,742.06,0,1484.12
ITEM0006385,ORD0003208,PROD0177,1,5985.15,0,5985.15
ITEM0006386,ORD0003208,PROD0012,2,33141.38,0,66282.76
ITEM0006387,ORD0003208,PROD0055,1,3434.95,0,3434.95
ITEM0006388,ORD0003209,PROD0078,3,3466.82,5,9880.44
ITEM0006389,ORD0003210,PROD0133,3,3562.22,20,8549.33
ITEM0006390,ORD0003210,PROD0065,1,1921.1,20,1536.88
ITEM0006391,ORD0003210,PROD0136,4,2648.04,20,8473.73
ITEM0006392,ORD0003211,PROD0178,3,1834.02,0,5502.06
ITEM0006393,ORD0003211,PROD0095,3,5158.31,0,15474.93
ITEM0006394,ORD0003211,PROD0149,2,3462.42,0,6924.84
ITEM0006395,ORD0003212,PROD0062,1,1138.67,10,1024.8
ITEM0006396,ORD0003213,PROD0157,1,1549.94,25,1162.46
ITEM0006397,ORD0003214,PROD0130,4,3062.11,5,11636.02
ITEM0006398,ORD0003214,PROD0044,2,3912.72,5,7434.17
ITEM0006399,ORD0003215,PROD0006,4,69356.89,25,208070.67
ITEM0006400,ORD0003215,PROD0032,4,38426.75,25,115280.25
ITEM0006401,ORD0003215,PROD0046,1,6212.04,25,4659.03
ITEM0006402,ORD0003215,PROD0129,4,838.52,25,2515.56
ITEM0006403,ORD0003215,PROD0173,4,8594.8,25,25784.4
ITEM0006404,ORD0003216,PROD0078,2,3466.82,0,6933.64
ITEM0006405,ORD0003216,PROD0111,3,4186.75,0,12560.25
ITEM0006406,ORD0003217,PROD0192,1,867.73,25,650.8
ITEM0006407,ORD0003218,PROD0114,2,12529.93,10,22553.87
ITEM0006408,ORD0003218,PROD0115,2,11862.11,10,21351.8
ITEM0006409,ORD0003219,PROD0180,3,5434.17,0,16302.51
ITEM0006410,ORD0003219,PROD0175,4,6709.6,0,26838.4
ITEM0006411,ORD0003219,PROD0061,1,1507.1,0,1507.1
ITEM0006412,ORD0003220,PROD0093,3,12429.79,0,37289.37
ITEM0006413,ORD0003220,PROD0130,3,3062.11,0,9186.33
ITEM0006414,ORD0003220,PROD0152,3,1817.42,0,5452.26
ITEM0006415,ORD0003221,PROD0179,2,11478.91,5,21809.93
ITEM0006416,ORD0003222,PROD0001,1,4321.28,10,3889.15
ITEM0006417,ORD0003222,PROD0183,4,4402.38,10,15848.57
ITEM0006418,ORD0003222,PROD0025,2,48796.51,10,87833.72
ITEM0006419,ORD0003223,PROD0119,4,2991.81,0,11967.24
ITEM0006420,ORD0003224,PROD0132,4,1160.61,25,3481.83
ITEM0006421,ORD0003224,PROD0077,3,6124.52,25,13780.17
ITEM0006422,ORD0003224,PROD0147,1,3374.12,25,2530.59
ITEM0006423,ORD0003225,PROD0148,1,2543.16,0,2543.16
ITEM0006424,ORD0003226,PROD0137,2,782.23,15,1329.79
ITEM0006425,ORD0003227,PROD0104,4,12889.74,10,46403.06
ITEM0006426,ORD0003227,PROD0158,4,1726.09,10,6213.92
ITEM0006427,ORD0003227,PROD0096,2,11526.42,10,20747.56
ITEM0006428,ORD0003227,PROD0029,1,50556.2,10,45500.58
ITEM0006429,ORD0003228,PROD0058,4,1179.58,5,4482.4
ITEM0006430,ORD0003229,PROD0077,3,6124.52,5,17454.88
ITEM0006431,ORD0003229,PROD0177,3,5985.15,5,17057.68
ITEM0006432,ORD0003229,PROD0154,3,1821.18,5,5190.36
ITEM0006433,ORD0003230,PROD0164,4,3543.37,10,12756.13
ITEM0006434,ORD0003230,PROD0094,1,8217.48,10,7395.73
ITEM0006435,ORD0003231,PROD0048,3,3151.51,5,8981.8
ITEM0006436,ORD0003232,PROD0034,4,50492.99,0,201971.96
ITEM0006437,ORD0003232,PROD0060,1,3327.41,0,3327.41
ITEM0006438,ORD0003233,PROD0127,4,9556.44,10,34403.18
ITEM0006439,ORD0003234,PROD0145,3,3126.57,0,9379.71
ITEM0006440,ORD0003235,PROD0027,3,27299.16,5,77802.61
ITEM0006441,ORD0003236,PROD0018,3,43707.38,5,124566.03
ITEM0006442,ORD0003236,PROD0032,1,38426.75,5,36505.41
ITEM0006443,ORD0003237,PROD0001,1,4321.28,20,3457.02
ITEM0006444,ORD0003238,PROD0116,3,4368.06,0,13104.18
ITEM0006445,ORD0003239,PROD0060,3,3327.41,5,9483.12
ITEM0006446,ORD0003239,PROD0128,2,5930.45,5,11267.86
ITEM0006447,ORD0003240,PROD0109,4,6201.15,0,24804.6
ITEM0006448,ORD0003240,PROD0118,4,10931.14,0,43724.56
ITEM0006449,ORD0003240,PROD0199,1,1292.33,0,1292.33
ITEM0006450,ORD0003240,PROD0091,3,10714.93,0,32144.79
ITEM0006451,ORD0003241,PROD0032,4,38426.75,5,146021.65
ITEM0006452,ORD0003242,PROD0078,1,3466.82,15,2946.8
ITEM0006453,ORD0003243,PROD0058,3,1179.58,25,2654.06
ITEM0006454,ORD0003243,PROD0136,4,2648.04,25,7944.12
ITEM0006455,ORD0003243,PROD0076,3,1552.25,25,3492.56
ITEM0006456,ORD0003244,PROD0016,3,43331.31,0,129993.93
ITEM0006457,ORD0003245,PROD0090,3,859.29,0,2577.87
ITEM0006458,ORD0003245,PROD0097,4,7278.34,0,29113.36
ITEM0006459,ORD0003246,PROD0002,3,50293.82,10,135793.31
ITEM0006460,ORD0003246,PROD0185,1,9871.56,10,8884.4
ITEM0006461,ORD0003247,PROD0155,1,3659.76,5,3476.77
ITEM0006462,ORD0003247,PROD0192,1,867.73,5,824.34
ITEM0006463,ORD0003248,PROD0077,2,6124.52,0,12249.04
ITEM0006464,ORD0003248,PROD0111,4,4186.75,0,16747
ITEM0006465,ORD0003248,PROD0028,3,74581.74,0,223745.22
ITEM0006466,ORD0003249,PROD0059,3,3047.56,0,9142.68
ITEM0006467,ORD0003250,PROD0060,1,3327.41,0,3327.41
ITEM0006468,ORD0003251,PROD0133,2,3562.22,5,6768.22
ITEM0006469,ORD0003251,PROD0017,2,8120.73,5,15429.39
ITEM0006470,ORD0003252,PROD0077,1,6124.52,0,6124.52
ITEM0006471,ORD0003253,PROD0096,1,11526.42,15,9797.46
ITEM0006472,ORD0003253,PROD0073,2,346.89,15,589.71
ITEM0006473,ORD0003253,PROD0012,4,33141.38,15,112680.69
ITEM0006474,ORD0003254,PROD0154,1,1821.18,0,1821.18
ITEM0006475,ORD0003254,PROD0082,1,2605.78,0,2605.78
ITEM0006476,ORD0003254,PROD0107,2,5093.26,0,10186.52
ITEM0006477,ORD0003254,PROD0123,1,9762.37,0,9762.37
ITEM0006478,ORD0003255,PROD0043,2,5274.26,0,10548.52
ITEM0006479,ORD0003256,PROD0169,3,3385.13,0,10155.39
ITEM0006480,ORD0003256,PROD0150,3,4265.82,0,12797.46
ITEM0006481,ORD0003257,PROD0029,1,50556.2,5,48028.39
ITEM0006482,ORD0003257,PROD0192,1,867.73,5,824.34
ITEM0006483,ORD0003258,PROD0141,2,1560.51,20,2496.82
ITEM0006484,ORD0003259,PROD0018,3,43707.38,0,131122.14
ITEM0006485,ORD0003259,PROD0065,1,1921.1,0,1921.1
ITEM0006486,ORD0003259,PROD0009,3,27237.58,0,81712.74
ITEM0006487,ORD0003259,PROD0189,4,897.95,0,3591.8
ITEM0006488,ORD0003259,PROD0144,4,905.61,0,3622.44
ITEM0006489,ORD0003260,PROD0024,1,57909.18,5,55013.72
ITEM0006490,ORD0003261,PROD0181,2,5765.01,20,9224.02
ITEM0006491,ORD0003261,PROD0155,1,3659.76,20,2927.81
ITEM0006492,ORD0003262,PROD0197,2,490.98,0,981.96
ITEM0006493,ORD0003262,PROD0029,4,50556.2,0,202224.8
ITEM0006494,ORD0003263,PROD0005,2,40289.58,10,72521.24
ITEM0006495,ORD0003263,PROD0148,3,2543.16,10,6866.53
ITEM0006496,ORD0003263,PROD0136,3,2648.04,10,7149.71
ITEM0006497,ORD0003264,PROD0085,3,6089.41,15,15528
ITEM0006498,ORD0003265,PROD0133,3,3562.22,0,10686.66
ITEM0006499,ORD0003266,PROD0004,3,25591.73,25,57581.39
ITEM0006500,ORD0003266,PROD0198,3,890.11,25,2002.75
ITEM0006501,ORD0003267,PROD0002,4,50293.82,20,160940.22
ITEM0006502,ORD0003267,PROD0015,3,67106.58,20,161055.79
ITEM0006503,ORD0003267,PROD0176,1,975.19,20,780.15
ITEM0006504,ORD0003267,PROD0062,1,1138.67,20,910.94
ITEM0006505,ORD0003268,PROD0096,2,11526.42,0,23052.84
ITEM0006506,ORD0003268,PROD0019,4,21504.79,0,86019.16
ITEM0006507,ORD0003269,PROD0195,3,437.39,20,1049.74
ITEM0006508,ORD0003270,PROD0016,4,43331.31,0,173325.24
ITEM0006509,ORD0003271,PROD0035,1,24304.78,20,19443.82
ITEM0006510,ORD0003271,PROD0142,2,497.1,20,795.36
ITEM0006511,ORD0003271,PROD0036,4,68871.11,20,220387.55
ITEM0006512,ORD0003271,PROD0061,3,1507.1,20,3617.04
ITEM0006513,ORD0003272,PROD0001,2,4321.28,0,8642.56
ITEM0006514,ORD0003272,PROD0037,3,56353.69,0,169061.07
ITEM0006515,ORD0003272,PROD0104,3,12889.74,0,38669.22
ITEM0006516,ORD0003272,PROD0041,1,3166.8,0,3166.8
ITEM0006517,ORD0003273,PROD0014,2,7928.83,20,12686.13
ITEM0006518,ORD0003274,PROD0111,2,4186.75,20,6698.8
ITEM0006519,ORD0003274,PROD0163,4,915.73,20,2930.34
ITEM0006520,ORD0003275,PROD0067,2,7130.72,0,14261.44
ITEM0006521,ORD0003276,PROD0026,4,40491.32,20,129572.22
ITEM0006522,ORD0003276,PROD0056,3,4087.83,20,9810.79
ITEM0006523,ORD0003276,PROD0163,2,915.73,20,1465.17
ITEM0006524,ORD0003276,PROD0084,4,784.26,20,2509.63
ITEM0006525,ORD0003276,PROD0015,4,67106.58,20,214741.06
ITEM0006526,ORD0003277,PROD0176,1,975.19,15,828.91
ITEM0006527,ORD0003278,PROD0060,1,3327.41,0,3327.41
ITEM0006528,ORD0003279,PROD0087,4,5742.05,0,22968.2
ITEM0006529,ORD0003279,PROD0127,1,9556.44,0,9556.44
ITEM0006530,ORD0003279,PROD0018,2,43707.38,0,87414.76
ITEM0006531,ORD0003280,PROD0156,1,366.5,0,366.5
ITEM0006532,ORD0003281,PROD0081,2,3032.39,10,5458.3
ITEM0006533,ORD0003281,PROD0100,2,2072.2,10,3729.96
ITEM0006534,ORD0003282,PROD0048,1,3151.51,15,2678.78
ITEM0006535,ORD0003282,PROD0142,2,497.1,15,845.07
ITEM0006536,ORD0003283,PROD0173,1,8594.8,0,8594.8
ITEM0006537,ORD0003283,PROD0197,2,490.98,0,981.96
ITEM0006538,ORD0003284,PROD0039,3,66174.82,10,178672.01
ITEM0006539,ORD0003284,PROD0165,4,8926.78,10,32136.41
ITEM0006540,ORD0003285,PROD0195,2,437.39,0,874.78
ITEM0006541,ORD0003286,PROD0020,4,47540.26,0,190161.04
ITEM0006542,ORD0003287,PROD0006,1,69356.89,0,69356.89
ITEM0006543,ORD0003287,PROD0132,3,1160.61,0,3481.83
ITEM0006544,ORD0003288,PROD0046,2,6212.04,0,12424.08
ITEM0006545,ORD0003288,PROD0119,2,2991.81,0,5983.62
ITEM0006546,ORD0003288,PROD0060,1,3327.41,0,3327.41
ITEM0006547,ORD0003289,PROD0115,2,11862.11,5,22538.01
ITEM0006548,ORD0003289,PROD0143,1,382.09,5,362.99
ITEM0006549,ORD0003290,PROD0070,3,1576.87,0,4730.61
ITEM0006550,ORD0003290,PROD0031,4,9586.34,0,38345.36
ITEM0006551,ORD0003290,PROD0072,2,1395.26,0,2790.52
ITEM0006552,ORD0003290,PROD0099,2,12519.55,0,25039.1
ITEM0006553,ORD0003290,PROD0184,1,11703.06,0,11703.06
ITEM0006554,ORD0003291,PROD0101,1,1007.74,0,1007.74
ITEM0006555,ORD0003292,PROD0154,3,1821.18,0,5463.54
ITEM0006556,ORD0003292,PROD0014,3,7928.83,0,23786.49
ITEM0006557,ORD0003293,PROD0165,2,8926.78,0,17853.56
ITEM0006558,ORD0003293,PROD0115,3,11862.11,0,35586.33
ITEM0006559,ORD0003294,PROD0082,3,2605.78,20,6253.87
ITEM0006560,ORD0003294,PROD0095,4,5158.31,20,16506.59
ITEM0006561,ORD0003295,PROD0116,2,4368.06,0,8736.12
ITEM0006562,ORD0003296,PROD0136,4,2648.04,15,9003.34
ITEM0006563,ORD0003297,PROD0057,3,742.06,10,2003.56
ITEM0006564,ORD0003297,PROD0144,4,905.61,10,3260.2
ITEM0006565,ORD0003298,PROD0009,4,27237.58,10,98055.29
ITEM0006566,ORD0003299,PROD0092,2,12500.28,20,20000.45
ITEM0006567,ORD0003299,PROD0136,2,2648.04,20,4236.86
ITEM0006568,ORD0003299,PROD0142,2,497.1,20,795.36
ITEM0006569,ORD0003300,PROD0148,1,2543.16,10,2288.84
ITEM0006570,ORD0003301,PROD0192,1,867.73,0,867.73
ITEM0006571,ORD0003301,PROD0174,2,3533.54,0,7067.08
ITEM0006572,ORD0003301,PROD0076,1,1552.25,0,1552.25
ITEM0006573,ORD0003301,PROD0194,1,238.12,0,238.12
ITEM0006574,ORD0003302,PROD0020,2,47540.26,0,95080.52
ITEM0006575,ORD0003302,PROD0136,3,2648.04,0,7944.12
ITEM0006576,ORD0003302,PROD0135,4,1341.78,0,5367.12
ITEM0006577,ORD0003302,PROD0165,4,8926.78,0,35707.12
ITEM0006578,ORD0003302,PROD0157,4,1549.94,0,6199.76
ITEM0006579,ORD0003303,PROD0033,3,34304.44,15,87476.32
ITEM0006580,ORD0003304,PROD0197,1,490.98,0,490.98
ITEM0006581,ORD0003304,PROD0173,2,8594.8,0,17189.6
ITEM0006582,ORD0003305,PROD0015,3,67106.58,0,201319.74
ITEM0006583,ORD0003306,PROD0014,1,7928.83,15,6739.51
ITEM0006584,ORD0003306,PROD0116,4,4368.06,15,14851.4
ITEM0006585,ORD0003307,PROD0056,2,4087.83,25,6131.74
ITEM0006586,ORD0003308,PROD0058,2,1179.58,10,2123.24
ITEM0006587,ORD0003308,PROD0012,2,33141.38,10,59654.48
ITEM0006588,ORD0003309,PROD0194,4,238.12,5,904.86
ITEM0006589,ORD0003310,PROD0023,4,1503.94,0,6015.76
ITEM0006590,ORD0003311,PROD0053,1,5844.47,20,4675.58
ITEM0006591,ORD0003312,PROD0104,1,12889.74,5,12245.25
ITEM0006592,ORD0003312,PROD0028,2,74581.74,5,141705.31
ITEM0006593,ORD0003312,PROD0193,1,628.8,5,597.36
ITEM0006594,ORD0003313,PROD0096,3,11526.42,0,34579.26
ITEM0006595,ORD0003314,PROD0181,1,5765.01,5,5476.76
ITEM0006596,ORD0003314,PROD0096,1,11526.42,5,10950.1
ITEM0006597,ORD0003315,PROD0028,2,74581.74,5,141705.31
ITEM0006598,ORD0003316,PROD0060,3,3327.41,10,8984.01
ITEM0006599,ORD0003317,PROD0001,2,4321.28,15,7346.18
ITEM0006600,ORD0003317,PROD0138,2,1511.7,15,2569.89
ITEM0006601,ORD0003318,PROD0105,4,8086.41,0,32345.64
ITEM0006602,ORD0003318,PROD0049,4,567.72,0,2270.88
ITEM0006603,ORD0003319,PROD0133,4,3562.22,25,10686.66
ITEM0006604,ORD0003319,PROD0062,1,1138.67,25,854
ITEM0006605,ORD0003319,PROD0163,2,915.73,25,1373.6
ITEM0006606,ORD0003320,PROD0107,4,5093.26,5,19354.39
ITEM0006607,ORD0003321,PROD0061,1,1507.1,0,1507.1
ITEM0006608,ORD0003322,PROD0092,1,12500.28,10,11250.25
ITEM0006609,ORD0003322,PROD0090,3,859.29,10,2320.08
ITEM0006610,ORD0003322,PROD0185,3,9871.56,10,26653.21
ITEM0006611,ORD0003323,PROD0141,2,1560.51,15,2652.87
ITEM0006612,ORD0003324,PROD0083,2,1974.27,15,3356.26
ITEM0006613,ORD0003324,PROD0099,2,12519.55,15,21283.23
ITEM0006614,ORD0003325,PROD0200,4,540.59,5,2054.24
ITEM0006615,ORD0003325,PROD0072,4,1395.26,5,5301.99
ITEM0006616,ORD0003326,PROD0145,2,3126.57,10,5627.83
ITEM0006617,ORD0003327,PROD0193,1,628.8,0,628.8
ITEM0006618,ORD0003327,PROD0014,3,7928.83,0,23786.49
ITEM0006619,ORD0003327,PROD0041,3,3166.8,0,9500.4
ITEM0006620,ORD0003327,PROD0035,2,24304.78,0,48609.56
ITEM0006621,ORD0003327,PROD0161,4,3119.91,0,12479.64
ITEM0006622,ORD0003328,PROD0155,4,3659.76,0,14639.04
ITEM0006623,ORD0003328,PROD0148,4,2543.16,0,10172.64
ITEM0006624,ORD0003328,PROD0040,2,63017.33,0,126034.66
ITEM0006625,ORD0003329,PROD0135,2,1341.78,5,2549.38
ITEM0006626,ORD0003330,PROD0117,1,6437.22,15,5471.64
ITEM0006627,ORD0003330,PROD0084,1,784.26,15,666.62
ITEM0006628,ORD0003331,PROD0002,1,50293.82,5,47779.13
ITEM0006629,ORD0003332,PROD0075,3,2702.38,5,7701.78
ITEM0006630,ORD0003333,PROD0192,4,867.73,10,3123.83
ITEM0006631,ORD0003333,PROD0190,3,1254.49,10,3387.12
ITEM0006632,ORD0003333,PROD0095,1,5158.31,10,4642.48
ITEM0006633,ORD0003334,PROD0058,3,1179.58,5,3361.8
ITEM0006634,ORD0003335,PROD0011,1,58607.44,0,58607.44
ITEM0006635,ORD0003335,PROD0062,3,1138.67,0,3416.01
ITEM0006636,ORD0003336,PROD0038,3,15904.21,5,45327
ITEM0006637,ORD0003336,PROD0116,4,4368.06,5,16598.63
ITEM0006638,ORD0003337,PROD0083,3,1974.27,5,5626.67
ITEM0006639,ORD0003337,PROD0080,3,2405.82,5,6856.59
ITEM0006640,ORD0003338,PROD0180,4,5434.17,10,19563.01
ITEM0006641,ORD0003339,PROD0015,2,67106.58,0,134213.16
ITEM0006642,ORD0003340,PROD0002,4,50293.82,20,160940.22
ITEM0006643,ORD0003340,PROD0018,2,43707.38,20,69931.81
ITEM0006644,ORD0003340,PROD0189,4,897.95,20,2873.44
ITEM0006645,ORD0003341,PROD0045,3,3914.99,5,11157.72
ITEM0006646,ORD0003341,PROD0135,1,1341.78,5,1274.69
ITEM0006647,ORD0003342,PROD0060,2,3327.41,0,6654.82
ITEM0006648,ORD0003343,PROD0038,3,15904.21,5,45327
ITEM0006649,ORD0003343,PROD0169,4,3385.13,5,12863.49
ITEM0006650,ORD0003343,PROD0044,3,3912.72,5,11151.25
ITEM0006651,ORD0003344,PROD0053,3,5844.47,0,17533.41
ITEM0006652,ORD0003345,PROD0155,1,3659.76,0,3659.76
ITEM0006653,ORD0003345,PROD0165,3,8926.78,0,26780.34
ITEM0006654,ORD0003346,PROD0044,4,3912.72,0,15650.88
ITEM0006655,ORD0003346,PROD0090,4,859.29,0,3437.16
ITEM0006656,ORD0003347,PROD0004,3,25591.73,0,76775.19
ITEM0006657,ORD0003348,PROD0144,2,905.61,0,1811.22
ITEM0006658,ORD0003348,PROD0014,1,7928.83,0,7928.83
ITEM0006659,ORD0003348,PROD0034,2,50492.99,0,100985.98
ITEM0006660,ORD0003348,PROD0007,3,27829.19,0,83487.57
ITEM0006661,ORD0003349,PROD0066,1,2108.12,10,1897.31
ITEM0006662,ORD0003350,PROD0084,1,784.26,0,784.26
ITEM0006663,ORD0003350,PROD0022,3,13967,0,41901
ITEM0006664,ORD0003350,PROD0165,2,8926.78,0,17853.56
ITEM0006665,ORD0003351,PROD0128,3,5930.45,10,16012.21
ITEM0006666,ORD0003352,PROD0151,1,350.77,0,350.77
ITEM0006667,ORD0003353,PROD0175,1,6709.6,15,5703.16
ITEM0006668,ORD0003354,PROD0096,1,11526.42,0,11526.42
ITEM0006669,ORD0003354,PROD0019,1,21504.79,0,21504.79
ITEM0006670,ORD0003355,PROD0096,3,11526.42,0,34579.26
ITEM0006671,ORD0003356,PROD0145,3,3126.57,10,8441.74
ITEM0006672,ORD0003357,PROD0181,1,5765.01,10,5188.51
ITEM0006673,ORD0003357,PROD0026,2,40491.32,10,72884.38
ITEM0006674,ORD0003358,PROD0079,3,3868.77,10,10445.68
ITEM0006675,ORD0003358,PROD0195,4,437.39,10,1574.6
ITEM0006676,ORD0003359,PROD0156,1,366.5,20,293.2
ITEM0006677,ORD0003359,PROD0046,2,6212.04,20,9939.26
ITEM0006678,ORD0003359,PROD0172,4,1025.46,20,3281.47
ITEM0006679,ORD0003359,PROD0108,3,8722.77,20,20934.65
ITEM0006680,ORD0003360,PROD0058,1,1179.58,5,1120.6
ITEM0006681,ORD0003361,PROD0178,2,1834.02,0,3668.04
ITEM0006682,ORD0003362,PROD0153,1,1769.3,5,1680.83
ITEM0006683,ORD0003363,PROD0084,3,784.26,0,2352.78
ITEM0006684,ORD0003364,PROD0094,2,8217.48,10,14791.46
ITEM0006685,ORD0003364,PROD0144,1,905.61,10,815.05
ITEM0006686,ORD0003364,PROD0171,4,9896.61,10,35627.8
ITEM0006687,ORD0003364,PROD0050,2,4918.81,10,8853.86
ITEM0006688,ORD0003365,PROD0022,3,13967,0,41901
ITEM0006689,ORD0003365,PROD0088,2,1045.29,0,2090.58
ITEM0006690,ORD0003366,PROD0057,3,742.06,10,2003.56
ITEM0006691,ORD0003367,PROD0084,4,784.26,0,3137.04
ITEM0006692,ORD0003368,PROD0188,2,1318.66,0,2637.32
ITEM0006693,ORD0003368,PROD0149,2,3462.42,0,6924.84
ITEM0006694,ORD0003369,PROD0045,3,3914.99,0,11744.97
ITEM0006695,ORD0003370,PROD0023,3,1503.94,10,4060.64
ITEM0006696,ORD0003370,PROD0064,3,4156.77,10,11223.28
ITEM0006697,ORD0003370,PROD0111,3,4186.75,10,11304.22
ITEM0006698,ORD0003371,PROD0157,1,1549.94,0,1549.94
ITEM0006699,ORD0003372,PROD0079,3,3868.77,15,9865.36
ITEM0006700,ORD0003372,PROD0043,3,5274.26,15,13449.36
ITEM0006701,ORD0003372,PROD0157,3,1549.94,15,3952.35
ITEM0006702,ORD0003373,PROD0183,4,4402.38,0,17609.52
ITEM0006703,ORD0003373,PROD0033,3,34304.44,0,102913.32
ITEM0006704,ORD0003373,PROD0169,3,3385.13,0,10155.39
ITEM0006705,ORD0003373,PROD0061,3,1507.1,0,4521.3
ITEM0006706,ORD0003374,PROD0159,3,584.29,0,1752.87
ITEM0006707,ORD0003374,PROD0097,4,7278.34,0,29113.36
ITEM0006708,ORD0003375,PROD0132,4,1160.61,0,4642.44
ITEM0006709,ORD0003375,PROD0063,2,4348.36,0,8696.72
ITEM0006710,ORD0003376,PROD0087,3,5742.05,20,13780.92
ITEM0006711,ORD0003377,PROD0007,4,27829.19,15,94619.25
ITEM0006712,ORD0003378,PROD0152,2,1817.42,20,2907.87
ITEM0006713,ORD0003378,PROD0147,2,3374.12,20,5398.59
ITEM0006714,ORD0003379,PROD0143,4,382.09,5,1451.94
ITEM0006715,ORD0003379,PROD0011,2,58607.44,5,111354.14
ITEM0006716,ORD0003379,PROD0010,1,32892.86,5,31248.22
ITEM0006717,ORD0003379,PROD0095,2,5158.31,5,9800.79
ITEM0006718,ORD0003380,PROD0148,3,2543.16,5,7248.01
ITEM0006719,ORD0003381,PROD0153,4,1769.3,0,7077.2
ITEM0006720,ORD0003382,PROD0164,2,3543.37,0,7086.74
ITEM0006721,ORD0003383,PROD0005,1,40289.58,0,40289.58
ITEM0006722,ORD0003383,PROD0038,4,15904.21,0,63616.84
ITEM0006723,ORD0003384,PROD0150,2,4265.82,0,8531.64
ITEM0006724,ORD0003384,PROD0084,2,784.26,0,1568.52
ITEM0006725,ORD0003385,PROD0112,1,885.01,25,663.76
ITEM0006726,ORD0003386,PROD0144,2,905.61,0,1811.22
ITEM0006727,ORD0003386,PROD0149,4,3462.42,0,13849.68
ITEM0006728,ORD0003386,PROD0100,3,2072.2,0,6216.6
ITEM0006729,ORD0003387,PROD0002,1,50293.82,0,50293.82
ITEM0006730,ORD0003388,PROD0065,4,1921.1,5,7300.18
ITEM0006731,ORD0003388,PROD0111,1,4186.75,5,3977.41
ITEM0006732,ORD0003389,PROD0136,3,2648.04,10,7149.71
ITEM0006733,ORD0003390,PROD0157,3,1549.94,5,4417.33
ITEM0006734,ORD0003391,PROD0014,1,7928.83,0,7928.83
ITEM0006735,ORD0003392,PROD0137,2,782.23,15,1329.79
ITEM0006736,ORD0003393,PROD0036,3,68871.11,25,154960
ITEM0006737,ORD0003394,PROD0023,2,1503.94,0,3007.88
ITEM0006738,ORD0003395,PROD0092,2,12500.28,5,23750.53
ITEM0006739,ORD0003395,PROD0119,3,2991.81,5,8526.66
ITEM0006740,ORD0003396,PROD0167,2,11229.68,0,22459.36
ITEM0006741,ORD0003396,PROD0024,2,57909.18,0,115818.36
ITEM0006742,ORD0003397,PROD0055,1,3434.95,5,3263.2
ITEM0006743,ORD0003398,PROD0058,2,1179.58,5,2241.2
ITEM0006744,ORD0003399,PROD0156,3,366.5,10,989.55
ITEM0006745,ORD0003400,PROD0153,3,1769.3,5,5042.5
ITEM0006746,ORD0003400,PROD0116,3,4368.06,5,12448.97
ITEM0006747,ORD0003400,PROD0035,4,24304.78,5,92358.16
ITEM0006748,ORD0003400,PROD0063,4,4348.36,5,16523.77
ITEM0006749,ORD0003401,PROD0171,1,9896.61,10,8906.95
ITEM0006750,ORD0003401,PROD0014,1,7928.83,10,7135.95
ITEM0006751,ORD0003402,PROD0166,4,8733.51,5,33187.34
ITEM0006752,ORD0003402,PROD0199,2,1292.33,5,2455.43
ITEM0006753,ORD0003403,PROD0200,3,540.59,0,1621.77
ITEM0006754,ORD0003404,PROD0024,1,57909.18,0,57909.18
ITEM0006755,ORD0003405,PROD0143,4,382.09,10,1375.52
ITEM0006756,ORD0003406,PROD0189,3,897.95,0,2693.85
ITEM0006757,ORD0003406,PROD0193,4,628.8,0,2515.2
ITEM0006758,ORD0003406,PROD0040,3,63017.33,0,189051.99
ITEM0006759,ORD0003406,PROD0016,4,43331.31,0,173325.24
ITEM0006760,ORD0003407,PROD0082,1,2605.78,5,2475.49
ITEM0006761,ORD0003407,PROD0043,3,5274.26,5,15031.64
ITEM0006762,ORD0003408,PROD0095,1,5158.31,10,4642.48
ITEM0006763,ORD0003409,PROD0141,4,1560.51,10,5617.84
ITEM0006764,ORD0003410,PROD0054,1,7111.73,0,7111.73
ITEM0006765,ORD0003410,PROD0109,3,6201.15,0,18603.45
ITEM0006766,ORD0003411,PROD0035,4,24304.78,5,92358.16
ITEM0006767,ORD0003412,PROD0035,1,24304.78,0,24304.78
ITEM0006768,ORD0003412,PROD0115,1,11862.11,0,11862.11
ITEM0006769,ORD0003412,PROD0141,2,1560.51,0,3121.02
ITEM0006770,ORD0003413,PROD0145,2,3126.57,0,6253.14
ITEM0006771,ORD0003413,PROD0148,2,2543.16,0,5086.32
ITEM0006772,ORD0003413,PROD0099,2,12519.55,0,25039.1
ITEM0006773,ORD0003414,PROD0090,4,859.29,0,3437.16
ITEM0006774,ORD0003414,PROD0183,4,4402.38,0,17609.52
ITEM0006775,ORD0003415,PROD0167,4,11229.68,0,44918.72
ITEM0006776,ORD0003416,PROD0012,4,33141.38,0,132565.52
ITEM0006777,ORD0003417,PROD0070,4,1576.87,5,5992.11
ITEM0006778,ORD0003417,PROD0045,1,3914.99,5,3719.24
ITEM0006779,ORD0003418,PROD0188,4,1318.66,15,4483.44
ITEM0006780,ORD0003419,PROD0146,1,4641.78,5,4409.69
ITEM0006781,ORD0003419,PROD0048,3,3151.51,5,8981.8
ITEM0006782,ORD0003419,PROD0149,1,3462.42,5,3289.3
ITEM0006783,ORD0003420,PROD0030,2,745.3,25,1117.95
ITEM0006784,ORD0003420,PROD0181,1,5765.01,25,4323.76
ITEM0006785,ORD0003421,PROD0196,4,783.44,0,3133.76
ITEM0006786,ORD0003422,PROD0103,3,2970.53,0,8911.59
ITEM0006787,ORD0003422,PROD0148,2,2543.16,0,5086.32
ITEM0006788,ORD0003423,PROD0133,4,3562.22,15,12111.55
ITEM0006789,ORD0003424,PROD0167,4,11229.68,10,40426.85
ITEM0006790,ORD0003424,PROD0143,4,382.09,10,1375.52
ITEM0006791,ORD0003425,PROD0084,3,784.26,25,1764.58
ITEM0006792,ORD0003425,PROD0194,3,238.12,25,535.77
ITEM0006793,ORD0003426,PROD0121,2,389.01,0,778.02
ITEM0006794,ORD0003427,PROD0007,2,27829.19,5,52875.46
ITEM0006795,ORD0003427,PROD0128,4,5930.45,5,22535.71
ITEM0006796,ORD0003427,PROD0127,3,9556.44,5,27235.85
ITEM0006797,ORD0003428,PROD0025,2,48796.51,5,92713.37
ITEM0006798,ORD0003428,PROD0055,4,3434.95,5,13052.81
ITEM0006799,ORD0003429,PROD0041,1,3166.8,5,3008.46
ITEM0006800,ORD0003429,PROD0186,3,1358.84,5,3872.69
ITEM0006801,ORD0003429,PROD0189,3,897.95,5,2559.16
ITEM0006802,ORD0003430,PROD0142,2,497.1,10,894.78
ITEM0006803,ORD0003430,PROD0006,1,69356.89,10,62421.2
ITEM0006804,ORD0003431,PROD0149,3,3462.42,15,8829.17
ITEM0006805,ORD0003432,PROD0115,3,11862.11,0,35586.33
ITEM0006806,ORD0003432,PROD0137,1,782.23,0,782.23
ITEM0006807,ORD0003432,PROD0061,4,1507.1,0,6028.4
ITEM0006808,ORD0003433,PROD0169,4,3385.13,5,12863.49
ITEM0006809,ORD0003433,PROD0158,1,1726.09,5,1639.79
ITEM0006810,ORD0003433,PROD0071,1,3890.52,5,3695.99
ITEM0006811,ORD0003433,PROD0057,1,742.06,5,704.96
ITEM0006812,ORD0003433,PROD0063,2,4348.36,5,8261.88
ITEM0006813,ORD0003434,PROD0104,4,12889.74,10,46403.06
ITEM0006814,ORD0003435,PROD0184,1,11703.06,5,11117.91
ITEM0006815,ORD0003435,PROD0169,4,3385.13,5,12863.49
ITEM0006816,ORD0003435,PROD0092,1,12500.28,5,11875.27
ITEM0006817,ORD0003436,PROD0097,4,7278.34,0,29113.36
ITEM0006818,ORD0003437,PROD0005,2,40289.58,0,80579.16
ITEM0006819,ORD0003437,PROD0004,4,25591.73,0,102366.92
ITEM0006820,ORD0003437,PROD0052,3,5153.96,0,15461.88
ITEM0006821,ORD0003438,PROD0059,2,3047.56,0,6095.12
ITEM0006822,ORD0003439,PROD0042,1,1233.59,0,1233.59
ITEM0006823,ORD0003440,PROD0110,3,232.06,0,696.18
ITEM0006824,ORD0003440,PROD0062,1,1138.67,0,1138.67
ITEM0006825,ORD0003441,PROD0163,1,915.73,0,915.73
ITEM0006826,ORD0003441,PROD0150,3,4265.82,0,12797.46
ITEM0006827,ORD0003442,PROD0085,3,6089.41,5,17354.82
ITEM0006828,ORD0003443,PROD0088,2,1045.29,0,2090.58
ITEM0006829,ORD0003443,PROD0129,2,838.52,0,1677.04
ITEM0006830,ORD0003443,PROD0169,3,3385.13,0,10155.39
ITEM0006831,ORD0003443,PROD0098,3,10950.31,0,32850.93
ITEM0006832,ORD0003443,PROD0155,3,3659.76,0,10979.28
ITEM0006833,ORD0003444,PROD0173,2,8594.8,0,17189.6
ITEM0006834,ORD0003444,PROD0075,3,2702.38,0,8107.14
ITEM0006835,ORD0003445,PROD0095,3,5158.31,25,11606.2
ITEM0006836,ORD0003445,PROD0113,4,8226.58,25,24679.74
ITEM0006837,ORD0003446,PROD0165,4,8926.78,10,32136.41
ITEM0006838,ORD0003447,PROD0080,4,2405.82,10,8660.95
ITEM0006839,ORD0003448,PROD0010,4,32892.86,10,118414.3
ITEM0006840,ORD0003449,PROD0166,4,8733.51,25,26200.53
ITEM0006841,ORD0003449,PROD0162,4,1300.66,25,3901.98
ITEM0006842,ORD0003450,PROD0159,3,584.29,0,1752.87
ITEM0006843,ORD0003450,PROD0195,3,437.39,0,1312.17
ITEM0006844,ORD0003450,PROD0181,3,5765.01,0,17295.03
ITEM0006845,ORD0003451,PROD0143,4,382.09,5,1451.94
ITEM0006846,ORD0003451,PROD0013,3,40791.56,5,116255.95
ITEM0006847,ORD0003451,PROD0165,4,8926.78,5,33921.76
ITEM0006848,ORD0003452,PROD0136,1,2648.04,0,2648.04
ITEM0006849,ORD0003453,PROD0013,2,40791.56,10,73424.81
ITEM0006850,ORD0003453,PROD0084,3,784.26,10,2117.5
ITEM0006851,ORD0003453,PROD0055,2,3434.95,10,6182.91
ITEM0006852,ORD0003454,PROD0199,4,1292.33,0,5169.32
ITEM0006853,ORD0003454,PROD0022,3,13967,0,41901
ITEM0006854,ORD0003454,PROD0151,1,350.77,0,350.77
ITEM0006855,ORD0003455,PROD0017,2,8120.73,0,16241.46
ITEM0006856,ORD0003455,PROD0168,4,3183.64,0,12734.56
ITEM0006857,ORD0003456,PROD0133,4,3562.22,10,12823.99
ITEM0006858,ORD0003457,PROD0105,1,8086.41,10,7277.77
ITEM0006859,ORD0003458,PROD0032,1,38426.75,0,38426.75
ITEM0006860,ORD0003458,PROD0132,1,1160.61,0,1160.61
ITEM0006861,ORD0003459,PROD0131,3,2976.52,0,8929.56
ITEM0006862,ORD0003459,PROD0023,4,1503.94,0,6015.76
ITEM0006863,ORD0003459,PROD0157,3,1549.94,0,4649.82
ITEM0006864,ORD0003459,PROD0051,3,5103.04,0,15309.12
ITEM0006865,ORD0003459,PROD0171,2,9896.61,0,19793.22
ITEM0006866,ORD0003460,PROD0151,1,350.77,15,298.15
ITEM0006867,ORD0003461,PROD0192,4,867.73,5,3297.37
ITEM0006868,ORD0003461,PROD0059,3,3047.56,5,8685.55
ITEM0006869,ORD0003462,PROD0056,4,4087.83,0,16351.32
ITEM0006870,ORD0003462,PROD0113,3,8226.58,0,24679.74
ITEM0006871,ORD0003463,PROD0072,4,1395.26,0,5581.04
ITEM0006872,ORD0003464,PROD0101,3,1007.74,15,2569.74
ITEM0006873,ORD0003464,PROD0083,1,1974.27,15,1678.13
ITEM0006874,ORD0003465,PROD0164,1,3543.37,0,3543.37
ITEM0006875,ORD0003465,PROD0109,4,6201.15,0,24804.6
ITEM0006876,ORD0003465,PROD0014,3,7928.83,0,23786.49
ITEM0006877,ORD0003465,PROD0077,3,6124.52,0,18373.56
ITEM0006878,ORD0003466,PROD0046,3,6212.04,5,17704.31
ITEM0006879,ORD0003466,PROD0142,1,497.1,5,472.24
ITEM0006880,ORD0003467,PROD0160,3,756.75,5,2156.74
ITEM0006881,ORD0003467,PROD0070,1,1576.87,5,1498.03
ITEM0006882,ORD0003468,PROD0026,2,40491.32,15,68835.24
ITEM0006883,ORD0003468,PROD0081,3,3032.39,15,7732.59
ITEM0006884,ORD0003469,PROD0015,1,67106.58,0,67106.58
ITEM0006885,ORD0003470,PROD0200,2,540.59,10,973.06
ITEM0006886,ORD0003470,PROD0054,1,7111.73,10,6400.56
ITEM0006887,ORD0003470,PROD0003,3,49712.42,10,134223.53
ITEM0006888,ORD0003470,PROD0098,3,10950.31,10,29565.84
ITEM0006889,ORD0003470,PROD0194,1,238.12,10,214.31
ITEM0006890,ORD0003471,PROD0014,1,7928.83,15,6739.51
ITEM0006891,ORD0003471,PROD0147,4,3374.12,15,11472.01
ITEM0006892,ORD0003471,PROD0178,1,1834.02,15,1558.92
ITEM0006893,ORD0003472,PROD0107,2,5093.26,0,10186.52
ITEM0006894,ORD0003472,PROD0156,2,366.5,0,733
ITEM0006895,ORD0003472,PROD0013,4,40791.56,0,163166.24
ITEM0006896,ORD0003472,PROD0061,3,1507.1,0,4521.3
ITEM0006897,ORD0003473,PROD0066,1,2108.12,10,1897.31
ITEM0006898,ORD0003474,PROD0143,1,382.09,10,343.88
ITEM0006899,ORD0003475,PROD0006,3,69356.89,0,208070.67
ITEM0006900,ORD0003475,PROD0073,4,346.89,0,1387.56
ITEM0006901,ORD0003475,PROD0183,3,4402.38,0,13207.14
ITEM0006902,ORD0003476,PROD0156,1,366.5,20,293.2
ITEM0006903,ORD0003477,PROD0095,2,5158.31,0,10316.62
ITEM0006904,ORD0003477,PROD0082,2,2605.78,0,5211.56
ITEM0006905,ORD0003477,PROD0077,3,6124.52,0,18373.56
ITEM0006906,ORD0003478,PROD0162,4,1300.66,0,5202.64
ITEM0006907,ORD0003478,PROD0100,3,2072.2,0,6216.6
ITEM0006908,ORD0003479,PROD0137,3,782.23,0,2346.69
ITEM0006909,ORD0003479,PROD0135,3,1341.78,0,4025.34
ITEM0006910,ORD0003480,PROD0055,2,3434.95,0,6869.9
ITEM0006911,ORD0003481,PROD0146,4,4641.78,10,16710.41
ITEM0006912,ORD0003481,PROD0135,3,1341.78,10,3622.81
ITEM0006913,ORD0003482,PROD0160,3,756.75,0,2270.25
ITEM0006914,ORD0003483,PROD0049,1,567.72,0,567.72
ITEM0006915,ORD0003484,PROD0035,1,24304.78,15,20659.06
ITEM0006916,ORD0003485,PROD0081,4,3032.39,0,12129.56
ITEM0006917,ORD0003486,PROD0148,3,2543.16,0,7629.48
ITEM0006918,ORD0003486,PROD0092,4,12500.28,0,50001.12
ITEM0006919,ORD0003487,PROD0013,2,40791.56,0,81583.12
ITEM0006920,ORD0003487,PROD0192,4,867.73,0,3470.92
ITEM0006921,ORD0003488,PROD0067,3,7130.72,0,21392.16
ITEM0006922,ORD0003489,PROD0106,2,478.86,0,957.72
ITEM0006923,ORD0003489,PROD0121,3,389.01,0,1167.03
ITEM0006924,ORD0003489,PROD0043,3,5274.26,0,15822.78
ITEM0006925,ORD0003490,PROD0103,4,2970.53,5,11288.01
ITEM0006926,ORD0003490,PROD0013,1,40791.56,5,38751.98
ITEM0006927,ORD0003490,PROD0099,4,12519.55,5,47574.29
ITEM0006928,ORD0003491,PROD0198,2,890.11,10,1602.2
ITEM0006929,ORD0003492,PROD0032,3,38426.75,15,97988.21
ITEM0006930,ORD0003492,PROD0084,3,784.26,15,1999.86
ITEM0006931,ORD0003493,PROD0153,1,1769.3,0,1769.3
ITEM0006932,ORD0003493,PROD0180,2,5434.17,0,10868.34
ITEM0006933,ORD0003493,PROD0115,4,11862.11,0,47448.44
ITEM0006934,ORD0003494,PROD0188,4,1318.66,25,3955.98
ITEM0006935,ORD0003495,PROD0166,2,8733.51,0,17467.02
ITEM0006936,ORD0003495,PROD0082,1,2605.78,0,2605.78
ITEM0006937,ORD0003496,PROD0088,4,1045.29,5,3972.1
ITEM0006938,ORD0003497,PROD0155,2,3659.76,0,7319.52
ITEM0006939,ORD0003497,PROD0042,4,1233.59,0,4934.36
ITEM0006940,ORD0003498,PROD0169,3,3385.13,5,9647.62
ITEM0006941,ORD0003499,PROD0113,3,8226.58,25,18509.8
ITEM0006942,ORD0003499,PROD0183,2,4402.38,25,6603.57
ITEM0006943,ORD0003499,PROD0067,1,7130.72,25,5348.04
ITEM0006944,ORD0003499,PROD0189,4,897.95,25,2693.85
ITEM0006945,ORD0003500,PROD0165,3,8926.78,20,21424.27
ITEM0006946,ORD0003500,PROD0151,3,350.77,20,841.85
ITEM0006947,ORD0003501,PROD0123,3,9762.37,15,24894.04
ITEM0006948,ORD0003502,PROD0199,4,1292.33,0,5169.32
ITEM0006949,ORD0003503,PROD0028,2,74581.74,5,141705.31
ITEM0006950,ORD0003503,PROD0063,3,4348.36,5,12392.83
ITEM0006951,ORD0003504,PROD0085,2,6089.41,15,10352
ITEM0006952,ORD0003504,PROD0052,1,5153.96,15,4380.87
ITEM0006953,ORD0003505,PROD0143,1,382.09,5,362.99
ITEM0006954,ORD0003506,PROD0060,4,3327.41,20,10647.71
ITEM0006955,ORD0003506,PROD0068,4,827.32,20,2647.42
ITEM0006956,ORD0003506,PROD0006,1,69356.89,20,55485.51
ITEM0006957,ORD0003507,PROD0188,2,1318.66,0,2637.32
ITEM0006958,ORD0003507,PROD0200,1,540.59,0,540.59
ITEM0006959,ORD0003507,PROD0015,1,67106.58,0,67106.58
ITEM0006960,ORD0003507,PROD0114,2,12529.93,0,25059.86
ITEM0006961,ORD0003508,PROD0109,3,6201.15,0,18603.45
ITEM0006962,ORD0003509,PROD0049,4,567.72,0,2270.88
ITEM0006963,ORD0003509,PROD0044,3,3912.72,0,11738.16
ITEM0006964,ORD0003510,PROD0042,2,1233.59,0,2467.18
ITEM0006965,ORD0003510,PROD0064,4,4156.77,0,16627.08
ITEM0006966,ORD0003511,PROD0168,4,3183.64,15,10824.38
ITEM0006967,ORD0003512,PROD0027,1,27299.16,0,27299.16
ITEM0006968,ORD0003512,PROD0200,3,540.59,0,1621.77
ITEM0006969,ORD0003512,PROD0043,1,5274.26,0,5274.26
ITEM0006970,ORD0003512,PROD0150,1,4265.82,0,4265.82
ITEM0006971,ORD0003513,PROD0138,4,1511.7,20,4837.44
ITEM0006972,ORD0003514,PROD0189,4,897.95,0,3591.8
ITEM0006973,ORD0003515,PROD0172,1,1025.46,5,974.19
ITEM0006974,ORD0003515,PROD0116,2,4368.06,5,8299.31
ITEM0006975,ORD0003515,PROD0033,2,34304.44,5,65178.44
ITEM0006976,ORD0003515,PROD0085,3,6089.41,5,17354.82
ITEM0006977,ORD0003515,PROD0032,3,38426.75,5,109516.24
ITEM0006978,ORD0003516,PROD0018,4,43707.38,0,174829.52
ITEM0006979,ORD0003517,PROD0032,1,38426.75,20,30741.4
ITEM0006980,ORD0003517,PROD0052,1,5153.96,20,4123.17
ITEM0006981,ORD0003517,PROD0168,4,3183.64,20,10187.65
ITEM0006982,ORD0003518,PROD0061,1,1507.1,15,1281.03
ITEM0006983,ORD0003519,PROD0149,3,3462.42,0,10387.26
ITEM0006984,ORD0003519,PROD0066,2,2108.12,0,4216.24
ITEM0006985,ORD0003520,PROD0118,4,10931.14,10,39352.1
ITEM0006986,ORD0003520,PROD0028,4,74581.74,10,268494.26
ITEM0006987,ORD0003521,PROD0199,1,1292.33,0,1292.33
ITEM0006988,ORD0003521,PROD0053,4,5844.47,0,23377.88
ITEM0006989,ORD0003521,PROD0178,1,1834.02,0,1834.02
ITEM0006990,ORD0003522,PROD0137,4,782.23,20,2503.14
ITEM0006991,ORD0003522,PROD0033,2,34304.44,20,54887.1
ITEM0006992,ORD0003522,PROD0061,1,1507.1,20,1205.68
ITEM0006993,ORD0003522,PROD0198,4,890.11,20,2848.35
ITEM0006994,ORD0003523,PROD0173,1,8594.8,5,8165.06
ITEM0006995,ORD0003523,PROD0058,4,1179.58,5,4482.4
ITEM0006996,ORD0003523,PROD0188,3,1318.66,5,3758.18
ITEM0006997,ORD0003524,PROD0189,2,897.95,15,1526.52
ITEM0006998,ORD0003525,PROD0144,2,905.61,15,1539.54
ITEM0006999,ORD0003525,PROD0155,3,3659.76,15,9332.39
ITEM0007000,ORD0003525,PROD0133,1,3562.22,15,3027.89
ITEM0007001,ORD0003526,PROD0090,2,859.29,0,1718.58
ITEM0007002,ORD0003527,PROD0098,2,10950.31,10,19710.56
ITEM0007003,ORD0003528,PROD0095,2,5158.31,10,9284.96
ITEM0007004,ORD0003528,PROD0104,1,12889.74,10,11600.77
ITEM0007005,ORD0003528,PROD0116,1,4368.06,10,3931.25
ITEM0007006,ORD0003528,PROD0191,3,1435.77,10,3876.58
ITEM0007007,ORD0003528,PROD0178,2,1834.02,10,3301.24
ITEM0007008,ORD0003529,PROD0062,3,1138.67,0,3416.01
ITEM0007009,ORD0003530,PROD0171,2,9896.61,0,19793.22
ITEM0007010,ORD0003530,PROD0039,1,66174.82,0,66174.82
ITEM0007011,ORD0003531,PROD0105,4,8086.41,25,24259.23
ITEM0007012,ORD0003532,PROD0095,4,5158.31,0,20633.24
ITEM0007013,ORD0003533,PROD0118,2,10931.14,10,19676.05
ITEM0007014,ORD0003533,PROD0173,2,8594.8,10,15470.64
ITEM0007015,ORD0003533,PROD0199,1,1292.33,10,1163.1
ITEM0007016,ORD0003533,PROD0172,1,1025.46,10,922.91
ITEM0007017,ORD0003534,PROD0064,2,4156.77,5,7897.86
ITEM0007018,ORD0003535,PROD0077,1,6124.52,20,4899.62
ITEM0007019,ORD0003535,PROD0176,3,975.19,20,2340.46
ITEM0007020,ORD0003536,PROD0199,4,1292.33,0,5169.32
ITEM0007021,ORD0003536,PROD0157,1,1549.94,0,1549.94
ITEM0007022,ORD0003536,PROD0183,1,4402.38,0,4402.38
ITEM0007023,ORD0003537,PROD0012,3,33141.38,25,74568.1
ITEM0007024,ORD0003537,PROD0080,3,2405.82,25,5413.1
ITEM0007025,ORD0003538,PROD0003,2,49712.42,0,99424.84
ITEM0007026,ORD0003538,PROD0041,4,3166.8,0,12667.2
ITEM0007027,ORD0003539,PROD0039,4,66174.82,20,211759.42
ITEM0007028,ORD0003540,PROD0041,3,3166.8,0,9500.4
ITEM0007029,ORD0003540,PROD0064,1,4156.77,0,4156.77
ITEM0007030,ORD0003541,PROD0132,2,1160.61,0,2321.22
ITEM0007031,ORD0003541,PROD0073,4,346.89,0,1387.56
ITEM0007032,ORD0003541,PROD0121,2,389.01,0,778.02
ITEM0007033,ORD0003542,PROD0152,2,1817.42,0,3634.84
ITEM0007034,ORD0003542,PROD0106,1,478.86,0,478.86
ITEM0007035,ORD0003543,PROD0166,4,8733.51,0,34934.04
ITEM0007036,ORD0003543,PROD0023,3,1503.94,0,4511.82
ITEM0007037,ORD0003544,PROD0050,1,4918.81,10,4426.93
ITEM0007038,ORD0003545,PROD0071,2,3890.52,15,6613.88
ITEM0007039,ORD0003546,PROD0196,1,783.44,10,705.1
ITEM0007040,ORD0003547,PROD0197,1,490.98,5,466.43
ITEM0007041,ORD0003548,PROD0147,2,3374.12,0,6748.24
ITEM0007042,ORD0003548,PROD0166,1,8733.51,0,8733.51
ITEM0007043,ORD0003549,PROD0090,2,859.29,0,1718.58
ITEM0007044,ORD0003549,PROD0048,3,3151.51,0,9454.53
ITEM0007045,ORD0003550,PROD0082,3,2605.78,0,7817.34
ITEM0007046,ORD0003550,PROD0197,3,490.98,0,1472.94
ITEM0007047,ORD0003550,PROD0038,3,15904.21,0,47712.63
ITEM0007048,ORD0003550,PROD0003,1,49712.42,0,49712.42
ITEM0007049,ORD0003551,PROD0097,4,7278.34,25,21835.02
ITEM0007050,ORD0003551,PROD0001,4,4321.28,25,12963.84
ITEM0007051,ORD0003551,PROD0002,2,50293.82,25,75440.73
ITEM0007052,ORD0003552,PROD0082,1,2605.78,10,2345.2
ITEM0007053,ORD0003552,PROD0138,3,1511.7,10,4081.59
ITEM0007054,ORD0003552,PROD0169,1,3385.13,10,3046.62
ITEM0007055,ORD0003553,PROD0151,3,350.77,0,1052.31
ITEM0007056,ORD0003553,PROD0060,2,3327.41,0,6654.82
ITEM0007057,ORD0003554,PROD0037,2,56353.69,0,112707.38
ITEM0007058,ORD0003554,PROD0082,4,2605.78,0,10423.12
ITEM0007059,ORD0003555,PROD0119,1,2991.81,10,2692.63
ITEM0007060,ORD0003555,PROD0038,2,15904.21,10,28627.58
ITEM0007061,ORD0003555,PROD0073,2,346.89,10,624.4
ITEM0007062,ORD0003556,PROD0029,4,50556.2,10,182002.32
ITEM0007063,ORD0003556,PROD0164,3,3543.37,10,9567.1
ITEM0007064,ORD0003556,PROD0065,2,1921.1,10,3457.98
ITEM0007065,ORD0003556,PROD0020,4,47540.26,10,171144.94
ITEM0007066,ORD0003557,PROD0116,4,4368.06,0,17472.24
ITEM0007067,ORD0003557,PROD0037,2,56353.69,0,112707.38
ITEM0007068,ORD0003557,PROD0098,3,10950.31,0,32850.93
ITEM0007069,ORD0003557,PROD0011,4,58607.44,0,234429.76
ITEM0007070,ORD0003558,PROD0158,3,1726.09,15,4401.53
ITEM0007071,ORD0003558,PROD0163,3,915.73,15,2335.11
ITEM0007072,ORD0003559,PROD0059,4,3047.56,0,12190.24
ITEM0007073,ORD0003559,PROD0031,3,9586.34,0,28759.02
ITEM0007074,ORD0003560,PROD0137,4,782.23,0,3128.92
ITEM0007075,ORD0003561,PROD0127,3,9556.44,0,28669.32
ITEM0007076,ORD0003561,PROD0024,1,57909.18,0,57909.18
ITEM0007077,ORD0003561,PROD0046,3,6212.04,0,18636.12
ITEM0007078,ORD0003561,PROD0060,2,3327.41,0,6654.82
ITEM0007079,ORD0003561,PROD0038,3,15904.21,0,47712.63
ITEM0007080,ORD0003562,PROD0059,3,3047.56,0,9142.68
ITEM0007081,ORD0003563,PROD0173,1,8594.8,0,8594.8
ITEM0007082,ORD0003564,PROD0019,2,21504.79,15,36558.14
ITEM0007083,ORD0003565,PROD0167,4,11229.68,5,42672.78
ITEM0007084,ORD0003566,PROD0152,2,1817.42,15,3089.61
ITEM0007085,ORD0003566,PROD0076,4,1552.25,15,5277.65
ITEM0007086,ORD0003567,PROD0136,4,2648.04,5,10062.55
ITEM0007087,ORD0003567,PROD0111,4,4186.75,5,15909.65
ITEM0007088,ORD0003568,PROD0028,4,74581.74,10,268494.26
ITEM0007089,ORD0003569,PROD0113,3,8226.58,0,24679.74
ITEM0007090,ORD0003570,PROD0197,4,490.98,5,1865.72
ITEM0007091,ORD0003570,PROD0046,3,6212.04,5,17704.31
ITEM0007092,ORD0003570,PROD0116,2,4368.06,5,8299.31
ITEM0007093,ORD0003570,PROD0114,2,12529.93,5,23806.87
ITEM0007094,ORD0003571,PROD0152,2,1817.42,20,2907.87
ITEM0007095,ORD0003572,PROD0101,4,1007.74,0,4030.96
ITEM0007096,ORD0003573,PROD0097,3,7278.34,10,19651.52
ITEM0007097,ORD0003573,PROD0024,2,57909.18,10,104236.52
ITEM0007098,ORD0003574,PROD0110,2,232.06,0,464.12
ITEM0007099,ORD0003574,PROD0195,4,437.39,0,1749.56
ITEM0007100,ORD0003574,PROD0107,4,5093.26,0,20373.04
ITEM0007101,ORD0003575,PROD0091,1,10714.93,5,10179.18
ITEM0007102,ORD0003575,PROD0188,2,1318.66,5,2505.45
ITEM0007103,ORD0003575,PROD0042,3,1233.59,5,3515.73
ITEM0007104,ORD0003575,PROD0007,2,27829.19,5,52875.46
ITEM0007105,ORD0003575,PROD0163,3,915.73,5,2609.83
ITEM0007106,ORD0003576,PROD0057,4,742.06,0,2968.24
ITEM0007107,ORD0003577,PROD0107,2,5093.26,0,10186.52
ITEM0007108,ORD0003578,PROD0112,1,885.01,5,840.76
ITEM0007109,ORD0003579,PROD0067,1,7130.72,0,7130.72
ITEM0007110,ORD0003579,PROD0135,1,1341.78,0,1341.78
ITEM0007111,ORD0003579,PROD0169,4,3385.13,0,13540.52
ITEM0007112,ORD0003580,PROD0052,1,5153.96,0,5153.96
ITEM0007113,ORD0003581,PROD0106,2,478.86,10,861.95
ITEM0007114,ORD0003582,PROD0144,4,905.61,0,3622.44
ITEM0007115,ORD0003583,PROD0109,1,6201.15,5,5891.09
ITEM0007116,ORD0003584,PROD0070,1,1576.87,0,1576.87
ITEM0007117,ORD0003585,PROD0064,3,4156.77,20,9976.25
ITEM0007118,ORD0003585,PROD0132,1,1160.61,20,928.49
ITEM0007119,ORD0003586,PROD0101,1,1007.74,0,1007.74
ITEM0007120,ORD0003587,PROD0154,2,1821.18,0,3642.36
ITEM0007121,ORD0003588,PROD0171,1,9896.61,15,8412.12
ITEM0007122,ORD0003589,PROD0162,4,1300.66,15,4422.24
ITEM0007123,ORD0003590,PROD0058,2,1179.58,5,2241.2
ITEM0007124,ORD0003591,PROD0083,3,1974.27,0,5922.81
ITEM0007125,ORD0003591,PROD0166,3,8733.51,0,26200.53
ITEM0007126,ORD0003592,PROD0018,3,43707.38,0,131122.14
ITEM0007127,ORD0003593,PROD0056,4,4087.83,10,14716.19
ITEM0007128,ORD0003593,PROD0028,2,74581.74,10,134247.13
ITEM0007129,ORD0003593,PROD0152,1,1817.42,10,1635.68
ITEM0007130,ORD0003594,PROD0142,4,497.1,0,1988.4
ITEM0007131,ORD0003594,PROD0009,1,27237.58,0,27237.58
ITEM0007132,ORD0003595,PROD0016,1,43331.31,0,43331.31
ITEM0007133,ORD0003595,PROD0034,2,50492.99,0,100985.98
ITEM0007134,ORD0003596,PROD0053,1,5844.47,5,5552.25
ITEM0007135,ORD0003596,PROD0070,1,1576.87,5,1498.03
ITEM0007136,ORD0003596,PROD0119,2,2991.81,5,5684.44
ITEM0007137,ORD0003597,PROD0160,2,756.75,15,1286.47
ITEM0007138,ORD0003597,PROD0119,1,2991.81,15,2543.04
ITEM0007139,ORD0003597,PROD0040,2,63017.33,15,107129.46
ITEM0007140,ORD0003598,PROD0063,1,4348.36,5,4130.94
ITEM0007141,ORD0003598,PROD0177,3,5985.15,5,17057.68
ITEM0007142,ORD0003599,PROD0051,2,5103.04,0,10206.08
ITEM0007143,ORD0003599,PROD0184,4,11703.06,0,46812.24
ITEM0007144,ORD0003599,PROD0182,1,2159.96,0,2159.96
ITEM0007145,ORD0003600,PROD0066,1,2108.12,5,2002.71
ITEM0007146,ORD0003600,PROD0192,3,867.73,5,2473.03
ITEM0007147,ORD0003600,PROD0194,1,238.12,5,226.21
ITEM0007148,ORD0003600,PROD0077,2,6124.52,5,11636.59
ITEM0007149,ORD0003601,PROD0028,1,74581.74,0,74581.74
ITEM0007150,ORD0003601,PROD0006,4,69356.89,0,277427.56
ITEM0007151,ORD0003601,PROD0172,3,1025.46,0,3076.38
ITEM0007152,ORD0003601,PROD0099,1,12519.55,0,12519.55
ITEM0007153,ORD0003602,PROD0045,3,3914.99,0,11744.97
ITEM0007154,ORD0003602,PROD0065,4,1921.1,0,7684.4
ITEM0007155,ORD0003603,PROD0023,2,1503.94,0,3007.88
ITEM0007156,ORD0003603,PROD0138,3,1511.7,0,4535.1
ITEM0007157,ORD0003603,PROD0022,1,13967,0,13967
ITEM0007158,ORD0003604,PROD0029,2,50556.2,10,91001.16
ITEM0007159,ORD0003604,PROD0192,3,867.73,10,2342.87
ITEM0007160,ORD0003605,PROD0060,1,3327.41,10,2994.67
ITEM0007161,ORD0003605,PROD0178,2,1834.02,10,3301.24
ITEM0007162,ORD0003606,PROD0105,1,8086.41,5,7682.09
ITEM0007163,ORD0003606,PROD0169,2,3385.13,5,6431.75
ITEM0007164,ORD0003607,PROD0010,2,32892.86,5,62496.43
ITEM0007165,ORD0003607,PROD0168,1,3183.64,5,3024.46
ITEM0007166,ORD0003608,PROD0147,1,3374.12,10,3036.71
ITEM0007167,ORD0003609,PROD0169,4,3385.13,20,10832.42
ITEM0007168,ORD0003609,PROD0154,1,1821.18,20,1456.94
ITEM0007169,ORD0003609,PROD0077,4,6124.52,20,19598.46
ITEM0007170,ORD0003610,PROD0159,1,584.29,0,584.29
ITEM0007171,ORD0003611,PROD0176,4,975.19,20,3120.61
ITEM0007172,ORD0003611,PROD0004,3,25591.73,20,61420.15
ITEM0007173,ORD0003612,PROD0107,4,5093.26,10,18335.74
ITEM0007174,ORD0003612,PROD0011,4,58607.44,10,210986.78
ITEM0007175,ORD0003612,PROD0007,4,27829.19,10,100185.08
ITEM0007176,ORD0003613,PROD0198,4,890.11,10,3204.4
ITEM0007177,ORD0003614,PROD0166,1,8733.51,15,7423.48
ITEM0007178,ORD0003614,PROD0064,2,4156.77,15,7066.51
ITEM0007179,ORD0003614,PROD0163,2,915.73,15,1556.74
ITEM0007180,ORD0003615,PROD0033,2,34304.44,0,68608.88
ITEM0007181,ORD0003616,PROD0016,2,43331.31,0,86662.62
ITEM0007182,ORD0003616,PROD0142,3,497.1,0,1491.3
ITEM0007183,ORD0003616,PROD0199,1,1292.33,0,1292.33
ITEM0007184,ORD0003616,PROD0108,3,8722.77,0,26168.31
ITEM0007185,ORD0003616,PROD0155,2,3659.76,0,7319.52
ITEM0007186,ORD0003617,PROD0129,2,838.52,0,1677.04
ITEM0007187,ORD0003618,PROD0090,4,859.29,0,3437.16
ITEM0007188,ORD0003618,PROD0193,4,628.8,0,2515.2
ITEM0007189,ORD0003618,PROD0178,4,1834.02,0,7336.08
ITEM0007190,ORD0003618,PROD0002,3,50293.82,0,150881.46
ITEM0007191,ORD0003619,PROD0059,4,3047.56,5,11580.73
ITEM0007192,ORD0003620,PROD0011,4,58607.44,15,199265.3
ITEM0007193,ORD0003620,PROD0153,4,1769.3,15,6015.62
ITEM0007194,ORD0003621,PROD0028,1,74581.74,0,74581.74
ITEM0007195,ORD0003621,PROD0145,4,3126.57,0,12506.28
ITEM0007196,ORD0003621,PROD0001,3,4321.28,0,12963.84
ITEM0007197,ORD0003621,PROD0014,2,7928.83,0,15857.66
ITEM0007198,ORD0003622,PROD0121,1,389.01,10,350.11
ITEM0007199,ORD0003623,PROD0165,3,8926.78,5,25441.32
ITEM0007200,ORD0003623,PROD0123,2,9762.37,5,18548.5
ITEM0007201,ORD0003623,PROD0022,3,13967,5,39805.95
ITEM0007202,ORD0003624,PROD0157,1,1549.94,0,1549.94
ITEM0007203,ORD0003624,PROD0075,1,2702.38,0,2702.38
ITEM0007204,ORD0003624,PROD0123,2,9762.37,0,19524.74
ITEM0007205,ORD0003625,PROD0014,4,7928.83,10,28543.79
ITEM0007206,ORD0003626,PROD0036,2,68871.11,10,123968
ITEM0007207,ORD0003626,PROD0056,4,4087.83,10,14716.19
ITEM0007208,ORD0003626,PROD0015,3,67106.58,10,181187.77
ITEM0007209,ORD0003627,PROD0119,2,2991.81,20,4786.9
ITEM0007210,ORD0003627,PROD0049,4,567.72,20,1816.7
ITEM0007211,ORD0003628,PROD0008,4,57369.56,10,206530.42
ITEM0007212,ORD0003628,PROD0092,1,12500.28,10,11250.25
ITEM0007213,ORD0003628,PROD0046,1,6212.04,10,5590.84
ITEM0007214,ORD0003629,PROD0183,3,4402.38,20,10565.71
ITEM0007215,ORD0003629,PROD0037,3,56353.69,20,135248.86
ITEM0007216,ORD0003630,PROD0155,2,3659.76,10,6587.57
ITEM0007217,ORD0003630,PROD0104,1,12889.74,10,11600.77
ITEM0007218,ORD0003631,PROD0156,2,366.5,10,659.7
ITEM0007219,ORD0003631,PROD0098,4,10950.31,10,39421.12
ITEM0007220,ORD0003632,PROD0145,4,3126.57,0,12506.28
ITEM0007221,ORD0003632,PROD0161,3,3119.91,0,9359.73
ITEM0007222,ORD0003632,PROD0146,4,4641.78,0,18567.12
ITEM0007223,ORD0003633,PROD0066,2,2108.12,15,3583.8
ITEM0007224,ORD0003633,PROD0027,4,27299.16,15,92817.14
ITEM0007225,ORD0003634,PROD0192,1,867.73,10,780.96
ITEM0007226,ORD0003635,PROD0079,4,3868.77,10,13927.57
ITEM0007227,ORD0003635,PROD0025,4,48796.51,10,175667.44
ITEM0007228,ORD0003636,PROD0063,3,4348.36,0,13045.08
ITEM0007229,ORD0003637,PROD0043,2,5274.26,0,10548.52
ITEM0007230,ORD0003637,PROD0178,1,1834.02,0,1834.02
ITEM0007231,ORD0003638,PROD0157,4,1549.94,15,5269.8
ITEM0007232,ORD0003638,PROD0188,1,1318.66,15,1120.86
ITEM0007233,ORD0003638,PROD0158,2,1726.09,15,2934.35
ITEM0007234,ORD0003638,PROD0043,2,5274.26,15,8966.24
ITEM0007235,ORD0003639,PROD0034,4,50492.99,0,201971.96
ITEM0007236,ORD0003639,PROD0163,1,915.73,0,915.73
ITEM0007237,ORD0003640,PROD0115,1,11862.11,25,8896.58
ITEM0007238,ORD0003640,PROD0067,2,7130.72,25,10696.08
ITEM0007239,ORD0003640,PROD0157,2,1549.94,25,2324.91
ITEM0007240,ORD0003641,PROD0103,1,2970.53,15,2524.95
ITEM0007241,ORD0003641,PROD0101,1,1007.74,15,856.58
ITEM0007242,ORD0003641,PROD0046,2,6212.04,15,10560.47
ITEM0007243,ORD0003642,PROD0161,1,3119.91,15,2651.92
ITEM0007244,ORD0003643,PROD0162,3,1300.66,10,3511.78
ITEM0007245,ORD0003644,PROD0015,3,67106.58,10,181187.77
ITEM0007246,ORD0003644,PROD0193,2,628.8,10,1131.84
ITEM0007247,ORD0003644,PROD0172,4,1025.46,10,3691.66
ITEM0007248,ORD0003645,PROD0044,1,3912.72,25,2934.54
ITEM0007249,ORD0003646,PROD0176,3,975.19,0,2925.57
ITEM0007250,ORD0003646,PROD0092,1,12500.28,0,12500.28
ITEM0007251,ORD0003646,PROD0099,2,12519.55,0,25039.1
ITEM0007252,ORD0003647,PROD0195,3,437.39,25,984.13
ITEM0007253,ORD0003648,PROD0044,4,3912.72,0,15650.88
ITEM0007254,ORD0003648,PROD0032,4,38426.75,0,153707
ITEM0007255,ORD0003648,PROD0104,1,12889.74,0,12889.74
ITEM0007256,ORD0003648,PROD0023,4,1503.94,0,6015.76
ITEM0007257,ORD0003649,PROD0003,1,49712.42,0,49712.42
ITEM0007258,ORD0003650,PROD0026,2,40491.32,20,64786.11
ITEM0007259,ORD0003650,PROD0003,2,49712.42,20,79539.87
ITEM0007260,ORD0003651,PROD0071,3,3890.52,10,10504.4
ITEM0007261,ORD0003651,PROD0093,1,12429.79,10,11186.81
ITEM0007262,ORD0003652,PROD0158,4,1726.09,15,5868.71
ITEM0007263,ORD0003653,PROD0179,1,11478.91,5,10904.96
ITEM0007264,ORD0003653,PROD0054,2,7111.73,5,13512.29
ITEM0007265,ORD0003654,PROD0172,3,1025.46,5,2922.56
ITEM0007266,ORD0003655,PROD0093,4,12429.79,0,49719.16
ITEM0007267,ORD0003655,PROD0177,3,5985.15,0,17955.45
ITEM0007268,ORD0003656,PROD0182,1,2159.96,10,1943.96
ITEM0007269,ORD0003657,PROD0183,3,4402.38,10,11886.43
ITEM0007270,ORD0003658,PROD0070,4,1576.87,20,5045.98
ITEM0007271,ORD0003659,PROD0052,1,5153.96,10,4638.56
ITEM0007272,ORD0003659,PROD0081,4,3032.39,10,10916.6
ITEM0007273,ORD0003659,PROD0070,3,1576.87,10,4257.55
ITEM0007274,ORD0003659,PROD0142,2,497.1,10,894.78
ITEM0007275,ORD0003659,PROD0162,1,1300.66,10,1170.59
ITEM0007276,ORD0003660,PROD0052,3,5153.96,15,13142.6
ITEM0007277,ORD0003661,PROD0156,1,366.5,0,366.5
ITEM0007278,ORD0003662,PROD0025,1,48796.51,15,41477.03
ITEM0007279,ORD0003663,PROD0118,2,10931.14,0,21862.28
ITEM0007280,ORD0003663,PROD0019,3,21504.79,0,64514.37
ITEM0007281,ORD0003664,PROD0188,1,1318.66,0,1318.66
ITEM0007282,ORD0003665,PROD0163,4,915.73,15,3113.48
ITEM0007283,ORD0003666,PROD0096,2,11526.42,0,23052.84
ITEM0007284,ORD0003666,PROD0090,1,859.29,0,859.29
ITEM0007285,ORD0003666,PROD0108,4,8722.77,0,34891.08
ITEM0007286,ORD0003666,PROD0195,4,437.39,0,1749.56
ITEM0007287,ORD0003667,PROD0029,4,50556.2,15,171891.08
ITEM0007288,ORD0003667,PROD0138,4,1511.7,15,5139.78
ITEM0007289,ORD0003667,PROD0009,4,27237.58,15,92607.77
ITEM0007290,ORD0003668,PROD0160,2,756.75,0,1513.5
ITEM0007291,ORD0003668,PROD0147,1,3374.12,0,3374.12
ITEM0007292,ORD0003668,PROD0145,4,3126.57,0,12506.28
ITEM0007293,ORD0003669,PROD0200,3,540.59,20,1297.42
ITEM0007294,ORD0003669,PROD0096,3,11526.42,20,27663.41
ITEM0007295,ORD0003669,PROD0031,4,9586.34,20,30676.29
ITEM0007296,ORD0003670,PROD0101,2,1007.74,20,1612.38
ITEM0007297,ORD0003671,PROD0116,4,4368.06,5,16598.63
ITEM0007298,ORD0003672,PROD0181,1,5765.01,25,4323.76
ITEM0007299,ORD0003673,PROD0163,2,915.73,10,1648.31
ITEM0007300,ORD0003674,PROD0123,3,9762.37,0,29287.11
ITEM0007301,ORD0003674,PROD0066,2,2108.12,0,4216.24
ITEM0007302,ORD0003674,PROD0040,2,63017.33,0,126034.66
ITEM0007303,ORD0003674,PROD0119,3,2991.81,0,8975.43
ITEM0007304,ORD0003675,PROD0077,2,6124.52,5,11636.59
ITEM0007305,ORD0003676,PROD0085,1,6089.41,5,5784.94
ITEM0007306,ORD0003677,PROD0036,4,68871.11,0,275484.44
ITEM0007307,ORD0003678,PROD0118,4,10931.14,5,41538.33
ITEM0007308,ORD0003678,PROD0131,2,2976.52,5,5655.39
ITEM0007309,ORD0003679,PROD0065,4,1921.1,0,7684.4
ITEM0007310,ORD0003679,PROD0019,3,21504.79,0,64514.37
ITEM0007311,ORD0003679,PROD0096,1,11526.42,0,11526.42
ITEM0007312,ORD0003679,PROD0131,3,2976.52,0,8929.56
ITEM0007313,ORD0003680,PROD0007,4,27829.19,10,100185.08
ITEM0007314,ORD0003680,PROD0092,1,12500.28,10,11250.25
ITEM0007315,ORD0003680,PROD0127,1,9556.44,10,8600.8
ITEM0007316,ORD0003680,PROD0093,2,12429.79,10,22373.62
ITEM0007317,ORD0003680,PROD0008,1,57369.56,10,51632.6
ITEM0007318,ORD0003681,PROD0108,2,8722.77,0,17445.54
ITEM0007319,ORD0003681,PROD0055,4,3434.95,0,13739.8
ITEM0007320,ORD0003681,PROD0070,3,1576.87,0,4730.61
ITEM0007321,ORD0003682,PROD0100,4,2072.2,25,6216.6
ITEM0007322,ORD0003683,PROD0068,2,827.32,5,1571.91
ITEM0007323,ORD0003683,PROD0130,3,3062.11,5,8727.01
ITEM0007324,ORD0003683,PROD0183,2,4402.38,5,8364.52
ITEM0007325,ORD0003684,PROD0095,4,5158.31,0,20633.24
ITEM0007326,ORD0003684,PROD0080,2,2405.82,0,4811.64
ITEM0007327,ORD0003684,PROD0175,1,6709.6,0,6709.6
ITEM0007328,ORD0003685,PROD0144,3,905.61,0,2716.83
ITEM0007329,ORD0003685,PROD0017,2,8120.73,0,16241.46
ITEM0007330,ORD0003686,PROD0194,1,238.12,0,238.12
ITEM0007331,ORD0003687,PROD0182,4,2159.96,0,8639.84
ITEM0007332,ORD0003688,PROD0039,3,66174.82,5,188598.24
ITEM0007333,ORD0003689,PROD0012,3,33141.38,0,99424.14
ITEM0007334,ORD0003689,PROD0070,1,1576.87,0,1576.87
ITEM0007335,ORD0003689,PROD0183,3,4402.38,0,13207.14
ITEM0007336,ORD0003690,PROD0151,3,350.77,0,1052.31
ITEM0007337,ORD0003690,PROD0099,4,12519.55,0,50078.2
ITEM0007338,ORD0003691,PROD0181,1,5765.01,5,5476.76
ITEM0007339,ORD0003691,PROD0048,3,3151.51,5,8981.8
ITEM0007340,ORD0003691,PROD0137,2,782.23,5,1486.24
ITEM0007341,ORD0003692,PROD0174,1,3533.54,5,3356.86
ITEM0007342,ORD0003692,PROD0145,4,3126.57,5,11880.97
ITEM0007343,ORD0003692,PROD0010,3,32892.86,5,93744.65
ITEM0007344,ORD0003693,PROD0180,3,5434.17,0,16302.51
ITEM0007345,ORD0003693,PROD0173,3,8594.8,0,25784.4
ITEM0007346,ORD0003694,PROD0195,2,437.39,10,787.3
ITEM0007347,ORD0003694,PROD0194,3,238.12,10,642.92
ITEM0007348,ORD0003694,PROD0100,1,2072.2,10,1864.98
ITEM0007349,ORD0003695,PROD0019,3,21504.79,10,58062.93
ITEM0007350,ORD0003695,PROD0084,3,784.26,10,2117.5
ITEM0007351,ORD0003695,PROD0070,1,1576.87,10,1419.18
ITEM0007352,ORD0003695,PROD0116,1,4368.06,10,3931.25
ITEM0007353,ORD0003696,PROD0045,4,3914.99,5,14876.96
ITEM0007354,ORD0003697,PROD0196,1,783.44,0,783.44
ITEM0007355,ORD0003697,PROD0141,1,1560.51,0,1560.51
ITEM0007356,ORD0003697,PROD0019,3,21504.79,0,64514.37
ITEM0007357,ORD0003697,PROD0082,1,2605.78,0,2605.78
ITEM0007358,ORD0003697,PROD0071,2,3890.52,0,7781.04
ITEM0007359,ORD0003698,PROD0196,4,783.44,20,2507.01
ITEM0007360,ORD0003698,PROD0092,3,12500.28,20,30000.67
ITEM0007361,ORD0003699,PROD0196,4,783.44,15,2663.7
ITEM0007362,ORD0003699,PROD0158,3,1726.09,15,4401.53
ITEM0007363,ORD0003699,PROD0052,4,5153.96,15,17523.46
ITEM0007364,ORD0003700,PROD0031,4,9586.34,15,32593.56
ITEM0007365,ORD0003700,PROD0113,2,8226.58,15,13985.19
ITEM0007366,ORD0003700,PROD0076,2,1552.25,15,2638.82
ITEM0007367,ORD0003701,PROD0060,4,3327.41,10,11978.68
ITEM0007368,ORD0003701,PROD0166,1,8733.51,10,7860.16
ITEM0007369,ORD0003701,PROD0029,3,50556.2,10,136501.74
ITEM0007370,ORD0003702,PROD0065,3,1921.1,0,5763.3
ITEM0007371,ORD0003703,PROD0018,3,43707.38,0,131122.14
ITEM0007372,ORD0003703,PROD0072,4,1395.26,0,5581.04
ITEM0007373,ORD0003703,PROD0131,4,2976.52,0,11906.08
ITEM0007374,ORD0003704,PROD0190,2,1254.49,15,2132.63
ITEM0007375,ORD0003704,PROD0010,3,32892.86,15,83876.79
ITEM0007376,ORD0003705,PROD0188,4,1318.66,20,4219.71
ITEM0007377,ORD0003705,PROD0165,2,8926.78,20,14282.85
ITEM0007378,ORD0003705,PROD0117,1,6437.22,20,5149.78
ITEM0007379,ORD0003705,PROD0198,4,890.11,20,2848.35
ITEM0007380,ORD0003706,PROD0142,4,497.1,0,1988.4
ITEM0007381,ORD0003706,PROD0062,4,1138.67,0,4554.68
ITEM0007382,ORD0003707,PROD0104,3,12889.74,0,38669.22
ITEM0007383,ORD0003708,PROD0135,3,1341.78,20,3220.27
ITEM0007384,ORD0003708,PROD0059,4,3047.56,20,9752.19
ITEM0007385,ORD0003708,PROD0106,3,478.86,20,1149.26
ITEM0007386,ORD0003708,PROD0128,4,5930.45,20,18977.44
ITEM0007387,ORD0003709,PROD0036,3,68871.11,10,185952
ITEM0007388,ORD0003710,PROD0191,1,1435.77,10,1292.19
ITEM0007389,ORD0003711,PROD0022,1,13967,0,13967
ITEM0007390,ORD0003711,PROD0147,4,3374.12,0,13496.48
ITEM0007391,ORD0003712,PROD0185,2,9871.56,0,19743.12
ITEM0007392,ORD0003713,PROD0168,2,3183.64,20,5093.82
ITEM0007393,ORD0003713,PROD0003,4,49712.42,20,159079.74
ITEM0007394,ORD0003713,PROD0036,2,68871.11,20,110193.78
ITEM0007395,ORD0003714,PROD0121,3,389.01,0,1167.03
ITEM0007396,ORD0003715,PROD0052,2,5153.96,10,9277.13
ITEM0007397,ORD0003715,PROD0183,1,4402.38,10,3962.14
ITEM0007398,ORD0003715,PROD0037,3,56353.69,10,152154.96
ITEM0007399,ORD0003716,PROD0129,3,838.52,5,2389.78
ITEM0007400,ORD0003716,PROD0014,4,7928.83,5,30129.55
ITEM0007401,ORD0003717,PROD0133,4,3562.22,0,14248.88
ITEM0007402,ORD0003718,PROD0034,3,50492.99,15,128757.12
ITEM0007403,ORD0003718,PROD0110,4,232.06,15,789
ITEM0007404,ORD0003718,PROD0015,1,67106.58,15,57040.59
ITEM0007405,ORD0003719,PROD0079,3,3868.77,0,11606.31
ITEM0007406,ORD0003719,PROD0194,1,238.12,0,238.12
ITEM0007407,ORD0003720,PROD0032,1,38426.75,0,38426.75
ITEM0007408,ORD0003721,PROD0160,3,756.75,10,2043.22
ITEM0007409,ORD0003721,PROD0041,2,3166.8,10,5700.24
ITEM0007410,ORD0003721,PROD0199,2,1292.33,10,2326.19
ITEM0007411,ORD0003721,PROD0091,4,10714.93,10,38573.75
ITEM0007412,ORD0003722,PROD0153,2,1769.3,15,3007.81
ITEM0007413,ORD0003722,PROD0097,4,7278.34,15,24746.36
ITEM0007414,ORD0003722,PROD0185,1,9871.56,15,8390.83
ITEM0007415,ORD0003723,PROD0153,3,1769.3,20,4246.32
ITEM0007416,ORD0003724,PROD0160,3,756.75,0,2270.25
ITEM0007417,ORD0003725,PROD0013,2,40791.56,0,81583.12
ITEM0007418,ORD0003725,PROD0130,2,3062.11,0,6124.22
ITEM0007419,ORD0003726,PROD0054,3,7111.73,20,17068.15
ITEM0007420,ORD0003726,PROD0112,4,885.01,20,2832.03
ITEM0007421,ORD0003726,PROD0066,2,2108.12,20,3372.99
ITEM0007422,ORD0003727,PROD0039,4,66174.82,0,264699.28
ITEM0007423,ORD0003727,PROD0062,4,1138.67,0,4554.68
ITEM0007424,ORD0003727,PROD0145,3,3126.57,0,9379.71
ITEM0007425,ORD0003727,PROD0183,1,4402.38,0,4402.38
ITEM0007426,ORD0003727,PROD0079,2,3868.77,0,7737.54
ITEM0007427,ORD0003728,PROD0016,3,43331.31,5,123494.23
ITEM0007428,ORD0003729,PROD0166,3,8733.51,5,24890.5
ITEM0007429,ORD0003729,PROD0153,1,1769.3,5,1680.83
ITEM0007430,ORD0003730,PROD0173,1,8594.8,0,8594.8
ITEM0007431,ORD0003730,PROD0181,3,5765.01,0,17295.03
ITEM0007432,ORD0003730,PROD0129,3,838.52,0,2515.56
ITEM0007433,ORD0003731,PROD0033,2,34304.44,25,51456.66
ITEM0007434,ORD0003731,PROD0169,3,3385.13,25,7616.54
ITEM0007435,ORD0003731,PROD0164,2,3543.37,25,5315.06
ITEM0007436,ORD0003731,PROD0118,1,10931.14,25,8198.36
ITEM0007437,ORD0003732,PROD0036,4,68871.11,0,275484.44
ITEM0007438,ORD0003732,PROD0151,1,350.77,0,350.77
ITEM0007439,ORD0003732,PROD0075,1,2702.38,0,2702.38
ITEM0007440,ORD0003733,PROD0133,4,3562.22,0,14248.88
ITEM0007441,ORD0003733,PROD0072,4,1395.26,0,5581.04
ITEM0007442,ORD0003733,PROD0151,4,350.77,0,1403.08
ITEM0007443,ORD0003733,PROD0197,4,490.98,0,1963.92
ITEM0007444,ORD0003734,PROD0195,2,437.39,10,787.3
ITEM0007445,ORD0003734,PROD0137,4,782.23,10,2816.03
ITEM0007446,ORD0003735,PROD0160,3,756.75,15,1929.71
ITEM0007447,ORD0003735,PROD0191,2,1435.77,15,2440.81
ITEM0007448,ORD0003735,PROD0045,1,3914.99,15,3327.74
ITEM0007449,ORD0003735,PROD0196,4,783.44,15,2663.7
ITEM0007450,ORD0003735,PROD0198,4,890.11,15,3026.37
ITEM0007451,ORD0003736,PROD0054,1,7111.73,20,5689.38
ITEM0007452,ORD0003736,PROD0182,1,2159.96,20,1727.97
ITEM0007453,ORD0003737,PROD0131,4,2976.52,15,10120.17
ITEM0007454,ORD0003737,PROD0147,3,3374.12,15,8604.01
ITEM0007455,ORD0003738,PROD0099,2,12519.55,5,23787.14
ITEM0007456,ORD0003738,PROD0071,1,3890.52,5,3695.99
ITEM0007457,ORD0003739,PROD0172,2,1025.46,10,1845.83
ITEM0007458,ORD0003739,PROD0121,2,389.01,10,700.22
ITEM0007459,ORD0003740,PROD0045,3,3914.99,0,11744.97
ITEM0007460,ORD0003740,PROD0070,4,1576.87,0,6307.48
ITEM0007461,ORD0003741,PROD0147,2,3374.12,10,6073.42
ITEM0007462,ORD0003742,PROD0064,1,4156.77,0,4156.77
ITEM0007463,ORD0003742,PROD0096,4,11526.42,0,46105.68
ITEM0007464,ORD0003742,PROD0068,3,827.32,0,2481.96
ITEM0007465,ORD0003743,PROD0016,3,43331.31,5,123494.23
ITEM0007466,ORD0003744,PROD0182,2,2159.96,5,4103.92
ITEM0007467,ORD0003744,PROD0040,1,63017.33,5,59866.46
ITEM0007468,ORD0003744,PROD0123,1,9762.37,5,9274.25
ITEM0007469,ORD0003744,PROD0007,2,27829.19,5,52875.46
ITEM0007470,ORD0003745,PROD0091,4,10714.93,0,42859.72
ITEM0007471,ORD0003745,PROD0038,1,15904.21,0,15904.21
ITEM0007472,ORD0003745,PROD0164,4,3543.37,0,14173.48
ITEM0007473,ORD0003746,PROD0006,1,69356.89,10,62421.2
ITEM0007474,ORD0003746,PROD0155,2,3659.76,10,6587.57
ITEM0007475,ORD0003746,PROD0072,2,1395.26,10,2511.47
ITEM0007476,ORD0003747,PROD0152,4,1817.42,10,6542.71
ITEM0007477,ORD0003748,PROD0152,3,1817.42,0,5452.26
ITEM0007478,ORD0003748,PROD0165,3,8926.78,0,26780.34
ITEM0007479,ORD0003749,PROD0176,2,975.19,0,1950.38
ITEM0007480,ORD0003749,PROD0088,3,1045.29,0,3135.87
ITEM0007481,ORD0003750,PROD0053,2,5844.47,25,8766.7
ITEM0007482,ORD0003750,PROD0008,4,57369.56,25,172108.68
ITEM0007483,ORD0003751,PROD0006,4,69356.89,0,277427.56
ITEM0007484,ORD0003751,PROD0110,4,232.06,0,928.24
ITEM0007485,ORD0003751,PROD0013,1,40791.56,0,40791.56
ITEM0007486,ORD0003752,PROD0099,3,12519.55,0,37558.65
ITEM0007487,ORD0003752,PROD0194,2,238.12,0,476.24
ITEM0007488,ORD0003753,PROD0031,3,9586.34,20,23007.22
ITEM0007489,ORD0003754,PROD0020,4,47540.26,0,190161.04
ITEM0007490,ORD0003755,PROD0005,4,40289.58,0,161158.32
ITEM0007491,ORD0003755,PROD0163,4,915.73,0,3662.92
ITEM0007492,ORD0003756,PROD0199,3,1292.33,5,3683.14
ITEM0007493,ORD0003756,PROD0053,2,5844.47,5,11104.49
ITEM0007494,ORD0003757,PROD0177,4,5985.15,0,23940.6
ITEM0007495,ORD0003758,PROD0146,4,4641.78,20,14853.7
ITEM0007496,ORD0003758,PROD0112,3,885.01,20,2124.02
ITEM0007497,ORD0003759,PROD0174,2,3533.54,10,6360.37
ITEM0007498,ORD0003759,PROD0175,4,6709.6,10,24154.56
ITEM0007499,ORD0003760,PROD0153,1,1769.3,10,1592.37
ITEM0007500,ORD0003761,PROD0105,4,8086.41,0,32345.64
ITEM0007501,ORD0003761,PROD0150,1,4265.82,0,4265.82
ITEM0007502,ORD0003762,PROD0056,2,4087.83,0,8175.66
ITEM0007503,ORD0003762,PROD0014,1,7928.83,0,7928.83
ITEM0007504,ORD0003763,PROD0111,1,4186.75,0,4186.75
ITEM0007505,ORD0003764,PROD0012,4,33141.38,20,106052.42
ITEM0007506,ORD0003764,PROD0065,4,1921.1,20,6147.52
ITEM0007507,ORD0003765,PROD0111,1,4186.75,20,3349.4
ITEM0007508,ORD0003765,PROD0057,1,742.06,20,593.65
ITEM0007509,ORD0003766,PROD0197,3,490.98,5,1399.29
ITEM0007510,ORD0003766,PROD0044,2,3912.72,5,7434.17
ITEM0007511,ORD0003767,PROD0135,2,1341.78,10,2415.2
ITEM0007512,ORD0003767,PROD0164,3,3543.37,10,9567.1
ITEM0007513,ORD0003767,PROD0040,2,63017.33,10,113431.19
ITEM0007514,ORD0003768,PROD0123,2,9762.37,5,18548.5
ITEM0007515,ORD0003768,PROD0043,3,5274.26,5,15031.64
ITEM0007516,ORD0003768,PROD0167,1,11229.68,5,10668.2
ITEM0007517,ORD0003768,PROD0160,2,756.75,5,1437.82
ITEM0007518,ORD0003769,PROD0006,3,69356.89,0,208070.67
ITEM0007519,ORD0003770,PROD0059,4,3047.56,10,10971.22
ITEM0007520,ORD0003770,PROD0038,3,15904.21,10,42941.37
ITEM0007521,ORD0003770,PROD0023,1,1503.94,10,1353.55
ITEM0007522,ORD0003771,PROD0110,1,232.06,5,220.46
ITEM0007523,ORD0003771,PROD0182,2,2159.96,5,4103.92
ITEM0007524,ORD0003771,PROD0052,2,5153.96,5,9792.52
ITEM0007525,ORD0003771,PROD0019,4,21504.79,5,81718.2
ITEM0007526,ORD0003772,PROD0111,2,4186.75,5,7954.82
ITEM0007527,ORD0003773,PROD0034,1,50492.99,0,50492.99
ITEM0007528,ORD0003773,PROD0037,2,56353.69,0,112707.38
ITEM0007529,ORD0003773,PROD0110,1,232.06,0,232.06
ITEM0007530,ORD0003774,PROD0136,3,2648.04,5,7546.91
ITEM0007531,ORD0003775,PROD0146,2,4641.78,5,8819.38
ITEM0007532,ORD0003776,PROD0070,2,1576.87,0,3153.74
ITEM0007533,ORD0003777,PROD0029,3,50556.2,10,136501.74
ITEM0007534,ORD0003778,PROD0070,1,1576.87,15,1340.34
ITEM0007535,ORD0003778,PROD0158,1,1726.09,15,1467.18
ITEM0007536,ORD0003778,PROD0022,1,13967,15,11871.95
ITEM0007537,ORD0003779,PROD0172,3,1025.46,15,2614.92
ITEM0007538,ORD0003779,PROD0181,4,5765.01,15,19601.03
ITEM0007539,ORD0003779,PROD0153,1,1769.3,15,1503.9
ITEM0007540,ORD0003780,PROD0023,4,1503.94,0,6015.76
ITEM0007541,ORD0003781,PROD0065,1,1921.1,15,1632.94
ITEM0007542,ORD0003781,PROD0027,1,27299.16,15,23204.29
ITEM0007543,ORD0003782,PROD0178,3,1834.02,0,5502.06
ITEM0007544,ORD0003783,PROD0108,2,8722.77,5,16573.26
ITEM0007545,ORD0003784,PROD0068,4,827.32,0,3309.28
ITEM0007546,ORD0003784,PROD0082,1,2605.78,0,2605.78
ITEM0007547,ORD0003785,PROD0054,3,7111.73,0,21335.19
ITEM0007548,ORD0003785,PROD0034,1,50492.99,0,50492.99
ITEM0007549,ORD0003785,PROD0080,3,2405.82,0,7217.46
ITEM0007550,ORD0003785,PROD0003,4,49712.42,0,198849.68
ITEM0007551,ORD0003786,PROD0200,1,540.59,10,486.53
ITEM0007552,ORD0003787,PROD0129,3,838.52,5,2389.78
ITEM0007553,ORD0003787,PROD0182,4,2159.96,5,8207.85
ITEM0007554,ORD0003787,PROD0041,2,3166.8,5,6016.92
ITEM0007555,ORD0003788,PROD0177,1,5985.15,0,5985.15
ITEM0007556,ORD0003788,PROD0153,2,1769.3,0,3538.6
ITEM0007557,ORD0003789,PROD0015,3,67106.58,5,191253.75
ITEM0007558,ORD0003790,PROD0022,3,13967,15,35615.85
ITEM0007559,ORD0003790,PROD0036,4,68871.11,15,234161.77
ITEM0007560,ORD0003791,PROD0153,3,1769.3,5,5042.5
ITEM0007561,ORD0003791,PROD0092,2,12500.28,5,23750.53
ITEM0007562,ORD0003792,PROD0029,4,50556.2,15,171891.08
ITEM0007563,ORD0003793,PROD0165,4,8926.78,5,33921.76
ITEM0007564,ORD0003793,PROD0072,2,1395.26,5,2650.99
ITEM0007565,ORD0003793,PROD0010,3,32892.86,5,93744.65
ITEM0007566,ORD0003794,PROD0156,2,366.5,0,733
ITEM0007567,ORD0003795,PROD0177,2,5985.15,0,11970.3
ITEM0007568,ORD0003795,PROD0038,4,15904.21,0,63616.84
ITEM0007569,ORD0003795,PROD0196,4,783.44,0,3133.76
ITEM0007570,ORD0003796,PROD0183,4,4402.38,15,14968.09
ITEM0007571,ORD0003797,PROD0027,1,27299.16,10,24569.24
ITEM0007572,ORD0003798,PROD0084,1,784.26,25,588.19
ITEM0007573,ORD0003799,PROD0063,3,4348.36,15,11088.32
ITEM0007574,ORD0003800,PROD0143,4,382.09,15,1299.11
ITEM0007575,ORD0003801,PROD0020,1,47540.26,10,42786.23
ITEM0007576,ORD0003801,PROD0062,1,1138.67,10,1024.8
ITEM0007577,ORD0003802,PROD0166,2,8733.51,5,16593.67
ITEM0007578,ORD0003802,PROD0182,3,2159.96,5,6155.89
ITEM0007579,ORD0003803,PROD0081,4,3032.39,10,10916.6
ITEM0007580,ORD0003803,PROD0104,1,12889.74,10,11600.77
ITEM0007581,ORD0003803,PROD0029,2,50556.2,10,91001.16
ITEM0007582,ORD0003803,PROD0013,3,40791.56,10,110137.21
ITEM0007583,ORD0003804,PROD0166,3,8733.51,0,26200.53
ITEM0007584,ORD0003804,PROD0018,2,43707.38,0,87414.76
ITEM0007585,ORD0003804,PROD0046,1,6212.04,0,6212.04
ITEM0007586,ORD0003805,PROD0119,1,2991.81,0,2991.81
ITEM0007587,ORD0003806,PROD0061,2,1507.1,0,3014.2
ITEM0007588,ORD0003806,PROD0167,2,11229.68,0,22459.36
ITEM0007589,ORD0003806,PROD0133,1,3562.22,0,3562.22
ITEM0007590,ORD0003806,PROD0099,2,12519.55,0,25039.1
ITEM0007591,ORD0003807,PROD0148,3,2543.16,0,7629.48
ITEM0007592,ORD0003808,PROD0006,1,69356.89,15,58953.36
ITEM0007593,ORD0003808,PROD0067,4,7130.72,15,24244.45
ITEM0007594,ORD0003809,PROD0199,3,1292.33,0,3876.99
ITEM0007595,ORD0003809,PROD0107,2,5093.26,0,10186.52
ITEM0007596,ORD0003809,PROD0188,3,1318.66,0,3955.98
ITEM0007597,ORD0003810,PROD0165,3,8926.78,0,26780.34
ITEM0007598,ORD0003810,PROD0164,2,3543.37,0,7086.74
ITEM0007599,ORD0003811,PROD0123,1,9762.37,0,9762.37
ITEM0007600,ORD0003812,PROD0004,1,25591.73,0,25591.73
ITEM0007601,ORD0003813,PROD0044,2,3912.72,10,7042.9
ITEM0007602,ORD0003814,PROD0034,1,50492.99,0,50492.99
ITEM0007603,ORD0003815,PROD0075,3,2702.38,5,7701.78
ITEM0007604,ORD0003816,PROD0068,4,827.32,0,3309.28
ITEM0007605,ORD0003816,PROD0077,3,6124.52,0,18373.56
ITEM0007606,ORD0003817,PROD0027,4,27299.16,5,103736.81
ITEM0007607,ORD0003817,PROD0118,2,10931.14,5,20769.17
ITEM0007608,ORD0003817,PROD0013,2,40791.56,5,77503.96
ITEM0007609,ORD0003818,PROD0092,3,12500.28,10,33750.76
ITEM0007610,ORD0003818,PROD0019,3,21504.79,10,58062.93
ITEM0007611,ORD0003819,PROD0147,1,3374.12,0,3374.12
ITEM0007612,ORD0003820,PROD0051,2,5103.04,15,8675.17
ITEM0007613,ORD0003821,PROD0046,2,6212.04,15,10560.47
ITEM0007614,ORD0003821,PROD0185,4,9871.56,15,33563.3
ITEM0007615,ORD0003821,PROD0150,4,4265.82,15,14503.79
ITEM0007616,ORD0003821,PROD0158,3,1726.09,15,4401.53
ITEM0007617,ORD0003822,PROD0054,3,7111.73,15,18134.91
ITEM0007618,ORD0003822,PROD0150,4,4265.82,15,14503.79
ITEM0007619,ORD0003823,PROD0056,1,4087.83,10,3679.05
ITEM0007620,ORD0003823,PROD0013,2,40791.56,10,73424.81
ITEM0007621,ORD0003823,PROD0130,3,3062.11,10,8267.7
ITEM0007622,ORD0003823,PROD0148,2,2543.16,10,4577.69
ITEM0007623,ORD0003823,PROD0050,1,4918.81,10,4426.93
ITEM0007624,ORD0003824,PROD0116,4,4368.06,10,15725.02
ITEM0007625,ORD0003825,PROD0041,1,3166.8,5,3008.46
ITEM0007626,ORD0003826,PROD0066,2,2108.12,25,3162.18
ITEM0007627,ORD0003827,PROD0149,1,3462.42,0,3462.42
ITEM0007628,ORD0003828,PROD0037,3,56353.69,0,169061.07
ITEM0007629,ORD0003829,PROD0109,1,6201.15,15,5270.98
ITEM0007630,ORD0003830,PROD0049,3,567.72,5,1618
ITEM0007631,ORD0003830,PROD0109,3,6201.15,5,17673.28
ITEM0007632,ORD0003831,PROD0034,3,50492.99,0,151478.97
ITEM0007633,ORD0003831,PROD0006,1,69356.89,0,69356.89
ITEM0007634,ORD0003832,PROD0123,3,9762.37,10,26358.4
ITEM0007635,ORD0003832,PROD0117,2,6437.22,10,11587
ITEM0007636,ORD0003833,PROD0199,3,1292.33,20,3101.59
ITEM0007637,ORD0003833,PROD0106,3,478.86,20,1149.26
ITEM0007638,ORD0003834,PROD0109,3,6201.15,15,15812.93
ITEM0007639,ORD0003835,PROD0160,2,756.75,10,1362.15
ITEM0007640,ORD0003835,PROD0099,1,12519.55,10,11267.6
ITEM0007641,ORD0003836,PROD0025,2,48796.51,10,87833.72
ITEM0007642,ORD0003836,PROD0108,4,8722.77,10,31401.97
ITEM0007643,ORD0003836,PROD0058,3,1179.58,10,3184.87
ITEM0007644,ORD0003837,PROD0002,1,50293.82,0,50293.82
ITEM0007645,ORD0003837,PROD0156,4,366.5,0,1466
ITEM0007646,ORD0003838,PROD0185,4,9871.56,20,31588.99
ITEM0007647,ORD0003838,PROD0032,4,38426.75,20,122965.6
ITEM0007648,ORD0003838,PROD0189,4,897.95,20,2873.44
ITEM0007649,ORD0003839,PROD0142,4,497.1,20,1590.72
ITEM0007650,ORD0003839,PROD0043,2,5274.26,20,8438.82
ITEM0007651,ORD0003839,PROD0161,2,3119.91,20,4991.86
ITEM0007652,ORD0003839,PROD0045,2,3914.99,20,6263.98
ITEM0007653,ORD0003839,PROD0148,1,2543.16,20,2034.53
ITEM0007654,ORD0003840,PROD0147,3,3374.12,20,8097.89
ITEM0007655,ORD0003840,PROD0070,4,1576.87,20,5045.98
ITEM0007656,ORD0003841,PROD0054,4,7111.73,0,28446.92
ITEM0007657,ORD0003841,PROD0085,4,6089.41,0,24357.64
ITEM0007658,ORD0003841,PROD0135,3,1341.78,0,4025.34
ITEM0007659,ORD0003841,PROD0046,4,6212.04,0,24848.16
ITEM0007660,ORD0003842,PROD0114,1,12529.93,15,10650.44
ITEM0007661,ORD0003842,PROD0036,2,68871.11,15,117080.89
ITEM0007662,ORD0003843,PROD0044,2,3912.72,5,7434.17
ITEM0007663,ORD0003844,PROD0077,3,6124.52,10,16536.2
ITEM0007664,ORD0003844,PROD0041,4,3166.8,10,11400.48
ITEM0007665,ORD0003845,PROD0162,2,1300.66,0,2601.32
ITEM0007666,ORD0003845,PROD0053,1,5844.47,0,5844.47
ITEM0007667,ORD0003845,PROD0029,3,50556.2,0,151668.6
ITEM0007668,ORD0003845,PROD0198,2,890.11,0,1780.22
ITEM0007669,ORD0003846,PROD0033,1,34304.44,15,29158.77
ITEM0007670,ORD0003847,PROD0026,4,40491.32,0,161965.28
ITEM0007671,ORD0003847,PROD0007,2,27829.19,0,55658.38
ITEM0007672,ORD0003848,PROD0085,3,6089.41,0,18268.23
ITEM0007673,ORD0003848,PROD0148,4,2543.16,0,10172.64
ITEM0007674,ORD0003848,PROD0042,2,1233.59,0,2467.18
ITEM0007675,ORD0003849,PROD0068,4,827.32,5,3143.82
ITEM0007676,ORD0003850,PROD0022,3,13967,10,37710.9
ITEM0007677,ORD0003850,PROD0029,2,50556.2,10,91001.16
ITEM0007678,ORD0003850,PROD0085,1,6089.41,10,5480.47
ITEM0007679,ORD0003850,PROD0001,4,4321.28,10,15556.61
ITEM0007680,ORD0003850,PROD0044,3,3912.72,10,10564.34
ITEM0007681,ORD0003851,PROD0117,1,6437.22,10,5793.5
ITEM0007682,ORD0003851,PROD0044,2,3912.72,10,7042.9
ITEM0007683,ORD0003851,PROD0109,3,6201.15,10,16743.1
ITEM0007684,ORD0003851,PROD0068,3,827.32,10,2233.76
ITEM0007685,ORD0003852,PROD0154,3,1821.18,0,5463.54
ITEM0007686,ORD0003852,PROD0192,2,867.73,0,1735.46
ITEM0007687,ORD0003853,PROD0025,2,48796.51,0,97593.02
ITEM0007688,ORD0003853,PROD0196,1,783.44,0,783.44
ITEM0007689,ORD0003853,PROD0118,1,10931.14,0,10931.14
ITEM0007690,ORD0003853,PROD0165,1,8926.78,0,8926.78
ITEM0007691,ORD0003854,PROD0030,2,745.3,0,1490.6
ITEM0007692,ORD0003855,PROD0198,3,890.11,10,2403.3
ITEM0007693,ORD0003856,PROD0103,2,2970.53,0,5941.06
ITEM0007694,ORD0003857,PROD0094,1,8217.48,0,8217.48
ITEM0007695,ORD0003857,PROD0085,3,6089.41,0,18268.23
ITEM0007696,ORD0003857,PROD0048,4,3151.51,0,12606.04
ITEM0007697,ORD0003857,PROD0177,3,5985.15,0,17955.45
ITEM0007698,ORD0003857,PROD0051,1,5103.04,0,5103.04
ITEM0007699,ORD0003858,PROD0169,2,3385.13,5,6431.75
ITEM0007700,ORD0003859,PROD0040,1,63017.33,0,63017.33
ITEM0007701,ORD0003860,PROD0127,3,9556.44,0,28669.32
ITEM0007702,ORD0003860,PROD0041,2,3166.8,0,6333.6
ITEM0007703,ORD0003860,PROD0103,3,2970.53,0,8911.59
ITEM0007704,ORD0003861,PROD0173,3,8594.8,0,25784.4
ITEM0007705,ORD0003861,PROD0155,1,3659.76,0,3659.76
ITEM0007706,ORD0003862,PROD0002,3,50293.82,0,150881.46
ITEM0007707,ORD0003863,PROD0014,4,7928.83,20,25372.26
ITEM0007708,ORD0003863,PROD0177,3,5985.15,20,14364.36
ITEM0007709,ORD0003864,PROD0064,3,4156.77,0,12470.31
ITEM0007710,ORD0003864,PROD0145,1,3126.57,0,3126.57
ITEM0007711,ORD0003865,PROD0137,2,782.23,0,1564.46
ITEM0007712,ORD0003866,PROD0018,1,43707.38,15,37151.27
ITEM0007713,ORD0003866,PROD0087,3,5742.05,15,14642.23
ITEM0007714,ORD0003867,PROD0079,3,3868.77,10,10445.68
ITEM0007715,ORD0003867,PROD0030,3,745.3,10,2012.31
ITEM0007716,ORD0003867,PROD0112,3,885.01,10,2389.53
ITEM0007717,ORD0003867,PROD0076,3,1552.25,10,4191.08
ITEM0007718,ORD0003868,PROD0088,1,1045.29,5,993.03
ITEM0007719,ORD0003868,PROD0037,1,56353.69,5,53536.01
ITEM0007720,ORD0003869,PROD0142,2,497.1,0,994.2
ITEM0007721,ORD0003869,PROD0007,2,27829.19,0,55658.38
ITEM0007722,ORD0003870,PROD0154,4,1821.18,10,6556.25
ITEM0007723,ORD0003871,PROD0083,2,1974.27,10,3553.69
ITEM0007724,ORD0003871,PROD0166,3,8733.51,10,23580.48
ITEM0007725,ORD0003872,PROD0147,3,3374.12,0,10122.36
ITEM0007726,ORD0003873,PROD0066,4,2108.12,15,7167.61
ITEM0007727,ORD0003873,PROD0128,2,5930.45,15,10081.76
ITEM0007728,ORD0003874,PROD0151,2,350.77,0,701.54
ITEM0007729,ORD0003875,PROD0111,2,4186.75,0,8373.5
ITEM0007730,ORD0003875,PROD0127,4,9556.44,0,38225.76
ITEM0007731,ORD0003875,PROD0042,2,1233.59,0,2467.18
ITEM0007732,ORD0003875,PROD0185,2,9871.56,0,19743.12
ITEM0007733,ORD0003875,PROD0032,2,38426.75,0,76853.5
ITEM0007734,ORD0003876,PROD0057,2,742.06,5,1409.91
ITEM0007735,ORD0003877,PROD0178,2,1834.02,5,3484.64
ITEM0007736,ORD0003878,PROD0073,4,346.89,5,1318.18
ITEM0007737,ORD0003878,PROD0059,4,3047.56,5,11580.73
ITEM0007738,ORD0003879,PROD0168,3,3183.64,15,8118.28
ITEM0007739,ORD0003879,PROD0013,4,40791.56,15,138691.3
ITEM0007740,ORD0003880,PROD0027,3,27299.16,0,81897.48
ITEM0007741,ORD0003881,PROD0058,3,1179.58,0,3538.74
ITEM0007742,ORD0003882,PROD0041,4,3166.8,0,12667.2
ITEM0007743,ORD0003883,PROD0172,2,1025.46,10,1845.83
ITEM0007744,ORD0003883,PROD0198,3,890.11,10,2403.3
ITEM0007745,ORD0003884,PROD0073,4,346.89,20,1110.05
ITEM0007746,ORD0003885,PROD0040,3,63017.33,15,160694.19
ITEM0007747,ORD0003886,PROD0167,3,11229.68,0,33689.04
ITEM0007748,ORD0003887,PROD0054,2,7111.73,0,14223.46
ITEM0007749,ORD0003887,PROD0079,4,3868.77,0,15475.08
ITEM0007750,ORD0003888,PROD0196,4,783.44,10,2820.38
ITEM0007751,ORD0003889,PROD0039,1,66174.82,25,49631.12
ITEM0007752,ORD0003889,PROD0038,2,15904.21,25,23856.32
ITEM0007753,ORD0003890,PROD0152,3,1817.42,0,5452.26
ITEM0007754,ORD0003890,PROD0054,4,7111.73,0,28446.92
ITEM0007755,ORD0003891,PROD0042,3,1233.59,0,3700.77
ITEM0007756,ORD0003891,PROD0179,1,11478.91,0,11478.91
ITEM0007757,ORD0003892,PROD0116,4,4368.06,0,17472.24
ITEM0007758,ORD0003892,PROD0156,1,366.5,0,366.5
ITEM0007759,ORD0003893,PROD0013,1,40791.56,5,38751.98
ITEM0007760,ORD0003894,PROD0082,2,2605.78,5,4950.98
ITEM0007761,ORD0003895,PROD0171,2,9896.61,10,17813.9
ITEM0007762,ORD0003896,PROD0004,4,25591.73,5,97248.57
ITEM0007763,ORD0003897,PROD0158,3,1726.09,25,3883.7
ITEM0007764,ORD0003898,PROD0145,3,3126.57,15,7972.75
ITEM0007765,ORD0003899,PROD0037,1,56353.69,0,56353.69
ITEM0007766,ORD0003899,PROD0049,1,567.72,0,567.72
ITEM0007767,ORD0003899,PROD0006,4,69356.89,0,277427.56
ITEM0007768,ORD0003900,PROD0111,3,4186.75,5,11932.24
ITEM0007769,ORD0003900,PROD0157,3,1549.94,5,4417.33
ITEM0007770,ORD0003900,PROD0097,4,7278.34,5,27657.69
ITEM0007771,ORD0003900,PROD0077,2,6124.52,5,11636.59
ITEM0007772,ORD0003900,PROD0046,3,6212.04,5,17704.31
ITEM0007773,ORD0003901,PROD0192,4,867.73,10,3123.83
ITEM0007774,ORD0003901,PROD0151,3,350.77,10,947.08
ITEM0007775,ORD0003901,PROD0070,2,1576.87,10,2838.37
ITEM0007776,ORD0003902,PROD0193,2,628.8,15,1068.96
ITEM0007777,ORD0003903,PROD0033,1,34304.44,5,32589.22
ITEM0007778,ORD0003904,PROD0079,2,3868.77,0,7737.54
ITEM0007779,ORD0003905,PROD0084,1,784.26,0,784.26
ITEM0007780,ORD0003905,PROD0022,2,13967,0,27934
ITEM0007781,ORD0003906,PROD0096,2,11526.42,5,21900.2
ITEM0007782,ORD0003906,PROD0180,1,5434.17,5,5162.46
ITEM0007783,ORD0003906,PROD0169,3,3385.13,5,9647.62
ITEM0007784,ORD0003906,PROD0109,1,6201.15,5,5891.09
ITEM0007785,ORD0003906,PROD0145,1,3126.57,5,2970.24
ITEM0007786,ORD0003907,PROD0056,1,4087.83,0,4087.83
ITEM0007787,ORD0003907,PROD0045,1,3914.99,0,3914.99
ITEM0007788,ORD0003908,PROD0061,3,1507.1,5,4295.23
ITEM0007789,ORD0003908,PROD0158,2,1726.09,5,3279.57
ITEM0007790,ORD0003908,PROD0186,2,1358.84,5,2581.8
ITEM0007791,ORD0003909,PROD0055,3,3434.95,0,10304.85
ITEM0007792,ORD0003909,PROD0157,2,1549.94,0,3099.88
ITEM0007793,ORD0003909,PROD0046,3,6212.04,0,18636.12
ITEM0007794,ORD0003909,PROD0023,4,1503.94,0,6015.76
ITEM0007795,ORD0003910,PROD0028,2,74581.74,0,149163.48
ITEM0007796,ORD0003911,PROD0048,3,3151.51,0,9454.53
ITEM0007797,ORD0003912,PROD0090,2,859.29,0,1718.58
ITEM0007798,ORD0003912,PROD0190,1,1254.49,0,1254.49
ITEM0007799,ORD0003913,PROD0038,2,15904.21,15,27037.16
ITEM0007800,ORD0003913,PROD0169,3,3385.13,15,8632.08
ITEM0007801,ORD0003914,PROD0133,2,3562.22,5,6768.22
ITEM0007802,ORD0003915,PROD0081,2,3032.39,25,4548.58
ITEM0007803,ORD0003915,PROD0123,2,9762.37,25,14643.56
ITEM0007804,ORD0003915,PROD0106,4,478.86,25,1436.58
ITEM0007805,ORD0003916,PROD0148,4,2543.16,25,7629.48
ITEM0007806,ORD0003917,PROD0031,4,9586.34,0,38345.36
ITEM0007807,ORD0003918,PROD0099,1,12519.55,0,12519.55
ITEM0007808,ORD0003918,PROD0133,4,3562.22,0,14248.88
ITEM0007809,ORD0003919,PROD0051,1,5103.04,0,5103.04
ITEM0007810,ORD0003919,PROD0197,1,490.98,0,490.98
ITEM0007811,ORD0003920,PROD0200,1,540.59,0,540.59
ITEM0007812,ORD0003920,PROD0065,3,1921.1,0,5763.3
ITEM0007813,ORD0003920,PROD0003,4,49712.42,0,198849.68
ITEM0007814,ORD0003921,PROD0108,4,8722.77,5,33146.53
ITEM0007815,ORD0003922,PROD0043,2,5274.26,10,9493.67
ITEM0007816,ORD0003922,PROD0014,3,7928.83,10,21407.84
ITEM0007817,ORD0003923,PROD0013,2,40791.56,0,81583.12
ITEM0007818,ORD0003924,PROD0104,2,12889.74,15,21912.56
ITEM0007819,ORD0003924,PROD0130,3,3062.11,15,7808.38
ITEM0007820,ORD0003925,PROD0179,3,11478.91,0,34436.73
ITEM0007821,ORD0003926,PROD0180,4,5434.17,0,21736.68
ITEM0007822,ORD0003926,PROD0049,1,567.72,0,567.72
ITEM0007823,ORD0003926,PROD0169,2,3385.13,0,6770.26
ITEM0007824,ORD0003927,PROD0147,2,3374.12,5,6410.83
ITEM0007825,ORD0003928,PROD0178,2,1834.02,15,3117.83
ITEM0007826,ORD0003928,PROD0060,1,3327.41,15,2828.3
ITEM0007827,ORD0003928,PROD0071,1,3890.52,15,3306.94
ITEM0007828,ORD0003929,PROD0173,1,8594.8,10,7735.32
ITEM0007829,ORD0003929,PROD0200,2,540.59,10,973.06
ITEM0007830,ORD0003929,PROD0056,3,4087.83,10,11037.14
ITEM0007831,ORD0003930,PROD0163,3,915.73,0,2747.19
ITEM0007832,ORD0003931,PROD0083,1,1974.27,0,1974.27
ITEM0007833,ORD0003931,PROD0067,3,7130.72,0,21392.16
ITEM0007834,ORD0003931,PROD0150,4,4265.82,0,17063.28
ITEM0007835,ORD0003932,PROD0129,2,838.52,0,1677.04
ITEM0007836,ORD0003932,PROD0084,4,784.26,0,3137.04
ITEM0007837,ORD0003932,PROD0112,1,885.01,0,885.01
ITEM0007838,ORD0003932,PROD0141,3,1560.51,0,4681.53
ITEM0007839,ORD0003933,PROD0183,4,4402.38,0,17609.52
ITEM0007840,ORD0003933,PROD0129,3,838.52,0,2515.56
ITEM0007841,ORD0003933,PROD0035,4,24304.78,0,97219.12
ITEM0007842,ORD0003933,PROD0185,4,9871.56,0,39486.24
ITEM0007843,ORD0003934,PROD0186,1,1358.84,20,1087.07
ITEM0007844,ORD0003934,PROD0173,4,8594.8,20,27503.36
ITEM0007845,ORD0003935,PROD0060,3,3327.41,0,9982.23
ITEM0007846,ORD0003935,PROD0141,3,1560.51,0,4681.53
ITEM0007847,ORD0003936,PROD0062,3,1138.67,0,3416.01
ITEM0007848,ORD0003937,PROD0178,4,1834.02,0,7336.08
ITEM0007849,ORD0003938,PROD0151,1,350.77,0,350.77
ITEM0007850,ORD0003938,PROD0088,4,1045.29,0,4181.16
ITEM0007851,ORD0003938,PROD0141,3,1560.51,0,4681.53
ITEM0007852,ORD0003939,PROD0197,1,490.98,0,490.98
ITEM0007853,ORD0003940,PROD0090,2,859.29,10,1546.72
ITEM0007854,ORD0003941,PROD0087,4,5742.05,20,18374.56
ITEM0007855,ORD0003941,PROD0034,3,50492.99,20,121183.18
ITEM0007856,ORD0003942,PROD0193,1,628.8,5,597.36
ITEM0007857,ORD0003942,PROD0123,2,9762.37,5,18548.5
ITEM0007858,ORD0003942,PROD0096,2,11526.42,5,21900.2
ITEM0007859,ORD0003943,PROD0041,4,3166.8,0,12667.2
ITEM0007860,ORD0003943,PROD0076,1,1552.25,0,1552.25
ITEM0007861,ORD0003944,PROD0157,2,1549.94,10,2789.89
ITEM0007862,ORD0003944,PROD0057,3,742.06,10,2003.56
ITEM0007863,ORD0003945,PROD0075,2,2702.38,10,4864.28
ITEM0007864,ORD0003946,PROD0127,3,9556.44,15,24368.92
ITEM0007865,ORD0003947,PROD0055,2,3434.95,20,5495.92
ITEM0007866,ORD0003947,PROD0176,3,975.19,20,2340.46
ITEM0007867,ORD0003948,PROD0157,3,1549.94,20,3719.86
ITEM0007868,ORD0003948,PROD0085,1,6089.41,20,4871.53
ITEM0007869,ORD0003949,PROD0145,2,3126.57,5,5940.48
ITEM0007870,ORD0003949,PROD0028,1,74581.74,5,70852.65
ITEM0007871,ORD0003950,PROD0129,2,838.52,5,1593.19
ITEM0007872,ORD0003950,PROD0062,4,1138.67,5,4326.95
ITEM0007873,ORD0003950,PROD0084,3,784.26,5,2235.14
ITEM0007874,ORD0003951,PROD0158,1,1726.09,10,1553.48
ITEM0007875,ORD0003952,PROD0058,1,1179.58,10,1061.62
ITEM0007876,ORD0003953,PROD0141,1,1560.51,0,1560.51
ITEM0007877,ORD0003954,PROD0179,2,11478.91,0,22957.82
ITEM0007878,ORD0003954,PROD0141,2,1560.51,0,3121.02
ITEM0007879,ORD0003955,PROD0172,4,1025.46,15,3486.56
ITEM0007880,ORD0003956,PROD0039,3,66174.82,5,188598.24
ITEM0007881,ORD0003956,PROD0017,2,8120.73,5,15429.39
ITEM0007882,ORD0003957,PROD0010,1,32892.86,0,32892.86
ITEM0007883,ORD0003958,PROD0144,3,905.61,5,2580.99
ITEM0007884,ORD0003959,PROD0096,3,11526.42,25,25934.44
ITEM0007885,ORD0003959,PROD0167,3,11229.68,25,25266.78
ITEM0007886,ORD0003959,PROD0035,4,24304.78,25,72914.34
ITEM0007887,ORD0003960,PROD0029,4,50556.2,0,202224.8
ITEM0007888,ORD0003960,PROD0012,2,33141.38,0,66282.76
ITEM0007889,ORD0003960,PROD0121,1,389.01,0,389.01
ITEM0007890,ORD0003961,PROD0073,4,346.89,0,1387.56
ITEM0007891,ORD0003961,PROD0065,1,1921.1,0,1921.1
ITEM0007892,ORD0003962,PROD0098,1,10950.31,0,10950.31
ITEM0007893,ORD0003963,PROD0162,2,1300.66,5,2471.25
ITEM0007894,ORD0003963,PROD0073,2,346.89,5,659.09
ITEM0007895,ORD0003964,PROD0056,3,4087.83,0,12263.49
ITEM0007896,ORD0003965,PROD0142,3,497.1,0,1491.3
ITEM0007897,ORD0003965,PROD0076,4,1552.25,0,6209
ITEM0007898,ORD0003965,PROD0034,2,50492.99,0,100985.98
ITEM0007899,ORD0003965,PROD0154,4,1821.18,0,7284.72
ITEM0007900,ORD0003966,PROD0065,4,1921.1,20,6147.52
ITEM0007901,ORD0003966,PROD0015,1,67106.58,20,53685.26
ITEM0007902,ORD0003967,PROD0037,4,56353.69,0,225414.76
ITEM0007903,ORD0003968,PROD0040,4,63017.33,20,201655.46
ITEM0007904,ORD0003968,PROD0133,2,3562.22,20,5699.55
ITEM0007905,ORD0003969,PROD0138,4,1511.7,10,5442.12
ITEM0007906,ORD0003969,PROD0106,2,478.86,10,861.95
ITEM0007907,ORD0003970,PROD0033,1,34304.44,10,30874
ITEM0007908,ORD0003970,PROD0005,3,40289.58,10,108781.87
ITEM0007909,ORD0003971,PROD0138,2,1511.7,0,3023.4
ITEM0007910,ORD0003972,PROD0043,3,5274.26,5,15031.64
ITEM0007911,ORD0003973,PROD0190,1,1254.49,0,1254.49
ITEM0007912,ORD0003974,PROD0177,2,5985.15,10,10773.27
ITEM0007913,ORD0003974,PROD0105,1,8086.41,10,7277.77
ITEM0007914,ORD0003974,PROD0076,2,1552.25,10,2794.05
ITEM0007915,ORD0003975,PROD0171,3,9896.61,10,26720.85
ITEM0007916,ORD0003976,PROD0127,1,9556.44,0,9556.44
ITEM0007917,ORD0003976,PROD0002,2,50293.82,0,100587.64
ITEM0007918,ORD0003976,PROD0199,3,1292.33,0,3876.99
ITEM0007919,ORD0003977,PROD0195,1,437.39,0,437.39
ITEM0007920,ORD0003978,PROD0052,3,5153.96,0,15461.88
ITEM0007921,ORD0003979,PROD0091,2,10714.93,20,17143.89
ITEM0007922,ORD0003980,PROD0155,4,3659.76,0,14639.04
ITEM0007923,ORD0003981,PROD0073,2,346.89,5,659.09
ITEM0007924,ORD0003981,PROD0033,4,34304.44,5,130356.87
ITEM0007925,ORD0003981,PROD0115,4,11862.11,5,45076.02
ITEM0007926,ORD0003982,PROD0097,2,7278.34,5,13828.85
ITEM0007927,ORD0003983,PROD0083,2,1974.27,10,3553.69
ITEM0007928,ORD0003983,PROD0005,3,40289.58,10,108781.87
ITEM0007929,ORD0003983,PROD0039,4,66174.82,10,238229.35
ITEM0007930,ORD0003984,PROD0039,1,66174.82,15,56248.6
ITEM0007931,ORD0003985,PROD0110,2,232.06,0,464.12
ITEM0007932,ORD0003986,PROD0068,3,827.32,5,2357.86
ITEM0007933,ORD0003986,PROD0136,3,2648.04,5,7546.91
ITEM0007934,ORD0003986,PROD0188,3,1318.66,5,3758.18
ITEM0007935,ORD0003987,PROD0186,3,1358.84,0,4076.52
ITEM0007936,ORD0003987,PROD0118,2,10931.14,0,21862.28
ITEM0007937,ORD0003987,PROD0159,2,584.29,0,1168.58
ITEM0007938,ORD0003988,PROD0118,2,10931.14,5,20769.17
ITEM0007939,ORD0003988,PROD0043,2,5274.26,5,10021.09
ITEM0007940,ORD0003988,PROD0163,3,915.73,5,2609.83
ITEM0007941,ORD0003989,PROD0037,4,56353.69,10,202873.28
ITEM0007942,ORD0003990,PROD0107,2,5093.26,0,10186.52
ITEM0007943,ORD0003990,PROD0049,3,567.72,0,1703.16
ITEM0007944,ORD0003991,PROD0165,2,8926.78,20,14282.85
ITEM0007945,ORD0003991,PROD0005,3,40289.58,20,96694.99
ITEM0007946,ORD0003991,PROD0133,1,3562.22,20,2849.78
ITEM0007947,ORD0003992,PROD0147,1,3374.12,0,3374.12
ITEM0007948,ORD0003993,PROD0073,3,346.89,5,988.64
ITEM0007949,ORD0003994,PROD0188,3,1318.66,0,3955.98
ITEM0007950,ORD0003995,PROD0151,1,350.77,5,333.23
ITEM0007951,ORD0003995,PROD0056,2,4087.83,5,7766.88
ITEM0007952,ORD0003996,PROD0157,3,1549.94,0,4649.82
ITEM0007953,ORD0003996,PROD0186,1,1358.84,0,1358.84
ITEM0007954,ORD0003996,PROD0083,3,1974.27,0,5922.81
ITEM0007955,ORD0003997,PROD0143,1,382.09,15,324.78
ITEM0007956,ORD0003998,PROD0132,4,1160.61,5,4410.32
ITEM0007957,ORD0003999,PROD0042,2,1233.59,0,2467.18
ITEM0007958,ORD0003999,PROD0064,3,4156.77,0,12470.31
ITEM0007959,ORD0004000,PROD0157,1,1549.94,10,1394.95
ITEM0007960,ORD0004000,PROD0141,3,1560.51,10,4213.38
ITEM0007961,ORD0004001,PROD0156,2,366.5,5,696.35
ITEM0007962,ORD0004001,PROD0104,3,12889.74,5,36735.76
ITEM0007963,ORD0004001,PROD0108,1,8722.77,5,8286.63
ITEM0007964,ORD0004001,PROD0019,4,21504.79,5,81718.2
ITEM0007965,ORD0004002,PROD0031,1,9586.34,15,8148.39
ITEM0007966,ORD0004003,PROD0059,1,3047.56,5,2895.18
ITEM0007967,ORD0004003,PROD0105,1,8086.41,5,7682.09
ITEM0007968,ORD0004003,PROD0093,2,12429.79,5,23616.6
ITEM0007969,ORD0004003,PROD0037,2,56353.69,5,107072.01
ITEM0007970,ORD0004003,PROD0033,1,34304.44,5,32589.22
ITEM0007971,ORD0004004,PROD0037,2,56353.69,10,101436.64
ITEM0007972,ORD0004004,PROD0035,4,24304.78,10,87497.21
ITEM0007973,ORD0004004,PROD0156,3,366.5,10,989.55
ITEM0007974,ORD0004005,PROD0174,4,3533.54,0,14134.16
ITEM0007975,ORD0004005,PROD0045,1,3914.99,0,3914.99
ITEM0007976,ORD0004006,PROD0049,2,567.72,5,1078.67
ITEM0007977,ORD0004006,PROD0130,3,3062.11,5,8727.01
ITEM0007978,ORD0004006,PROD0153,1,1769.3,5,1680.83
ITEM0007979,ORD0004006,PROD0200,1,540.59,5,513.56
ITEM0007980,ORD0004007,PROD0011,3,58607.44,10,158240.09
ITEM0007981,ORD0004007,PROD0115,3,11862.11,10,32027.7
ITEM0007982,ORD0004008,PROD0132,1,1160.61,0,1160.61
ITEM0007983,ORD0004009,PROD0092,3,12500.28,0,37500.84
ITEM0007984,ORD0004009,PROD0026,3,40491.32,0,121473.96
ITEM0007985,ORD0004009,PROD0198,2,890.11,0,1780.22
ITEM0007986,ORD0004009,PROD0109,3,6201.15,0,18603.45
ITEM0007987,ORD0004010,PROD0023,1,1503.94,10,1353.55
ITEM0007988,ORD0004010,PROD0041,1,3166.8,10,2850.12
ITEM0007989,ORD0004011,PROD0041,1,3166.8,15,2691.78
ITEM0007990,ORD0004012,PROD0098,2,10950.31,5,20805.59
ITEM0007991,ORD0004013,PROD0195,2,437.39,0,874.78
ITEM0007992,ORD0004013,PROD0050,3,4918.81,0,14756.43
ITEM0007993,ORD0004013,PROD0023,2,1503.94,0,3007.88
ITEM0007994,ORD0004014,PROD0001,1,4321.28,25,3240.96
ITEM0007995,ORD0004015,PROD0180,2,5434.17,0,10868.34
ITEM0007996,ORD0004016,PROD0178,1,1834.02,5,1742.32
ITEM0007997,ORD0004017,PROD0095,3,5158.31,5,14701.18
ITEM0007998,ORD0004018,PROD0053,4,5844.47,10,21040.09
ITEM0007999,ORD0004019,PROD0091,2,10714.93,10,19286.87
ITEM0008000,ORD0004019,PROD0142,4,497.1,10,1789.56
ITEM0008001,ORD0004020,PROD0152,2,1817.42,5,3453.1
ITEM0008002,ORD0004021,PROD0106,2,478.86,10,861.95
ITEM0008003,ORD0004022,PROD0084,2,784.26,0,1568.52
ITEM0008004,ORD0004023,PROD0041,1,3166.8,0,3166.8
ITEM0008005,ORD0004023,PROD0052,2,5153.96,0,10307.92
ITEM0008006,ORD0004024,PROD0062,2,1138.67,15,1935.74
ITEM0008007,ORD0004024,PROD0164,3,3543.37,15,9035.59
ITEM0008008,ORD0004024,PROD0020,2,47540.26,15,80818.44
ITEM0008009,ORD0004025,PROD0091,1,10714.93,10,9643.44
ITEM0008010,ORD0004025,PROD0192,1,867.73,10,780.96
ITEM0008011,ORD0004026,PROD0172,4,1025.46,0,4101.84
ITEM0008012,ORD0004027,PROD0174,4,3533.54,5,13427.45
ITEM0008013,ORD0004027,PROD0128,3,5930.45,5,16901.78
ITEM0008014,ORD0004027,PROD0151,4,350.77,5,1332.93
ITEM0008015,ORD0004027,PROD0079,3,3868.77,5,11025.99
ITEM0008016,ORD0004028,PROD0182,4,2159.96,0,8639.84
ITEM0008017,ORD0004028,PROD0046,1,6212.04,0,6212.04
ITEM0008018,ORD0004028,PROD0116,4,4368.06,0,17472.24
ITEM0008019,ORD0004029,PROD0198,1,890.11,0,890.11
ITEM0008020,ORD0004030,PROD0044,3,3912.72,15,9977.44
ITEM0008021,ORD0004030,PROD0128,2,5930.45,15,10081.76
ITEM0008022,ORD0004030,PROD0088,1,1045.29,15,888.5
ITEM0008023,ORD0004030,PROD0184,1,11703.06,15,9947.6
ITEM0008024,ORD0004031,PROD0024,4,57909.18,10,208473.05
ITEM0008025,ORD0004032,PROD0115,3,11862.11,25,26689.75
ITEM0008026,ORD0004033,PROD0049,4,567.72,20,1816.7
ITEM0008027,ORD0004033,PROD0184,2,11703.06,20,18724.9
ITEM0008028,ORD0004034,PROD0088,2,1045.29,0,2090.58
ITEM0008029,ORD0004035,PROD0097,4,7278.34,5,27657.69
ITEM0008030,ORD0004036,PROD0052,4,5153.96,0,20615.84
ITEM0008031,ORD0004037,PROD0121,1,389.01,20,311.21
ITEM0008032,ORD0004038,PROD0054,3,7111.73,10,19201.67
ITEM0008033,ORD0004038,PROD0095,4,5158.31,10,18569.92
ITEM0008034,ORD0004038,PROD0192,4,867.73,10,3123.83
ITEM0008035,ORD0004038,PROD0071,3,3890.52,10,10504.4
ITEM0008036,ORD0004038,PROD0012,3,33141.38,10,89481.73
ITEM0008037,ORD0004039,PROD0108,1,8722.77,0,8722.77
ITEM0008038,ORD0004040,PROD0141,2,1560.51,10,2808.92
ITEM0008039,ORD0004040,PROD0081,3,3032.39,10,8187.45
ITEM0008040,ORD0004041,PROD0053,3,5844.47,10,15780.07
ITEM0008041,ORD0004042,PROD0135,2,1341.78,10,2415.2
ITEM0008042,ORD0004042,PROD0062,4,1138.67,10,4099.21
ITEM0008043,ORD0004043,PROD0156,4,366.5,0,1466
ITEM0008044,ORD0004044,PROD0151,4,350.77,10,1262.77
ITEM0008045,ORD0004045,PROD0128,3,5930.45,0,17791.35
ITEM0008046,ORD0004045,PROD0027,2,27299.16,0,54598.32
ITEM0008047,ORD0004046,PROD0141,2,1560.51,5,2964.97
ITEM0008048,ORD0004047,PROD0005,2,40289.58,0,80579.16
ITEM0008049,ORD0004047,PROD0054,1,7111.73,0,7111.73
ITEM0008050,ORD0004048,PROD0173,4,8594.8,10,30941.28
ITEM0008051,ORD0004049,PROD0014,2,7928.83,0,15857.66
ITEM0008052,ORD0004049,PROD0034,2,50492.99,0,100985.98
ITEM0008053,ORD0004050,PROD0158,3,1726.09,5,4919.36
ITEM0008054,ORD0004051,PROD0090,3,859.29,0,2577.87
ITEM0008055,ORD0004052,PROD0151,1,350.77,5,333.23
ITEM0008056,ORD0004053,PROD0193,3,628.8,20,1509.12
ITEM0008057,ORD0004054,PROD0099,3,12519.55,0,37558.65
ITEM0008058,ORD0004054,PROD0093,4,12429.79,0,49719.16
ITEM0008059,ORD0004055,PROD0009,1,27237.58,0,27237.58
ITEM0008060,ORD0004055,PROD0027,2,27299.16,0,54598.32
ITEM0008061,ORD0004056,PROD0158,1,1726.09,20,1380.87
ITEM0008062,ORD0004057,PROD0098,3,10950.31,10,29565.84
ITEM0008063,ORD0004058,PROD0166,2,8733.51,0,17467.02
ITEM0008064,ORD0004058,PROD0009,3,27237.58,0,81712.74
ITEM0008065,ORD0004059,PROD0159,1,584.29,5,555.08
ITEM0008066,ORD0004060,PROD0165,2,8926.78,10,16068.2
ITEM0008067,ORD0004061,PROD0051,3,5103.04,5,14543.66
ITEM0008068,ORD0004061,PROD0031,2,9586.34,5,18214.05
ITEM0008069,ORD0004062,PROD0066,1,2108.12,0,2108.12
ITEM0008070,ORD0004063,PROD0053,4,5844.47,0,23377.88
ITEM0008071,ORD0004063,PROD0009,1,27237.58,0,27237.58
ITEM0008072,ORD0004063,PROD0169,4,3385.13,0,13540.52
ITEM0008073,ORD0004063,PROD0027,3,27299.16,0,81897.48
ITEM0008074,ORD0004064,PROD0016,4,43331.31,0,173325.24
ITEM0008075,ORD0004064,PROD0066,2,2108.12,0,4216.24
ITEM0008076,ORD0004065,PROD0192,4,867.73,0,3470.92
ITEM0008077,ORD0004066,PROD0016,4,43331.31,20,138660.19
ITEM0008078,ORD0004067,PROD0118,2,10931.14,10,19676.05
ITEM0008079,ORD0004067,PROD0160,4,756.75,10,2724.3
ITEM0008080,ORD0004067,PROD0050,2,4918.81,10,8853.86
ITEM0008081,ORD0004068,PROD0009,2,27237.58,5,51751.4
ITEM0008082,ORD0004069,PROD0168,2,3183.64,0,6367.28
ITEM0008083,ORD0004070,PROD0071,2,3890.52,15,6613.88
ITEM0008084,ORD0004070,PROD0063,4,4348.36,15,14784.42
ITEM0008085,ORD0004070,PROD0189,3,897.95,15,2289.77
ITEM0008086,ORD0004070,PROD0179,2,11478.91,15,19514.15
ITEM0008087,ORD0004070,PROD0195,1,437.39,15,371.78
ITEM0008088,ORD0004071,PROD0157,3,1549.94,0,4649.82
ITEM0008089,ORD0004071,PROD0026,3,40491.32,0,121473.96
ITEM0008090,ORD0004072,PROD0041,4,3166.8,0,12667.2
ITEM0008091,ORD0004072,PROD0054,2,7111.73,0,14223.46
ITEM0008092,ORD0004072,PROD0109,4,6201.15,0,24804.6
ITEM0008093,ORD0004072,PROD0007,1,27829.19,0,27829.19
ITEM0008094,ORD0004072,PROD0061,3,1507.1,0,4521.3
ITEM0008095,ORD0004073,PROD0149,1,3462.42,0,3462.42
ITEM0008096,ORD0004073,PROD0172,2,1025.46,0,2050.92
ITEM0008097,ORD0004074,PROD0012,3,33141.38,5,94452.93
ITEM0008098,ORD0004075,PROD0144,4,905.61,5,3441.32
ITEM0008099,ORD0004075,PROD0083,1,1974.27,5,1875.56
ITEM0008100,ORD0004075,PROD0053,3,5844.47,5,16656.74
ITEM0008101,ORD0004076,PROD0185,2,9871.56,10,17768.81
ITEM0008102,ORD0004077,PROD0100,4,2072.2,5,7874.36
ITEM0008103,ORD0004077,PROD0067,1,7130.72,5,6774.18
ITEM0008104,ORD0004077,PROD0106,1,478.86,5,454.92
ITEM0008105,ORD0004077,PROD0175,2,6709.6,5,12748.24
ITEM0008106,ORD0004078,PROD0195,3,437.39,0,1312.17
ITEM0008107,ORD0004078,PROD0035,4,24304.78,0,97219.12
ITEM0008108,ORD0004079,PROD0028,1,74581.74,0,74581.74
ITEM0008109,ORD0004079,PROD0147,4,3374.12,0,13496.48
ITEM0008110,ORD0004079,PROD0092,1,12500.28,0,12500.28
ITEM0008111,ORD0004080,PROD0075,4,2702.38,0,10809.52
ITEM0008112,ORD0004080,PROD0039,4,66174.82,0,264699.28
ITEM0008113,ORD0004081,PROD0107,1,5093.26,15,4329.27
ITEM0008114,ORD0004082,PROD0051,3,5103.04,5,14543.66
ITEM0008115,ORD0004082,PROD0151,3,350.77,5,999.69
ITEM0008116,ORD0004082,PROD0131,4,2976.52,5,11310.78
ITEM0008117,ORD0004083,PROD0190,3,1254.49,0,3763.47
ITEM0008118,ORD0004083,PROD0055,2,3434.95,0,6869.9
ITEM0008119,ORD0004084,PROD0056,1,4087.83,0,4087.83
ITEM0008120,ORD0004084,PROD0026,2,40491.32,0,80982.64
ITEM0008121,ORD0004085,PROD0020,3,47540.26,0,142620.78
ITEM0008122,ORD0004085,PROD0059,2,3047.56,0,6095.12
ITEM0008123,ORD0004085,PROD0026,3,40491.32,0,121473.96
ITEM0008124,ORD0004085,PROD0013,2,40791.56,0,81583.12
ITEM0008125,ORD0004085,PROD0127,4,9556.44,0,38225.76
ITEM0008126,ORD0004086,PROD0115,4,11862.11,15,40331.17
ITEM0008127,ORD0004086,PROD0040,4,63017.33,15,214258.92
ITEM0008128,ORD0004087,PROD0137,2,782.23,15,1329.79
ITEM0008129,ORD0004087,PROD0119,1,2991.81,15,2543.04
ITEM0008130,ORD0004088,PROD0025,1,48796.51,10,43916.86
ITEM0008131,ORD0004088,PROD0090,2,859.29,10,1546.72
ITEM0008132,ORD0004088,PROD0040,3,63017.33,10,170146.79
ITEM0008133,ORD0004089,PROD0072,1,1395.26,0,1395.26
ITEM0008134,ORD0004090,PROD0012,3,33141.38,20,79539.31
ITEM0008135,ORD0004090,PROD0009,3,27237.58,20,65370.19
ITEM0008136,ORD0004090,PROD0146,3,4641.78,20,11140.27
ITEM0008137,ORD0004091,PROD0119,2,2991.81,10,5385.26
ITEM0008138,ORD0004092,PROD0096,4,11526.42,10,41495.11
ITEM0008139,ORD0004093,PROD0138,1,1511.7,20,1209.36
ITEM0008140,ORD0004093,PROD0084,2,784.26,20,1254.82
ITEM0008141,ORD0004093,PROD0171,4,9896.61,20,31669.15
ITEM0008142,ORD0004094,PROD0030,2,745.3,0,1490.6
ITEM0008143,ORD0004094,PROD0194,3,238.12,0,714.36
ITEM0008144,ORD0004095,PROD0043,4,5274.26,5,20042.19
ITEM0008145,ORD0004095,PROD0038,3,15904.21,5,45327
ITEM0008146,ORD0004096,PROD0097,3,7278.34,0,21835.02
ITEM0008147,ORD0004097,PROD0196,4,783.44,20,2507.01
ITEM0008148,ORD0004098,PROD0010,1,32892.86,15,27958.93
ITEM0008149,ORD0004098,PROD0143,2,382.09,15,649.55
ITEM0008150,ORD0004099,PROD0166,2,8733.51,10,15720.32
ITEM0008151,ORD0004100,PROD0027,3,27299.16,15,69612.86
ITEM0008152,ORD0004101,PROD0150,3,4265.82,20,10237.97
ITEM0008153,ORD0004102,PROD0028,4,74581.74,10,268494.26
ITEM0008154,ORD0004102,PROD0087,3,5742.05,10,15503.54
ITEM0008155,ORD0004103,PROD0110,4,232.06,0,928.24
ITEM0008156,ORD0004104,PROD0163,4,915.73,5,3479.77
ITEM0008157,ORD0004104,PROD0003,4,49712.42,5,188907.2
ITEM0008158,ORD0004104,PROD0199,1,1292.33,5,1227.71
ITEM0008159,ORD0004105,PROD0063,3,4348.36,0,13045.08
ITEM0008160,ORD0004105,PROD0077,3,6124.52,0,18373.56
ITEM0008161,ORD0004106,PROD0075,1,2702.38,10,2432.14
ITEM0008162,ORD0004106,PROD0101,3,1007.74,10,2720.9
ITEM0008163,ORD0004106,PROD0061,1,1507.1,10,1356.39
ITEM0008164,ORD0004107,PROD0165,2,8926.78,0,17853.56
ITEM0008165,ORD0004108,PROD0079,1,3868.77,10,3481.89
ITEM0008166,ORD0004109,PROD0031,1,9586.34,0,9586.34
ITEM0008167,ORD0004110,PROD0024,4,57909.18,0,231636.72
ITEM0008168,ORD0004111,PROD0114,4,12529.93,0,50119.72
ITEM0008169,ORD0004111,PROD0009,2,27237.58,0,54475.16
ITEM0008170,ORD0004111,PROD0051,1,5103.04,0,5103.04
ITEM0008171,ORD0004112,PROD0011,1,58607.44,0,58607.44
ITEM0008172,ORD0004113,PROD0090,4,859.29,10,3093.44
ITEM0008173,ORD0004114,PROD0077,3,6124.52,0,18373.56
ITEM0008174,ORD0004114,PROD0107,1,5093.26,0,5093.26
ITEM0008175,ORD0004114,PROD0015,3,67106.58,0,201319.74
ITEM0008176,ORD0004115,PROD0105,2,8086.41,0,16172.82
ITEM0008177,ORD0004115,PROD0014,2,7928.83,0,15857.66
ITEM0008178,ORD0004115,PROD0040,4,63017.33,0,252069.32
ITEM0008179,ORD0004116,PROD0075,2,2702.38,10,4864.28
ITEM0008180,ORD0004117,PROD0129,3,838.52,25,1886.67
ITEM0008181,ORD0004118,PROD0024,1,57909.18,0,57909.18
ITEM0008182,ORD0004119,PROD0017,2,8120.73,0,16241.46
ITEM0008183,ORD0004120,PROD0081,3,3032.39,5,8642.31
ITEM0008184,ORD0004121,PROD0027,3,27299.16,0,81897.48
ITEM0008185,ORD0004121,PROD0176,4,975.19,0,3900.76
ITEM0008186,ORD0004121,PROD0042,3,1233.59,0,3700.77
ITEM0008187,ORD0004122,PROD0197,1,490.98,20,392.78
ITEM0008188,ORD0004123,PROD0006,3,69356.89,0,208070.67
ITEM0008189,ORD0004124,PROD0012,2,33141.38,0,66282.76
ITEM0008190,ORD0004124,PROD0150,2,4265.82,0,8531.64
ITEM0008191,ORD0004124,PROD0001,3,4321.28,0,12963.84
ITEM0008192,ORD0004125,PROD0123,2,9762.37,10,17572.27
ITEM0008193,ORD0004125,PROD0193,1,628.8,10,565.92
ITEM0008194,ORD0004126,PROD0071,1,3890.52,5,3695.99
ITEM0008195,ORD0004127,PROD0012,2,33141.38,15,56340.35
ITEM0008196,ORD0004127,PROD0180,3,5434.17,15,13857.13
ITEM0008197,ORD0004127,PROD0194,4,238.12,15,809.61
ITEM0008198,ORD0004128,PROD0039,1,66174.82,15,56248.6
ITEM0008199,ORD0004128,PROD0160,2,756.75,15,1286.47
ITEM0008200,ORD0004129,PROD0071,2,3890.52,0,7781.04
ITEM0008201,ORD0004129,PROD0185,1,9871.56,0,9871.56
ITEM0008202,ORD0004130,PROD0006,3,69356.89,0,208070.67
ITEM0008203,ORD0004131,PROD0169,3,3385.13,5,9647.62
ITEM0008204,ORD0004131,PROD0176,2,975.19,5,1852.86
ITEM0008205,ORD0004131,PROD0015,4,67106.58,5,255005
ITEM0008206,ORD0004132,PROD0006,3,69356.89,10,187263.6
ITEM0008207,ORD0004132,PROD0004,4,25591.73,10,92130.23
ITEM0008208,ORD0004133,PROD0111,2,4186.75,0,8373.5
ITEM0008209,ORD0004134,PROD0157,3,1549.94,5,4417.33
ITEM0008210,ORD0004134,PROD0068,4,827.32,5,3143.82
ITEM0008211,ORD0004134,PROD0028,4,74581.74,5,283410.61
ITEM0008212,ORD0004135,PROD0060,4,3327.41,0,13309.64
ITEM0008213,ORD0004135,PROD0154,4,1821.18,0,7284.72
ITEM0008214,ORD0004136,PROD0098,1,10950.31,25,8212.73
ITEM0008215,ORD0004136,PROD0080,3,2405.82,25,5413.1
ITEM0008216,ORD0004137,PROD0132,3,1160.61,20,2785.46
ITEM0008217,ORD0004138,PROD0188,2,1318.66,0,2637.32
ITEM0008218,ORD0004139,PROD0001,4,4321.28,0,17285.12
ITEM0008219,ORD0004139,PROD0094,4,8217.48,0,32869.92
ITEM0008220,ORD0004139,PROD0054,3,7111.73,0,21335.19
ITEM0008221,ORD0004140,PROD0175,3,6709.6,0,20128.8
ITEM0008222,ORD0004141,PROD0100,2,2072.2,5,3937.18
ITEM0008223,ORD0004141,PROD0008,1,57369.56,5,54501.08
ITEM0008224,ORD0004141,PROD0163,3,915.73,5,2609.83
ITEM0008225,ORD0004141,PROD0041,2,3166.8,5,6016.92
ITEM0008226,ORD0004142,PROD0098,2,10950.31,10,19710.56
ITEM0008227,ORD0004143,PROD0064,1,4156.77,0,4156.77
ITEM0008228,ORD0004143,PROD0168,2,3183.64,0,6367.28
ITEM0008229,ORD0004143,PROD0154,4,1821.18,0,7284.72
ITEM0008230,ORD0004143,PROD0149,2,3462.42,0,6924.84
ITEM0008231,ORD0004144,PROD0013,4,40791.56,25,122374.68
ITEM0008232,ORD0004144,PROD0179,4,11478.91,25,34436.73
ITEM0008233,ORD0004145,PROD0054,4,7111.73,0,28446.92
ITEM0008234,ORD0004145,PROD0039,1,66174.82,0,66174.82
ITEM0008235,ORD0004145,PROD0032,3,38426.75,0,115280.25
ITEM0008236,ORD0004145,PROD0082,4,2605.78,0,10423.12
ITEM0008237,ORD0004146,PROD0192,3,867.73,0,2603.19
ITEM0008238,ORD0004146,PROD0038,4,15904.21,0,63616.84
ITEM0008239,ORD0004146,PROD0080,2,2405.82,0,4811.64
ITEM0008240,ORD0004146,PROD0022,4,13967,0,55868
ITEM0008241,ORD0004147,PROD0006,2,69356.89,0,138713.78
ITEM0008242,ORD0004148,PROD0166,4,8733.51,0,34934.04
ITEM0008243,ORD0004149,PROD0110,3,232.06,0,696.18
ITEM0008244,ORD0004149,PROD0131,4,2976.52,0,11906.08
ITEM0008245,ORD0004150,PROD0155,1,3659.76,5,3476.77
ITEM0008246,ORD0004150,PROD0173,2,8594.8,5,16330.12
ITEM0008247,ORD0004151,PROD0025,3,48796.51,5,139070.05
ITEM0008248,ORD0004151,PROD0016,4,43331.31,5,164658.98
ITEM0008249,ORD0004151,PROD0059,3,3047.56,5,8685.55
ITEM0008250,ORD0004151,PROD0082,2,2605.78,5,4950.98
ITEM0008251,ORD0004152,PROD0179,3,11478.91,0,34436.73
ITEM0008252,ORD0004152,PROD0132,2,1160.61,0,2321.22
ITEM0008253,ORD0004153,PROD0041,2,3166.8,0,6333.6
ITEM0008254,ORD0004154,PROD0049,4,567.72,0,2270.88
ITEM0008255,ORD0004155,PROD0060,3,3327.41,0,9982.23
ITEM0008256,ORD0004155,PROD0090,3,859.29,0,2577.87
ITEM0008257,ORD0004155,PROD0034,1,50492.99,0,50492.99
ITEM0008258,ORD0004155,PROD0186,3,1358.84,0,4076.52
ITEM0008259,ORD0004155,PROD0023,3,1503.94,0,4511.82
ITEM0008260,ORD0004156,PROD0076,2,1552.25,5,2949.27
ITEM0008261,ORD0004156,PROD0045,1,3914.99,5,3719.24
ITEM0008262,ORD0004156,PROD0164,4,3543.37,5,13464.81
ITEM0008263,ORD0004156,PROD0143,1,382.09,5,362.99
ITEM0008264,ORD0004157,PROD0184,4,11703.06,5,44471.63
ITEM0008265,ORD0004157,PROD0098,2,10950.31,5,20805.59
ITEM0008266,ORD0004157,PROD0072,3,1395.26,5,3976.49
ITEM0008267,ORD0004158,PROD0057,4,742.06,10,2671.42
ITEM0008268,ORD0004159,PROD0001,3,4321.28,10,11667.46
ITEM0008269,ORD0004159,PROD0167,4,11229.68,10,40426.85
ITEM0008270,ORD0004160,PROD0159,1,584.29,0,584.29
ITEM0008271,ORD0004160,PROD0092,4,12500.28,0,50001.12
ITEM0008272,ORD0004161,PROD0149,2,3462.42,0,6924.84
ITEM0008273,ORD0004162,PROD0024,2,57909.18,10,104236.52
ITEM0008274,ORD0004162,PROD0057,3,742.06,10,2003.56
ITEM0008275,ORD0004163,PROD0128,2,5930.45,10,10674.81
ITEM0008276,ORD0004163,PROD0055,1,3434.95,10,3091.46
ITEM0008277,ORD0004164,PROD0064,1,4156.77,0,4156.77
ITEM0008278,ORD0004164,PROD0055,1,3434.95,0,3434.95
ITEM0008279,ORD0004164,PROD0032,1,38426.75,0,38426.75
ITEM0008280,ORD0004164,PROD0066,2,2108.12,0,4216.24
ITEM0008281,ORD0004165,PROD0183,4,4402.38,20,14087.62
ITEM0008282,ORD0004166,PROD0087,4,5742.05,0,22968.2
ITEM0008283,ORD0004166,PROD0128,2,5930.45,0,11860.9
ITEM0008284,ORD0004167,PROD0048,3,3151.51,0,9454.53
ITEM0008285,ORD0004168,PROD0167,1,11229.68,5,10668.2
ITEM0008286,ORD0004169,PROD0010,1,32892.86,10,29603.57
ITEM0008287,ORD0004169,PROD0111,1,4186.75,10,3768.08
ITEM0008288,ORD0004170,PROD0013,2,40791.56,10,73424.81
ITEM0008289,ORD0004171,PROD0173,3,8594.8,0,25784.4
ITEM0008290,ORD0004172,PROD0118,3,10931.14,25,24595.06
ITEM0008291,ORD0004172,PROD0050,4,4918.81,25,14756.43
ITEM0008292,ORD0004172,PROD0159,3,584.29,25,1314.65
ITEM0008293,ORD0004173,PROD0142,1,497.1,0,497.1
ITEM0008294,ORD0004173,PROD0058,2,1179.58,0,2359.16
ITEM0008295,ORD0004174,PROD0190,3,1254.49,5,3575.3
ITEM0008296,ORD0004174,PROD0156,3,366.5,5,1044.52
ITEM0008297,ORD0004175,PROD0118,2,10931.14,0,21862.28
ITEM0008298,ORD0004175,PROD0054,4,7111.73,0,28446.92
ITEM0008299,ORD0004175,PROD0078,1,3466.82,0,3466.82
ITEM0008300,ORD0004176,PROD0003,3,49712.42,0,149137.26
ITEM0008301,ORD0004177,PROD0081,3,3032.39,0,9097.17
ITEM0008302,ORD0004177,PROD0178,1,1834.02,0,1834.02
ITEM0008303,ORD0004178,PROD0190,3,1254.49,0,3763.47
ITEM0008304,ORD0004178,PROD0044,2,3912.72,0,7825.44
ITEM0008305,ORD0004178,PROD0049,4,567.72,0,2270.88
ITEM0008306,ORD0004179,PROD0149,2,3462.42,5,6578.6
ITEM0008307,ORD0004179,PROD0135,2,1341.78,5,2549.38
ITEM0008308,ORD0004180,PROD0065,4,1921.1,10,6915.96
ITEM0008309,ORD0004181,PROD0060,3,3327.41,15,8484.9
ITEM0008310,ORD0004181,PROD0030,3,745.3,15,1900.51
ITEM0008311,ORD0004182,PROD0052,1,5153.96,15,4380.87
ITEM0008312,ORD0004182,PROD0166,3,8733.51,15,22270.45
ITEM0008313,ORD0004183,PROD0183,1,4402.38,5,4182.26
ITEM0008314,ORD0004183,PROD0146,2,4641.78,5,8819.38
ITEM0008315,ORD0004183,PROD0196,2,783.44,5,1488.54
ITEM0008316,ORD0004184,PROD0082,4,2605.78,10,9380.81
ITEM0008317,ORD0004184,PROD0087,3,5742.05,10,15503.54
ITEM0008318,ORD0004184,PROD0185,1,9871.56,10,8884.4
ITEM0008319,ORD0004185,PROD0073,2,346.89,5,659.09
ITEM0008320,ORD0004186,PROD0169,1,3385.13,5,3215.87
ITEM0008321,ORD0004186,PROD0038,1,15904.21,5,15109
ITEM0008322,ORD0004186,PROD0078,2,3466.82,5,6586.96
ITEM0008323,ORD0004187,PROD0172,4,1025.46,15,3486.56
ITEM0008324,ORD0004188,PROD0017,4,8120.73,0,32482.92
ITEM0008325,ORD0004189,PROD0023,2,1503.94,0,3007.88
ITEM0008326,ORD0004189,PROD0011,4,58607.44,0,234429.76
ITEM0008327,ORD0004189,PROD0153,1,1769.3,0,1769.3
ITEM0008328,ORD0004189,PROD0195,1,437.39,0,437.39
ITEM0008329,ORD0004190,PROD0118,3,10931.14,15,27874.41
ITEM0008330,ORD0004191,PROD0149,3,3462.42,20,8309.81
ITEM0008331,ORD0004192,PROD0019,2,21504.79,0,43009.58
ITEM0008332,ORD0004192,PROD0013,4,40791.56,0,163166.24
ITEM0008333,ORD0004192,PROD0168,2,3183.64,0,6367.28
ITEM0008334,ORD0004192,PROD0108,2,8722.77,0,17445.54
ITEM0008335,ORD0004192,PROD0075,4,2702.38,0,10809.52
ITEM0008336,ORD0004193,PROD0027,3,27299.16,0,81897.48
ITEM0008337,ORD0004193,PROD0094,4,8217.48,0,32869.92
ITEM0008338,ORD0004193,PROD0109,3,6201.15,0,18603.45
ITEM0008339,ORD0004193,PROD0002,3,50293.82,0,150881.46
ITEM0008340,ORD0004194,PROD0196,2,783.44,25,1175.16
ITEM0008341,ORD0004194,PROD0145,3,3126.57,25,7034.78
ITEM0008342,ORD0004195,PROD0198,3,890.11,0,2670.33
ITEM0008343,ORD0004195,PROD0061,2,1507.1,0,3014.2
ITEM0008344,ORD0004196,PROD0132,3,1160.61,0,3481.83
ITEM0008345,ORD0004196,PROD0188,3,1318.66,0,3955.98
ITEM0008346,ORD0004197,PROD0082,1,2605.78,0,2605.78
ITEM0008347,ORD0004198,PROD0133,2,3562.22,5,6768.22
ITEM0008348,ORD0004198,PROD0020,3,47540.26,5,135489.74
ITEM0008349,ORD0004198,PROD0090,4,859.29,5,3265.3
ITEM0008350,ORD0004199,PROD0031,2,9586.34,0,19172.68
ITEM0008351,ORD0004199,PROD0008,3,57369.56,0,172108.68
ITEM0008352,ORD0004199,PROD0082,2,2605.78,0,5211.56
ITEM0008353,ORD0004199,PROD0164,2,3543.37,0,7086.74
ITEM0008354,ORD0004200,PROD0123,2,9762.37,0,19524.74
ITEM0008355,ORD0004200,PROD0096,4,11526.42,0,46105.68
ITEM0008356,ORD0004200,PROD0180,1,5434.17,0,5434.17
ITEM0008357,ORD0004201,PROD0053,2,5844.47,0,11688.94
ITEM0008358,ORD0004201,PROD0087,1,5742.05,0,5742.05
ITEM0008359,ORD0004201,PROD0058,3,1179.58,0,3538.74
ITEM0008360,ORD0004202,PROD0071,2,3890.52,20,6224.83
ITEM0008361,ORD0004202,PROD0173,1,8594.8,20,6875.84
ITEM0008362,ORD0004202,PROD0109,3,6201.15,20,14882.76
ITEM0008363,ORD0004203,PROD0082,4,2605.78,15,8859.65
ITEM0008364,ORD0004204,PROD0068,1,827.32,15,703.22
ITEM0008365,ORD0004204,PROD0052,4,5153.96,15,17523.46
ITEM0008366,ORD0004205,PROD0198,3,890.11,0,2670.33
ITEM0008367,ORD0004206,PROD0096,4,11526.42,0,46105.68
ITEM0008368,ORD0004206,PROD0041,1,3166.8,0,3166.8
ITEM0008369,ORD0004207,PROD0110,1,232.06,15,197.25
ITEM0008370,ORD0004208,PROD0022,4,13967,15,47487.8
ITEM0008371,ORD0004208,PROD0113,4,8226.58,15,27970.37
ITEM0008372,ORD0004209,PROD0198,4,890.11,0,3560.44
ITEM0008373,ORD0004209,PROD0084,3,784.26,0,2352.78
ITEM0008374,ORD0004209,PROD0049,4,567.72,0,2270.88
ITEM0008375,ORD0004210,PROD0065,2,1921.1,25,2881.65
ITEM0008376,ORD0004211,PROD0163,4,915.73,5,3479.77
ITEM0008377,ORD0004211,PROD0013,3,40791.56,5,116255.95
ITEM0008378,ORD0004211,PROD0025,2,48796.51,5,92713.37
ITEM0008379,ORD0004211,PROD0076,3,1552.25,5,4423.91
ITEM0008380,ORD0004211,PROD0173,3,8594.8,5,24495.18
ITEM0008381,ORD0004212,PROD0151,2,350.77,0,701.54
ITEM0008382,ORD0004213,PROD0025,2,48796.51,20,78074.42
ITEM0008383,ORD0004213,PROD0145,3,3126.57,20,7503.77
ITEM0008384,ORD0004214,PROD0146,4,4641.78,15,15782.05
ITEM0008385,ORD0004215,PROD0088,3,1045.29,5,2979.08
ITEM0008386,ORD0004216,PROD0033,4,34304.44,0,137217.76
ITEM0008387,ORD0004216,PROD0171,2,9896.61,0,19793.22
ITEM0008388,ORD0004216,PROD0112,3,885.01,0,2655.03
ITEM0008389,ORD0004216,PROD0064,3,4156.77,0,12470.31
ITEM0008390,ORD0004216,PROD0031,4,9586.34,0,38345.36
ITEM0008391,ORD0004217,PROD0067,3,7130.72,20,17113.73
ITEM0008392,ORD0004218,PROD0052,3,5153.96,0,15461.88
ITEM0008393,ORD0004219,PROD0144,3,905.61,0,2716.83
ITEM0008394,ORD0004220,PROD0013,4,40791.56,25,122374.68
ITEM0008395,ORD0004221,PROD0088,3,1045.29,5,2979.08
ITEM0008396,ORD0004221,PROD0101,2,1007.74,5,1914.71
ITEM0008397,ORD0004222,PROD0051,3,5103.04,0,15309.12
ITEM0008398,ORD0004222,PROD0028,2,74581.74,0,149163.48
ITEM0008399,ORD0004222,PROD0023,2,1503.94,0,3007.88
ITEM0008400,ORD0004222,PROD0024,2,57909.18,0,115818.36
ITEM0008401,ORD0004223,PROD0065,1,1921.1,0,1921.1
ITEM0008402,ORD0004223,PROD0022,3,13967,0,41901
ITEM0008403,ORD0004223,PROD0088,3,1045.29,0,3135.87
ITEM0008404,ORD0004224,PROD0044,3,3912.72,0,11738.16
ITEM0008405,ORD0004225,PROD0090,2,859.29,0,1718.58
ITEM0008406,ORD0004226,PROD0103,4,2970.53,10,10693.91
ITEM0008407,ORD0004227,PROD0105,4,8086.41,5,30728.36
ITEM0008408,ORD0004227,PROD0096,2,11526.42,5,21900.2
ITEM0008409,ORD0004227,PROD0054,2,7111.73,5,13512.29
ITEM0008410,ORD0004227,PROD0195,3,437.39,5,1246.56
ITEM0008411,ORD0004228,PROD0081,2,3032.39,5,5761.54
ITEM0008412,ORD0004228,PROD0159,4,584.29,5,2220.3
ITEM0008413,ORD0004229,PROD0109,2,6201.15,15,10541.96
ITEM0008414,ORD0004230,PROD0008,4,57369.56,0,229478.24
ITEM0008415,ORD0004230,PROD0118,1,10931.14,0,10931.14
ITEM0008416,ORD0004230,PROD0056,4,4087.83,0,16351.32
ITEM0008417,ORD0004231,PROD0131,3,2976.52,10,8036.6
ITEM0008418,ORD0004231,PROD0045,4,3914.99,10,14093.96
ITEM0008419,ORD0004231,PROD0159,2,584.29,10,1051.72
ITEM0008420,ORD0004231,PROD0067,4,7130.72,10,25670.59
ITEM0008421,ORD0004232,PROD0157,3,1549.94,10,4184.84
ITEM0008422,ORD0004232,PROD0007,3,27829.19,10,75138.81
ITEM0008423,ORD0004232,PROD0036,3,68871.11,10,185952
ITEM0008424,ORD0004233,PROD0184,4,11703.06,15,39790.4
ITEM0008425,ORD0004233,PROD0043,1,5274.26,15,4483.12
ITEM0008426,ORD0004233,PROD0018,4,43707.38,15,148605.09
ITEM0008427,ORD0004234,PROD0097,2,7278.34,0,14556.68
ITEM0008428,ORD0004234,PROD0146,1,4641.78,0,4641.78
ITEM0008429,ORD0004235,PROD0113,2,8226.58,10,14807.84
ITEM0008430,ORD0004236,PROD0103,1,2970.53,5,2822
ITEM0008431,ORD0004236,PROD0023,4,1503.94,5,5714.97
ITEM0008432,ORD0004237,PROD0012,3,33141.38,0,99424.14
ITEM0008433,ORD0004237,PROD0034,3,50492.99,0,151478.97
ITEM0008434,ORD0004237,PROD0006,1,69356.89,0,69356.89
ITEM0008435,ORD0004238,PROD0071,1,3890.52,0,3890.52
ITEM0008436,ORD0004239,PROD0143,3,382.09,5,1088.96
ITEM0008437,ORD0004239,PROD0129,3,838.52,5,2389.78
ITEM0008438,ORD0004239,PROD0150,2,4265.82,5,8105.06
ITEM0008439,ORD0004239,PROD0059,3,3047.56,5,8685.55
ITEM0008440,ORD0004239,PROD0188,1,1318.66,5,1252.73
ITEM0008441,ORD0004240,PROD0005,4,40289.58,10,145042.49
ITEM0008442,ORD0004240,PROD0072,1,1395.26,10,1255.73
ITEM0008443,ORD0004241,PROD0197,1,490.98,0,490.98
ITEM0008444,ORD0004242,PROD0115,2,11862.11,10,21351.8
ITEM0008445,ORD0004242,PROD0182,3,2159.96,10,5831.89
ITEM0008446,ORD0004243,PROD0171,3,9896.61,10,26720.85
ITEM0008447,ORD0004243,PROD0133,1,3562.22,10,3206
ITEM0008448,ORD0004244,PROD0108,4,8722.77,10,31401.97
ITEM0008449,ORD0004245,PROD0052,1,5153.96,0,5153.96
ITEM0008450,ORD0004245,PROD0141,1,1560.51,0,1560.51
ITEM0008451,ORD0004245,PROD0061,2,1507.1,0,3014.2
ITEM0008452,ORD0004246,PROD0123,3,9762.37,10,26358.4
ITEM0008453,ORD0004246,PROD0161,2,3119.91,10,5615.84
ITEM0008454,ORD0004246,PROD0082,4,2605.78,10,9380.81
ITEM0008455,ORD0004247,PROD0178,4,1834.02,10,6602.47
ITEM0008456,ORD0004247,PROD0136,3,2648.04,10,7149.71
ITEM0008457,ORD0004248,PROD0121,2,389.01,10,700.22
ITEM0008458,ORD0004248,PROD0040,4,63017.33,10,226862.39
ITEM0008459,ORD0004249,PROD0158,2,1726.09,0,3452.18
ITEM0008460,ORD0004250,PROD0090,3,859.29,15,2191.19
ITEM0008461,ORD0004250,PROD0042,4,1233.59,15,4194.21
ITEM0008462,ORD0004250,PROD0117,1,6437.22,15,5471.64
ITEM0008463,ORD0004250,PROD0109,4,6201.15,15,21083.91
ITEM0008464,ORD0004250,PROD0077,1,6124.52,15,5205.84
ITEM0008465,ORD0004251,PROD0184,3,11703.06,0,35109.18
ITEM0008466,ORD0004252,PROD0027,4,27299.16,0,109196.64
ITEM0008467,ORD0004253,PROD0179,2,11478.91,10,20662.04
ITEM0008468,ORD0004254,PROD0036,4,68871.11,0,275484.44
ITEM0008469,ORD0004255,PROD0071,1,3890.52,5,3695.99
ITEM0008470,ORD0004255,PROD0112,3,885.01,5,2522.28
ITEM0008471,ORD0004255,PROD0138,3,1511.7,5,4308.34
ITEM0008472,ORD0004255,PROD0104,1,12889.74,5,12245.25
ITEM0008473,ORD0004255,PROD0103,3,2970.53,5,8466.01
ITEM0008474,ORD0004256,PROD0043,3,5274.26,5,15031.64
ITEM0008475,ORD0004257,PROD0107,1,5093.26,10,4583.93
ITEM0008476,ORD0004257,PROD0027,4,27299.16,10,98276.98
ITEM0008477,ORD0004258,PROD0043,3,5274.26,5,15031.64
ITEM0008478,ORD0004258,PROD0038,2,15904.21,5,30218
ITEM0008479,ORD0004259,PROD0002,1,50293.82,20,40235.06
ITEM0008480,ORD0004260,PROD0194,3,238.12,5,678.64
ITEM0008481,ORD0004261,PROD0022,3,13967,0,41901
ITEM0008482,ORD0004261,PROD0077,4,6124.52,0,24498.08
ITEM0008483,ORD0004261,PROD0034,2,50492.99,0,100985.98
ITEM0008484,ORD0004262,PROD0130,4,3062.11,5,11636.02
ITEM0008485,ORD0004262,PROD0059,1,3047.56,5,2895.18
ITEM0008486,ORD0004263,PROD0138,3,1511.7,10,4081.59
ITEM0008487,ORD0004263,PROD0003,2,49712.42,10,89482.36
ITEM0008488,ORD0004264,PROD0107,4,5093.26,20,16298.43
ITEM0008489,ORD0004265,PROD0045,4,3914.99,0,15659.96
ITEM0008490,ORD0004266,PROD0164,4,3543.37,5,13464.81
ITEM0008491,ORD0004266,PROD0190,2,1254.49,5,2383.53
ITEM0008492,ORD0004266,PROD0144,3,905.61,5,2580.99
ITEM0008493,ORD0004266,PROD0131,2,2976.52,5,5655.39
ITEM0008494,ORD0004267,PROD0075,4,2702.38,10,9728.57
ITEM0008495,ORD0004267,PROD0161,1,3119.91,10,2807.92
ITEM0008496,ORD0004268,PROD0091,3,10714.93,0,32144.79
ITEM0008497,ORD0004268,PROD0132,3,1160.61,0,3481.83
ITEM0008498,ORD0004269,PROD0128,1,5930.45,5,5633.93
ITEM0008499,ORD0004270,PROD0063,4,4348.36,5,16523.77
ITEM0008500,ORD0004271,PROD0114,4,12529.93,5,47613.73
ITEM0008501,ORD0004271,PROD0129,2,838.52,5,1593.19
ITEM0008502,ORD0004272,PROD0059,4,3047.56,5,11580.73
ITEM0008503,ORD0004273,PROD0130,4,3062.11,10,11023.6
ITEM0008504,ORD0004273,PROD0008,3,57369.56,10,154897.81
ITEM0008505,ORD0004274,PROD0031,2,9586.34,0,19172.68
ITEM0008506,ORD0004274,PROD0097,3,7278.34,0,21835.02
ITEM0008507,ORD0004274,PROD0192,3,867.73,0,2603.19
ITEM0008508,ORD0004274,PROD0158,2,1726.09,0,3452.18
ITEM0008509,ORD0004275,PROD0161,4,3119.91,0,12479.64
ITEM0008510,ORD0004275,PROD0148,4,2543.16,0,10172.64
ITEM0008511,ORD0004276,PROD0007,2,27829.19,5,52875.46
ITEM0008512,ORD0004277,PROD0029,4,50556.2,10,182002.32
ITEM0008513,ORD0004278,PROD0087,4,5742.05,10,20671.38
ITEM0008514,ORD0004279,PROD0050,3,4918.81,10,13280.79
ITEM0008515,ORD0004279,PROD0160,2,756.75,10,1362.15
ITEM0008516,ORD0004280,PROD0082,4,2605.78,0,10423.12
ITEM0008517,ORD0004280,PROD0123,2,9762.37,0,19524.74
ITEM0008518,ORD0004280,PROD0055,3,3434.95,0,10304.85
ITEM0008519,ORD0004280,PROD0009,2,27237.58,0,54475.16
ITEM0008520,ORD0004280,PROD0025,1,48796.51,0,48796.51
ITEM0008521,ORD0004281,PROD0077,4,6124.52,15,20823.37
ITEM0008522,ORD0004282,PROD0123,1,9762.37,10,8786.13
ITEM0008523,ORD0004283,PROD0027,4,27299.16,10,98276.98
ITEM0008524,ORD0004284,PROD0107,3,5093.26,10,13751.8
ITEM0008525,ORD0004285,PROD0165,1,8926.78,15,7587.76
ITEM0008526,ORD0004286,PROD0043,4,5274.26,15,17932.48
ITEM0008527,ORD0004286,PROD0118,4,10931.14,15,37165.88
ITEM0008528,ORD0004287,PROD0083,3,1974.27,0,5922.81
ITEM0008529,ORD0004287,PROD0123,2,9762.37,0,19524.74
ITEM0008530,ORD0004287,PROD0078,1,3466.82,0,3466.82
ITEM0008531,ORD0004288,PROD0064,3,4156.77,5,11846.79
ITEM0008532,ORD0004289,PROD0110,3,232.06,0,696.18
ITEM0008533,ORD0004290,PROD0071,3,3890.52,10,10504.4
ITEM0008534,ORD0004290,PROD0158,2,1726.09,10,3106.96
ITEM0008535,ORD0004290,PROD0193,2,628.8,10,1131.84
ITEM0008536,ORD0004290,PROD0055,1,3434.95,10,3091.46
ITEM0008537,ORD0004291,PROD0085,2,6089.41,0,12178.82
ITEM0008538,ORD0004292,PROD0058,4,1179.58,15,4010.57
ITEM0008539,ORD0004293,PROD0190,2,1254.49,0,2508.98
ITEM0008540,ORD0004293,PROD0092,4,12500.28,0,50001.12
ITEM0008541,ORD0004293,PROD0026,4,40491.32,0,161965.28
ITEM0008542,ORD0004293,PROD0098,1,10950.31,0,10950.31
ITEM0008543,ORD0004294,PROD0030,3,745.3,15,1900.51
ITEM0008544,ORD0004294,PROD0004,4,25591.73,15,87011.88
ITEM0008545,ORD0004294,PROD0060,2,3327.41,15,5656.6
ITEM0008546,ORD0004295,PROD0167,2,11229.68,0,22459.36
ITEM0008547,ORD0004295,PROD0105,2,8086.41,0,16172.82
ITEM0008548,ORD0004295,PROD0036,4,68871.11,0,275484.44
ITEM0008549,ORD0004295,PROD0174,2,3533.54,0,7067.08
ITEM0008550,ORD0004296,PROD0059,2,3047.56,0,6095.12
ITEM0008551,ORD0004296,PROD0168,2,3183.64,0,6367.28
ITEM0008552,ORD0004297,PROD0022,1,13967,0,13967
ITEM0008553,ORD0004297,PROD0199,2,1292.33,0,2584.66
ITEM0008554,ORD0004298,PROD0172,1,1025.46,5,974.19
ITEM0008555,ORD0004298,PROD0200,2,540.59,5,1027.12
ITEM0008556,ORD0004299,PROD0101,3,1007.74,0,3023.22
ITEM0008557,ORD0004300,PROD0063,2,4348.36,10,7827.05
ITEM0008558,ORD0004300,PROD0152,2,1817.42,10,3271.36
ITEM0008559,ORD0004300,PROD0017,3,8120.73,10,21925.97
ITEM0008560,ORD0004301,PROD0112,3,885.01,10,2389.53
ITEM0008561,ORD0004302,PROD0158,3,1726.09,0,5178.27
ITEM0008562,ORD0004303,PROD0142,4,497.1,0,1988.4
ITEM0008563,ORD0004303,PROD0027,4,27299.16,0,109196.64
ITEM0008564,ORD0004304,PROD0111,4,4186.75,20,13397.6
ITEM0008565,ORD0004304,PROD0034,3,50492.99,20,121183.18
ITEM0008566,ORD0004305,PROD0011,2,58607.44,0,117214.88
ITEM0008567,ORD0004305,PROD0012,2,33141.38,0,66282.76
ITEM0008568,ORD0004305,PROD0147,2,3374.12,0,6748.24
ITEM0008569,ORD0004305,PROD0022,4,13967,0,55868
ITEM0008570,ORD0004305,PROD0130,4,3062.11,0,12248.44
ITEM0008571,ORD0004306,PROD0168,4,3183.64,5,12097.83
ITEM0008572,ORD0004307,PROD0096,1,11526.42,0,11526.42
ITEM0008573,ORD0004307,PROD0039,3,66174.82,0,198524.46
ITEM0008574,ORD0004308,PROD0085,4,6089.41,0,24357.64
ITEM0008575,ORD0004308,PROD0096,1,11526.42,0,11526.42
ITEM0008576,ORD0004309,PROD0161,2,3119.91,20,4991.86
ITEM0008577,ORD0004310,PROD0076,3,1552.25,5,4423.91
ITEM0008578,ORD0004311,PROD0092,3,12500.28,10,33750.76
ITEM0008579,ORD0004311,PROD0081,1,3032.39,10,2729.15
ITEM0008580,ORD0004312,PROD0065,2,1921.1,0,3842.2
ITEM0008581,ORD0004312,PROD0100,3,2072.2,0,6216.6
ITEM0008582,ORD0004313,PROD0035,3,24304.78,10,65622.91
ITEM0008583,ORD0004313,PROD0118,3,10931.14,10,29514.08
ITEM0008584,ORD0004314,PROD0193,2,628.8,0,1257.6
ITEM0008585,ORD0004315,PROD0172,3,1025.46,5,2922.56
ITEM0008586,ORD0004315,PROD0046,2,6212.04,5,11802.88
ITEM0008587,ORD0004315,PROD0031,3,9586.34,5,27321.07
ITEM0008588,ORD0004316,PROD0084,4,784.26,10,2823.34
ITEM0008589,ORD0004316,PROD0061,1,1507.1,10,1356.39
ITEM0008590,ORD0004316,PROD0008,3,57369.56,10,154897.81
ITEM0008591,ORD0004317,PROD0100,4,2072.2,5,7874.36
ITEM0008592,ORD0004317,PROD0075,3,2702.38,5,7701.78
ITEM0008593,ORD0004317,PROD0130,1,3062.11,5,2909
ITEM0008594,ORD0004317,PROD0180,3,5434.17,5,15487.38
ITEM0008595,ORD0004317,PROD0184,2,11703.06,5,22235.81
ITEM0008596,ORD0004318,PROD0079,4,3868.77,0,15475.08
ITEM0008597,ORD0004318,PROD0058,3,1179.58,0,3538.74
ITEM0008598,ORD0004319,PROD0177,1,5985.15,0,5985.15
ITEM0008599,ORD0004320,PROD0107,1,5093.26,15,4329.27
ITEM0008600,ORD0004320,PROD0071,3,3890.52,15,9920.83
ITEM0008601,ORD0004320,PROD0166,2,8733.51,15,14846.97
ITEM0008602,ORD0004321,PROD0174,4,3533.54,15,12014.04
ITEM0008603,ORD0004321,PROD0101,1,1007.74,15,856.58
ITEM0008604,ORD0004321,PROD0057,3,742.06,15,1892.25
ITEM0008605,ORD0004322,PROD0044,1,3912.72,0,3912.72
ITEM0008606,ORD0004322,PROD0022,4,13967,0,55868
ITEM0008607,ORD0004323,PROD0160,1,756.75,10,681.08
ITEM0008608,ORD0004323,PROD0164,4,3543.37,10,12756.13
ITEM0008609,ORD0004323,PROD0173,2,8594.8,10,15470.64
ITEM0008610,ORD0004323,PROD0062,4,1138.67,10,4099.21
ITEM0008611,ORD0004324,PROD0062,3,1138.67,15,2903.61
ITEM0008612,ORD0004324,PROD0020,4,47540.26,15,161636.88
ITEM0008613,ORD0004325,PROD0200,3,540.59,20,1297.42
ITEM0008614,ORD0004326,PROD0137,1,782.23,20,625.78
ITEM0008615,ORD0004327,PROD0186,2,1358.84,10,2445.91
ITEM0008616,ORD0004327,PROD0078,4,3466.82,10,12480.55
ITEM0008617,ORD0004328,PROD0153,2,1769.3,10,3184.74
ITEM0008618,ORD0004329,PROD0044,3,3912.72,0,11738.16
ITEM0008619,ORD0004330,PROD0165,1,8926.78,5,8480.44
ITEM0008620,ORD0004330,PROD0175,1,6709.6,5,6374.12
ITEM0008621,ORD0004330,PROD0183,4,4402.38,5,16729.04
ITEM0008622,ORD0004330,PROD0091,2,10714.93,5,20358.37
ITEM0008623,ORD0004331,PROD0051,2,5103.04,5,9695.78
ITEM0008624,ORD0004331,PROD0075,2,2702.38,5,5134.52
ITEM0008625,ORD0004332,PROD0087,3,5742.05,15,14642.23
ITEM0008626,ORD0004332,PROD0178,3,1834.02,15,4676.75
ITEM0008627,ORD0004333,PROD0032,3,38426.75,5,109516.24
ITEM0008628,ORD0004333,PROD0154,1,1821.18,5,1730.12
ITEM0008629,ORD0004334,PROD0144,2,905.61,0,1811.22
ITEM0008630,ORD0004334,PROD0079,1,3868.77,0,3868.77
ITEM0008631,ORD0004335,PROD0045,3,3914.99,20,9395.98
ITEM0008632,ORD0004335,PROD0116,1,4368.06,20,3494.45
ITEM0008633,ORD0004336,PROD0038,3,15904.21,0,47712.63
ITEM0008634,ORD0004337,PROD0131,2,2976.52,10,5357.74
ITEM0008635,ORD0004337,PROD0024,4,57909.18,10,208473.05
ITEM0008636,ORD0004337,PROD0180,4,5434.17,10,19563.01
ITEM0008637,ORD0004338,PROD0019,4,21504.79,0,86019.16
ITEM0008638,ORD0004338,PROD0171,4,9896.61,0,39586.44
ITEM0008639,ORD0004339,PROD0058,2,1179.58,0,2359.16
ITEM0008640,ORD0004339,PROD0048,4,3151.51,0,12606.04
ITEM0008641,ORD0004339,PROD0003,2,49712.42,0,99424.84
ITEM0008642,ORD0004339,PROD0027,4,27299.16,0,109196.64
ITEM0008643,ORD0004339,PROD0172,4,1025.46,0,4101.84
ITEM0008644,ORD0004340,PROD0050,3,4918.81,5,14018.61
ITEM0008645,ORD0004340,PROD0177,3,5985.15,5,17057.68
ITEM0008646,ORD0004340,PROD0046,4,6212.04,5,23605.75
ITEM0008647,ORD0004340,PROD0196,3,783.44,5,2232.8
ITEM0008648,ORD0004341,PROD0114,4,12529.93,0,50119.72
ITEM0008649,ORD0004341,PROD0046,4,6212.04,0,24848.16
ITEM0008650,ORD0004341,PROD0082,1,2605.78,0,2605.78
ITEM0008651,ORD0004342,PROD0147,2,3374.12,0,6748.24
ITEM0008652,ORD0004342,PROD0011,1,58607.44,0,58607.44
ITEM0008653,ORD0004342,PROD0105,1,8086.41,0,8086.41
ITEM0008654,ORD0004343,PROD0131,4,2976.52,0,11906.08
ITEM0008655,ORD0004344,PROD0043,2,5274.26,0,10548.52
ITEM0008656,ORD0004345,PROD0166,2,8733.51,5,16593.67
ITEM0008657,ORD0004345,PROD0060,3,3327.41,5,9483.12
ITEM0008658,ORD0004345,PROD0148,1,2543.16,5,2416
ITEM0008659,ORD0004345,PROD0045,1,3914.99,5,3719.24
ITEM0008660,ORD0004345,PROD0196,3,783.44,5,2232.8
ITEM0008661,ORD0004346,PROD0076,3,1552.25,25,3492.56
ITEM0008662,ORD0004347,PROD0149,4,3462.42,0,13849.68
ITEM0008663,ORD0004347,PROD0179,1,11478.91,0,11478.91
ITEM0008664,ORD0004348,PROD0129,2,838.52,0,1677.04
ITEM0008665,ORD0004349,PROD0084,1,784.26,0,784.26
ITEM0008666,ORD0004349,PROD0085,2,6089.41,0,12178.82
ITEM0008667,ORD0004350,PROD0158,2,1726.09,5,3279.57
ITEM0008668,ORD0004351,PROD0068,3,827.32,5,2357.86
ITEM0008669,ORD0004352,PROD0075,4,2702.38,0,10809.52
ITEM0008670,ORD0004353,PROD0007,2,27829.19,15,47309.62
ITEM0008671,ORD0004354,PROD0092,2,12500.28,0,25000.56
ITEM0008672,ORD0004354,PROD0169,1,3385.13,0,3385.13
ITEM0008673,ORD0004355,PROD0150,4,4265.82,5,16210.12
ITEM0008674,ORD0004355,PROD0031,3,9586.34,5,27321.07
ITEM0008675,ORD0004356,PROD0184,1,11703.06,5,11117.91
ITEM0008676,ORD0004356,PROD0135,3,1341.78,5,3824.07
ITEM0008677,ORD0004356,PROD0143,3,382.09,5,1088.96
ITEM0008678,ORD0004357,PROD0169,2,3385.13,5,6431.75
ITEM0008679,ORD0004357,PROD0101,3,1007.74,5,2872.06
ITEM0008680,ORD0004358,PROD0151,2,350.77,15,596.31
ITEM0008681,ORD0004359,PROD0185,4,9871.56,0,39486.24
ITEM0008682,ORD0004360,PROD0044,2,3912.72,0,7825.44
ITEM0008683,ORD0004360,PROD0067,1,7130.72,0,7130.72
ITEM0008684,ORD0004360,PROD0110,1,232.06,0,232.06
ITEM0008685,ORD0004360,PROD0041,2,3166.8,0,6333.6
ITEM0008686,ORD0004361,PROD0039,4,66174.82,5,251464.32
ITEM0008687,ORD0004361,PROD0077,4,6124.52,5,23273.18
ITEM0008688,ORD0004362,PROD0115,1,11862.11,10,10675.9
ITEM0008689,ORD0004363,PROD0185,4,9871.56,10,35537.62
ITEM0008690,ORD0004363,PROD0037,1,56353.69,10,50718.32
ITEM0008691,ORD0004364,PROD0108,3,8722.77,0,26168.31
ITEM0008692,ORD0004365,PROD0196,1,783.44,5,744.27
ITEM0008693,ORD0004365,PROD0017,2,8120.73,5,15429.39
ITEM0008694,ORD0004366,PROD0060,1,3327.41,15,2828.3
ITEM0008695,ORD0004366,PROD0165,2,8926.78,15,15175.53
ITEM0008696,ORD0004367,PROD0075,2,2702.38,0,5404.76
ITEM0008697,ORD0004367,PROD0151,4,350.77,0,1403.08
ITEM0008698,ORD0004368,PROD0082,2,2605.78,15,4429.83
ITEM0008699,ORD0004368,PROD0030,3,745.3,15,1900.51
ITEM0008700,ORD0004368,PROD0196,3,783.44,15,1997.77
ITEM0008701,ORD0004368,PROD0147,3,3374.12,15,8604.01
ITEM0008702,ORD0004369,PROD0136,2,2648.04,10,4766.47
ITEM0008703,ORD0004369,PROD0196,1,783.44,10,705.1
ITEM0008704,ORD0004369,PROD0053,1,5844.47,10,5260.02
ITEM0008705,ORD0004370,PROD0143,4,382.09,25,1146.27
ITEM0008706,ORD0004370,PROD0054,4,7111.73,25,21335.19
ITEM0008707,ORD0004370,PROD0167,4,11229.68,25,33689.04
ITEM0008708,ORD0004371,PROD0037,4,56353.69,10,202873.28
ITEM0008709,ORD0004371,PROD0145,3,3126.57,10,8441.74
ITEM0008710,ORD0004372,PROD0067,1,7130.72,0,7130.72
ITEM0008711,ORD0004372,PROD0004,1,25591.73,0,25591.73
ITEM0008712,ORD0004373,PROD0067,3,7130.72,15,18183.34
ITEM0008713,ORD0004374,PROD0081,2,3032.39,0,6064.78
ITEM0008714,ORD0004375,PROD0065,3,1921.1,0,5763.3
ITEM0008715,ORD0004375,PROD0092,2,12500.28,0,25000.56
ITEM0008716,ORD0004375,PROD0048,2,3151.51,0,6303.02
ITEM0008717,ORD0004376,PROD0177,3,5985.15,25,13466.59
ITEM0008718,ORD0004377,PROD0161,3,3119.91,5,8891.74
ITEM0008719,ORD0004378,PROD0037,3,56353.69,5,160608.02
ITEM0008720,ORD0004379,PROD0158,4,1726.09,10,6213.92
ITEM0008721,ORD0004379,PROD0137,3,782.23,10,2112.02
ITEM0008722,ORD0004379,PROD0014,4,7928.83,10,28543.79
ITEM0008723,ORD0004379,PROD0033,3,34304.44,10,92621.99
ITEM0008724,ORD0004380,PROD0059,3,3047.56,10,8228.41
ITEM0008725,ORD0004381,PROD0099,4,12519.55,15,42566.47
ITEM0008726,ORD0004381,PROD0073,2,346.89,15,589.71
ITEM0008727,ORD0004381,PROD0020,4,47540.26,15,161636.88
ITEM0008728,ORD0004381,PROD0167,3,11229.68,15,28635.68
ITEM0008729,ORD0004382,PROD0138,4,1511.7,5,5744.46
ITEM0008730,ORD0004382,PROD0135,3,1341.78,5,3824.07
ITEM0008731,ORD0004382,PROD0035,2,24304.78,5,46179.08
ITEM0008732,ORD0004383,PROD0083,4,1974.27,0,7897.08
ITEM0008733,ORD0004383,PROD0038,1,15904.21,0,15904.21
ITEM0008734,ORD0004384,PROD0196,3,783.44,0,2350.32
ITEM0008735,ORD0004384,PROD0064,4,4156.77,0,16627.08
ITEM0008736,ORD0004385,PROD0128,2,5930.45,0,11860.9
ITEM0008737,ORD0004385,PROD0159,3,584.29,0,1752.87
ITEM0008738,ORD0004386,PROD0117,2,6437.22,5,12230.72
ITEM0008739,ORD0004386,PROD0103,2,2970.53,5,5644.01
ITEM0008740,ORD0004386,PROD0045,3,3914.99,5,11157.72
ITEM0008741,ORD0004387,PROD0045,4,3914.99,10,14093.96
ITEM0008742,ORD0004387,PROD0054,4,7111.73,10,25602.23
ITEM0008743,ORD0004387,PROD0167,4,11229.68,10,40426.85
ITEM0008744,ORD0004388,PROD0043,4,5274.26,20,16877.63
ITEM0008745,ORD0004388,PROD0013,1,40791.56,20,32633.25
ITEM0008746,ORD0004388,PROD0150,2,4265.82,20,6825.31
ITEM0008747,ORD0004389,PROD0079,1,3868.77,0,3868.77
ITEM0008748,ORD0004389,PROD0009,2,27237.58,0,54475.16
ITEM0008749,ORD0004390,PROD0032,2,38426.75,5,73010.82
ITEM0008750,ORD0004390,PROD0136,4,2648.04,5,10062.55
ITEM0008751,ORD0004391,PROD0111,2,4186.75,0,8373.5
ITEM0008752,ORD0004391,PROD0177,4,5985.15,0,23940.6
ITEM0008753,ORD0004391,PROD0104,4,12889.74,0,51558.96
ITEM0008754,ORD0004392,PROD0012,2,33141.38,5,62968.62
ITEM0008755,ORD0004393,PROD0037,3,56353.69,15,143701.91
ITEM0008756,ORD0004394,PROD0041,1,3166.8,10,2850.12
ITEM0008757,ORD0004394,PROD0044,2,3912.72,10,7042.9
ITEM0008758,ORD0004395,PROD0196,4,783.44,0,3133.76
ITEM0008759,ORD0004395,PROD0091,4,10714.93,0,42859.72
ITEM0008760,ORD0004396,PROD0118,2,10931.14,5,20769.17
ITEM0008761,ORD0004397,PROD0110,3,232.06,0,696.18
ITEM0008762,ORD0004398,PROD0028,1,74581.74,5,70852.65
ITEM0008763,ORD0004398,PROD0006,2,69356.89,5,131778.09
ITEM0008764,ORD0004398,PROD0168,1,3183.64,5,3024.46
ITEM0008765,ORD0004399,PROD0059,3,3047.56,0,9142.68
ITEM0008766,ORD0004400,PROD0072,1,1395.26,0,1395.26
ITEM0008767,ORD0004400,PROD0161,2,3119.91,0,6239.82
ITEM0008768,ORD0004401,PROD0175,1,6709.6,0,6709.6
ITEM0008769,ORD0004401,PROD0137,2,782.23,0,1564.46
ITEM0008770,ORD0004401,PROD0161,1,3119.91,0,3119.91
ITEM0008771,ORD0004402,PROD0026,3,40491.32,10,109326.56
ITEM0008772,ORD0004402,PROD0088,1,1045.29,10,940.76
ITEM0008773,ORD0004403,PROD0182,2,2159.96,0,4319.92
ITEM0008774,ORD0004403,PROD0005,2,40289.58,0,80579.16
ITEM0008775,ORD0004403,PROD0169,2,3385.13,0,6770.26
ITEM0008776,ORD0004404,PROD0085,2,6089.41,0,12178.82
ITEM0008777,ORD0004404,PROD0132,1,1160.61,0,1160.61
ITEM0008778,ORD0004405,PROD0009,2,27237.58,0,54475.16
ITEM0008779,ORD0004405,PROD0199,3,1292.33,0,3876.99
ITEM0008780,ORD0004405,PROD0165,1,8926.78,0,8926.78
ITEM0008781,ORD0004406,PROD0062,3,1138.67,0,3416.01
ITEM0008782,ORD0004406,PROD0081,3,3032.39,0,9097.17
ITEM0008783,ORD0004406,PROD0005,1,40289.58,0,40289.58
ITEM0008784,ORD0004407,PROD0199,1,1292.33,0,1292.33
ITEM0008785,ORD0004407,PROD0035,1,24304.78,0,24304.78
ITEM0008786,ORD0004408,PROD0027,2,27299.16,0,54598.32
ITEM0008787,ORD0004409,PROD0079,2,3868.77,0,7737.54
ITEM0008788,ORD0004410,PROD0098,2,10950.31,0,21900.62
ITEM0008789,ORD0004410,PROD0007,4,27829.19,0,111316.76
ITEM0008790,ORD0004410,PROD0153,2,1769.3,0,3538.6
ITEM0008791,ORD0004410,PROD0096,4,11526.42,0,46105.68
ITEM0008792,ORD0004411,PROD0160,1,756.75,25,567.56
ITEM0008793,ORD0004411,PROD0066,3,2108.12,25,4743.27
ITEM0008794,ORD0004412,PROD0005,2,40289.58,5,76550.2
ITEM0008795,ORD0004412,PROD0041,2,3166.8,5,6016.92
ITEM0008796,ORD0004413,PROD0041,1,3166.8,0,3166.8
ITEM0008797,ORD0004414,PROD0081,1,3032.39,15,2577.53
ITEM0008798,ORD0004415,PROD0066,1,2108.12,0,2108.12
ITEM0008799,ORD0004415,PROD0017,2,8120.73,0,16241.46
ITEM0008800,ORD0004415,PROD0174,4,3533.54,0,14134.16
ITEM0008801,ORD0004415,PROD0038,1,15904.21,0,15904.21
ITEM0008802,ORD0004416,PROD0084,3,784.26,0,2352.78
ITEM0008803,ORD0004417,PROD0180,4,5434.17,20,17389.34
ITEM0008804,ORD0004418,PROD0155,1,3659.76,20,2927.81
ITEM0008805,ORD0004418,PROD0071,4,3890.52,20,12449.66
ITEM0008806,ORD0004419,PROD0160,3,756.75,0,2270.25
ITEM0008807,ORD0004419,PROD0172,2,1025.46,0,2050.92
ITEM0008808,ORD0004419,PROD0025,2,48796.51,0,97593.02
ITEM0008809,ORD0004420,PROD0171,4,9896.61,0,39586.44
ITEM0008810,ORD0004420,PROD0172,4,1025.46,0,4101.84
ITEM0008811,ORD0004420,PROD0165,2,8926.78,0,17853.56
ITEM0008812,ORD0004420,PROD0078,3,3466.82,0,10400.46
ITEM0008813,ORD0004420,PROD0041,4,3166.8,0,12667.2
ITEM0008814,ORD0004421,PROD0064,4,4156.77,0,16627.08
ITEM0008815,ORD0004421,PROD0054,4,7111.73,0,28446.92
ITEM0008816,ORD0004422,PROD0141,4,1560.51,15,5305.73
ITEM0008817,ORD0004423,PROD0018,1,43707.38,10,39336.64
ITEM0008818,ORD0004423,PROD0039,3,66174.82,10,178672.01
ITEM0008819,ORD0004423,PROD0135,3,1341.78,10,3622.81
ITEM0008820,ORD0004424,PROD0198,2,890.11,10,1602.2
ITEM0008821,ORD0004425,PROD0083,2,1974.27,10,3553.69
ITEM0008822,ORD0004425,PROD0076,2,1552.25,10,2794.05
ITEM0008823,ORD0004426,PROD0191,2,1435.77,0,2871.54
ITEM0008824,ORD0004427,PROD0182,2,2159.96,0,4319.92
ITEM0008825,ORD0004427,PROD0050,4,4918.81,0,19675.24
ITEM0008826,ORD0004427,PROD0105,2,8086.41,0,16172.82
ITEM0008827,ORD0004427,PROD0033,3,34304.44,0,102913.32
ITEM0008828,ORD0004428,PROD0151,2,350.77,5,666.46
ITEM0008829,ORD0004428,PROD0050,3,4918.81,5,14018.61
ITEM0008830,ORD0004428,PROD0018,3,43707.38,5,124566.03
ITEM0008831,ORD0004429,PROD0031,1,9586.34,5,9107.02
ITEM0008832,ORD0004429,PROD0155,2,3659.76,5,6953.54
ITEM0008833,ORD0004430,PROD0082,2,2605.78,5,4950.98
ITEM0008834,ORD0004431,PROD0185,1,9871.56,10,8884.4
ITEM0008835,ORD0004431,PROD0034,3,50492.99,10,136331.07
ITEM0008836,ORD0004432,PROD0036,2,68871.11,0,137742.22
ITEM0008837,ORD0004433,PROD0075,4,2702.38,0,10809.52
ITEM0008838,ORD0004434,PROD0090,2,859.29,10,1546.72
ITEM0008839,ORD0004435,PROD0195,1,437.39,10,393.65
ITEM0008840,ORD0004435,PROD0050,1,4918.81,10,4426.93
ITEM0008841,ORD0004436,PROD0121,2,389.01,0,778.02
ITEM0008842,ORD0004436,PROD0059,4,3047.56,0,12190.24
ITEM0008843,ORD0004436,PROD0068,2,827.32,0,1654.64
ITEM0008844,ORD0004437,PROD0028,1,74581.74,5,70852.65
ITEM0008845,ORD0004437,PROD0179,2,11478.91,5,21809.93
ITEM0008846,ORD0004437,PROD0007,3,27829.19,5,79313.19
ITEM0008847,ORD0004438,PROD0010,2,32892.86,10,59207.15
ITEM0008848,ORD0004438,PROD0103,2,2970.53,10,5346.95
ITEM0008849,ORD0004438,PROD0059,3,3047.56,10,8228.41
ITEM0008850,ORD0004438,PROD0033,4,34304.44,10,123495.98
ITEM0008851,ORD0004439,PROD0173,2,8594.8,0,17189.6
ITEM0008852,ORD0004440,PROD0182,1,2159.96,10,1943.96
ITEM0008853,ORD0004441,PROD0040,2,63017.33,5,119732.93
ITEM0008854,ORD0004442,PROD0166,1,8733.51,15,7423.48
ITEM0008855,ORD0004442,PROD0103,4,2970.53,15,10099.8
ITEM0008856,ORD0004442,PROD0112,4,885.01,15,3009.03
ITEM0008857,ORD0004443,PROD0175,1,6709.6,5,6374.12
ITEM0008858,ORD0004444,PROD0024,2,57909.18,15,98445.61
ITEM0008859,ORD0004445,PROD0010,4,32892.86,0,131571.44
ITEM0008860,ORD0004445,PROD0028,2,74581.74,0,149163.48
ITEM0008861,ORD0004446,PROD0106,4,478.86,0,1915.44
ITEM0008862,ORD0004447,PROD0166,4,8733.51,25,26200.53
ITEM0008863,ORD0004447,PROD0185,1,9871.56,25,7403.67
ITEM0008864,ORD0004447,PROD0155,1,3659.76,25,2744.82
ITEM0008865,ORD0004447,PROD0109,4,6201.15,25,18603.45
ITEM0008866,ORD0004447,PROD0072,1,1395.26,25,1046.44
ITEM0008867,ORD0004448,PROD0176,4,975.19,5,3705.72
ITEM0008868,ORD0004448,PROD0182,4,2159.96,5,8207.85
ITEM0008869,ORD0004449,PROD0027,1,27299.16,5,25934.2
ITEM0008870,ORD0004450,PROD0057,2,742.06,0,1484.12
ITEM0008871,ORD0004451,PROD0087,1,5742.05,15,4880.74
ITEM0008872,ORD0004452,PROD0050,1,4918.81,5,4672.87
ITEM0008873,ORD0004453,PROD0041,3,3166.8,20,7600.32
ITEM0008874,ORD0004454,PROD0060,4,3327.41,10,11978.68
ITEM0008875,ORD0004455,PROD0044,1,3912.72,5,3717.08
ITEM0008876,ORD0004456,PROD0080,4,2405.82,10,8660.95
ITEM0008877,ORD0004457,PROD0003,2,49712.42,10,89482.36
ITEM0008878,ORD0004458,PROD0188,3,1318.66,10,3560.38
ITEM0008879,ORD0004458,PROD0147,1,3374.12,10,3036.71
ITEM0008880,ORD0004459,PROD0160,3,756.75,25,1702.69
ITEM0008881,ORD0004459,PROD0159,3,584.29,25,1314.65
ITEM0008882,ORD0004459,PROD0116,4,4368.06,25,13104.18
ITEM0008883,ORD0004460,PROD0163,3,915.73,0,2747.19
ITEM0008884,ORD0004460,PROD0165,3,8926.78,0,26780.34
ITEM0008885,ORD0004461,PROD0031,3,9586.34,15,24445.17
ITEM0008886,ORD0004461,PROD0088,1,1045.29,15,888.5
ITEM0008887,ORD0004461,PROD0084,3,784.26,15,1999.86
ITEM0008888,ORD0004461,PROD0161,2,3119.91,15,5303.85
ITEM0008889,ORD0004462,PROD0133,3,3562.22,0,10686.66
ITEM0008890,ORD0004462,PROD0176,2,975.19,0,1950.38
ITEM0008891,ORD0004462,PROD0010,1,32892.86,0,32892.86
ITEM0008892,ORD0004463,PROD0035,1,24304.78,20,19443.82
ITEM0008893,ORD0004464,PROD0030,1,745.3,0,745.3
ITEM0008894,ORD0004465,PROD0032,4,38426.75,5,146021.65
ITEM0008895,ORD0004465,PROD0038,3,15904.21,5,45327
ITEM0008896,ORD0004466,PROD0041,2,3166.8,5,6016.92
ITEM0008897,ORD0004466,PROD0082,2,2605.78,5,4950.98
ITEM0008898,ORD0004466,PROD0010,1,32892.86,5,31248.22
ITEM0008899,ORD0004467,PROD0121,1,389.01,10,350.11
ITEM0008900,ORD0004467,PROD0104,3,12889.74,10,34802.3
ITEM0008901,ORD0004467,PROD0150,2,4265.82,10,7678.48
ITEM0008902,ORD0004468,PROD0181,2,5765.01,0,11530.02
ITEM0008903,ORD0004468,PROD0195,4,437.39,0,1749.56
ITEM0008904,ORD0004468,PROD0151,3,350.77,0,1052.31
ITEM0008905,ORD0004469,PROD0194,2,238.12,15,404.8
ITEM0008906,ORD0004469,PROD0039,3,66174.82,15,168745.79
ITEM0008907,ORD0004470,PROD0127,2,9556.44,0,19112.88
ITEM0008908,ORD0004470,PROD0197,1,490.98,0,490.98
ITEM0008909,ORD0004470,PROD0076,2,1552.25,0,3104.5
ITEM0008910,ORD0004470,PROD0064,1,4156.77,0,4156.77
ITEM0008911,ORD0004470,PROD0059,2,3047.56,0,6095.12
ITEM0008912,ORD0004471,PROD0030,3,745.3,5,2124.1
ITEM0008913,ORD0004472,PROD0112,3,885.01,5,2522.28
ITEM0008914,ORD0004473,PROD0194,3,238.12,15,607.21
ITEM0008915,ORD0004473,PROD0024,1,57909.18,15,49222.8
ITEM0008916,ORD0004473,PROD0088,3,1045.29,15,2665.49
ITEM0008917,ORD0004473,PROD0070,3,1576.87,15,4021.02
ITEM0008918,ORD0004473,PROD0052,1,5153.96,15,4380.87
ITEM0008919,ORD0004474,PROD0063,4,4348.36,15,14784.42
ITEM0008920,ORD0004475,PROD0015,1,67106.58,0,67106.58
ITEM0008921,ORD0004475,PROD0066,2,2108.12,0,4216.24
ITEM0008922,ORD0004475,PROD0190,1,1254.49,0,1254.49
ITEM0008923,ORD0004476,PROD0110,3,232.06,15,591.75
ITEM0008924,ORD0004476,PROD0143,2,382.09,15,649.55
ITEM0008925,ORD0004477,PROD0160,4,756.75,5,2875.65
ITEM0008926,ORD0004477,PROD0196,3,783.44,5,2232.8
ITEM0008927,ORD0004477,PROD0054,2,7111.73,5,13512.29
ITEM0008928,ORD0004478,PROD0111,2,4186.75,0,8373.5
ITEM0008929,ORD0004478,PROD0013,3,40791.56,0,122374.68
ITEM0008930,ORD0004478,PROD0136,2,2648.04,0,5296.08
ITEM0008931,ORD0004478,PROD0183,1,4402.38,0,4402.38
ITEM0008932,ORD0004479,PROD0158,3,1726.09,20,4142.62
ITEM0008933,ORD0004479,PROD0132,2,1160.61,20,1856.98
ITEM0008934,ORD0004479,PROD0078,1,3466.82,20,2773.46
ITEM0008935,ORD0004480,PROD0056,2,4087.83,5,7766.88
ITEM0008936,ORD0004481,PROD0025,4,48796.51,0,195186.04
ITEM0008937,ORD0004482,PROD0188,3,1318.66,0,3955.98
ITEM0008938,ORD0004482,PROD0026,3,40491.32,0,121473.96
ITEM0008939,ORD0004483,PROD0052,3,5153.96,0,15461.88
ITEM0008940,ORD0004483,PROD0029,1,50556.2,0,50556.2
ITEM0008941,ORD0004483,PROD0078,4,3466.82,0,13867.28
ITEM0008942,ORD0004484,PROD0155,3,3659.76,0,10979.28
ITEM0008943,ORD0004484,PROD0029,3,50556.2,0,151668.6
ITEM0008944,ORD0004484,PROD0014,4,7928.83,0,31715.32
ITEM0008945,ORD0004485,PROD0028,2,74581.74,0,149163.48
ITEM0008946,ORD0004485,PROD0036,2,68871.11,0,137742.22
ITEM0008947,ORD0004486,PROD0066,3,2108.12,0,6324.36
ITEM0008948,ORD0004487,PROD0195,2,437.39,0,874.78
ITEM0008949,ORD0004488,PROD0177,1,5985.15,5,5685.89
ITEM0008950,ORD0004489,PROD0123,2,9762.37,10,17572.27
ITEM0008951,ORD0004490,PROD0177,3,5985.15,0,17955.45
ITEM0008952,ORD0004491,PROD0197,3,490.98,0,1472.94
ITEM0008953,ORD0004491,PROD0003,4,49712.42,0,198849.68
ITEM0008954,ORD0004492,PROD0166,4,8733.51,5,33187.34
ITEM0008955,ORD0004492,PROD0114,3,12529.93,5,35710.3
ITEM0008956,ORD0004493,PROD0075,3,2702.38,5,7701.78
ITEM0008957,ORD0004493,PROD0039,1,66174.82,5,62866.08
ITEM0008958,ORD0004494,PROD0035,4,24304.78,10,87497.21
ITEM0008959,ORD0004494,PROD0178,4,1834.02,10,6602.47
ITEM0008960,ORD0004494,PROD0053,3,5844.47,10,15780.07
ITEM0008961,ORD0004494,PROD0148,3,2543.16,10,6866.53
ITEM0008962,ORD0004495,PROD0183,2,4402.38,15,7484.05
ITEM0008963,ORD0004496,PROD0136,1,2648.04,10,2383.24
ITEM0008964,ORD0004496,PROD0079,3,3868.77,10,10445.68
ITEM0008965,ORD0004496,PROD0135,1,1341.78,10,1207.6
ITEM0008966,ORD0004497,PROD0055,1,3434.95,0,3434.95
ITEM0008967,ORD0004497,PROD0147,1,3374.12,0,3374.12
ITEM0008968,ORD0004498,PROD0135,1,1341.78,0,1341.78
ITEM0008969,ORD0004498,PROD0027,3,27299.16,0,81897.48
ITEM0008970,ORD0004499,PROD0180,4,5434.17,0,21736.68
ITEM0008971,ORD0004499,PROD0091,1,10714.93,0,10714.93
ITEM0008972,ORD0004499,PROD0150,3,4265.82,0,12797.46
ITEM0008973,ORD0004500,PROD0177,3,5985.15,10,16159.9
ITEM0008974,ORD0004500,PROD0066,4,2108.12,10,7589.23
ITEM0008975,ORD0004500,PROD0155,4,3659.76,10,13175.14
ITEM0008976,ORD0004501,PROD0027,1,27299.16,10,24569.24
ITEM0008977,ORD0004501,PROD0051,3,5103.04,10,13778.21
ITEM0008978,ORD0004502,PROD0016,2,43331.31,0,86662.62
ITEM0008979,ORD0004502,PROD0080,1,2405.82,0,2405.82
ITEM0008980,ORD0004503,PROD0104,4,12889.74,5,48981.01
ITEM0008981,ORD0004503,PROD0002,2,50293.82,5,95558.26
ITEM0008982,ORD0004504,PROD0027,3,27299.16,15,69612.86
ITEM0008983,ORD0004504,PROD0147,2,3374.12,15,5736
ITEM0008984,ORD0004505,PROD0105,4,8086.41,0,32345.64
ITEM0008985,ORD0004505,PROD0175,3,6709.6,0,20128.8
ITEM0008986,ORD0004506,PROD0038,3,15904.21,0,47712.63
ITEM0008987,ORD0004507,PROD0038,1,15904.21,0,15904.21
ITEM0008988,ORD0004508,PROD0024,3,57909.18,10,156354.79
ITEM0008989,ORD0004508,PROD0013,2,40791.56,10,73424.81
ITEM0008990,ORD0004508,PROD0172,4,1025.46,10,3691.66
ITEM0008991,ORD0004509,PROD0012,4,33141.38,0,132565.52
ITEM0008992,ORD0004509,PROD0004,4,25591.73,0,102366.92
ITEM0008993,ORD0004509,PROD0154,4,1821.18,0,7284.72
ITEM0008994,ORD0004509,PROD0179,3,11478.91,0,34436.73
ITEM0008995,ORD0004510,PROD0143,2,382.09,5,725.97
ITEM0008996,ORD0004511,PROD0184,1,11703.06,0,11703.06
ITEM0008997,ORD0004511,PROD0055,4,3434.95,0,13739.8
ITEM0008998,ORD0004512,PROD0088,4,1045.29,10,3763.04
ITEM0008999,ORD0004512,PROD0195,4,437.39,10,1574.6
ITEM0009000,ORD0004512,PROD0097,3,7278.34,10,19651.52
ITEM0009001,ORD0004513,PROD0037,1,56353.69,10,50718.32
ITEM0009002,ORD0004513,PROD0093,4,12429.79,10,44747.24
ITEM0009003,ORD0004514,PROD0006,2,69356.89,0,138713.78
ITEM0009004,ORD0004515,PROD0121,4,389.01,15,1322.63
ITEM0009005,ORD0004515,PROD0107,2,5093.26,15,8658.54
ITEM0009006,ORD0004516,PROD0081,2,3032.39,10,5458.3
ITEM0009007,ORD0004517,PROD0123,3,9762.37,0,29287.11
ITEM0009008,ORD0004518,PROD0024,3,57909.18,0,173727.54
ITEM0009009,ORD0004519,PROD0020,3,47540.26,10,128358.7
ITEM0009010,ORD0004520,PROD0151,2,350.77,0,701.54
ITEM0009011,ORD0004521,PROD0190,1,1254.49,5,1191.77
ITEM0009012,ORD0004522,PROD0096,3,11526.42,5,32850.3
ITEM0009013,ORD0004522,PROD0050,3,4918.81,5,14018.61
ITEM0009014,ORD0004523,PROD0137,1,782.23,0,782.23
ITEM0009015,ORD0004524,PROD0105,2,8086.41,5,15364.18
ITEM0009016,ORD0004525,PROD0177,4,5985.15,10,21546.54
ITEM0009017,ORD0004525,PROD0137,1,782.23,10,704.01
ITEM0009018,ORD0004526,PROD0135,2,1341.78,0,2683.56
ITEM0009019,ORD0004526,PROD0060,1,3327.41,0,3327.41
ITEM0009020,ORD0004527,PROD0009,3,27237.58,0,81712.74
ITEM0009021,ORD0004528,PROD0096,3,11526.42,10,31121.33
ITEM0009022,ORD0004528,PROD0003,2,49712.42,10,89482.36
ITEM0009023,ORD0004528,PROD0019,4,21504.79,10,77417.24
ITEM0009024,ORD0004529,PROD0157,1,1549.94,5,1472.44
ITEM0009025,ORD0004529,PROD0131,4,2976.52,5,11310.78
ITEM0009026,ORD0004530,PROD0172,3,1025.46,10,2768.74
ITEM0009027,ORD0004531,PROD0050,2,4918.81,10,8853.86
ITEM0009028,ORD0004532,PROD0148,3,2543.16,5,7248.01
ITEM0009029,ORD0004532,PROD0081,2,3032.39,5,5761.54
ITEM0009030,ORD0004533,PROD0007,3,27829.19,0,83487.57
ITEM0009031,ORD0004533,PROD0135,4,1341.78,0,5367.12
ITEM0009032,ORD0004533,PROD0166,3,8733.51,0,26200.53
ITEM0009033,ORD0004533,PROD0073,2,346.89,0,693.78
ITEM0009034,ORD0004534,PROD0148,3,2543.16,10,6866.53
ITEM0009035,ORD0004534,PROD0165,1,8926.78,10,8034.1
ITEM0009036,ORD0004534,PROD0015,3,67106.58,10,181187.77
ITEM0009037,ORD0004534,PROD0008,2,57369.56,10,103265.21
ITEM0009038,ORD0004535,PROD0031,1,9586.34,0,9586.34
ITEM0009039,ORD0004536,PROD0060,3,3327.41,5,9483.12
ITEM0009040,ORD0004536,PROD0063,2,4348.36,5,8261.88
ITEM0009041,ORD0004536,PROD0046,4,6212.04,5,23605.75
ITEM0009042,ORD0004537,PROD0034,1,50492.99,0,50492.99
ITEM0009043,ORD0004537,PROD0190,4,1254.49,0,5017.96
ITEM0009044,ORD0004537,PROD0068,2,827.32,0,1654.64
ITEM0009045,ORD0004537,PROD0050,3,4918.81,0,14756.43
ITEM0009046,ORD0004538,PROD0104,3,12889.74,5,36735.76
ITEM0009047,ORD0004539,PROD0147,4,3374.12,5,12821.66
ITEM0009048,ORD0004540,PROD0167,2,11229.68,0,22459.36
ITEM0009049,ORD0004541,PROD0009,1,27237.58,15,23151.94
ITEM0009050,ORD0004541,PROD0181,4,5765.01,15,19601.03
ITEM0009051,ORD0004541,PROD0175,4,6709.6,15,22812.64
ITEM0009052,ORD0004541,PROD0053,2,5844.47,15,9935.6
ITEM0009053,ORD0004541,PROD0166,2,8733.51,15,14846.97
ITEM0009054,ORD0004542,PROD0119,4,2991.81,5,11368.88
ITEM0009055,ORD0004543,PROD0189,3,897.95,0,2693.85
ITEM0009056,ORD0004543,PROD0083,1,1974.27,0,1974.27
ITEM0009057,ORD0004543,PROD0173,4,8594.8,0,34379.2
ITEM0009058,ORD0004544,PROD0096,1,11526.42,20,9221.14
ITEM0009059,ORD0004544,PROD0034,3,50492.99,20,121183.18
ITEM0009060,ORD0004544,PROD0042,4,1233.59,20,3947.49
ITEM0009061,ORD0004544,PROD0057,4,742.06,20,2374.59
ITEM0009062,ORD0004545,PROD0190,1,1254.49,10,1129.04
ITEM0009063,ORD0004545,PROD0029,2,50556.2,10,91001.16
ITEM0009064,ORD0004546,PROD0018,3,43707.38,10,118009.93
ITEM0009065,ORD0004546,PROD0053,2,5844.47,10,10520.05
ITEM0009066,ORD0004547,PROD0010,1,32892.86,0,32892.86
ITEM0009067,ORD0004547,PROD0176,2,975.19,0,1950.38
ITEM0009068,ORD0004548,PROD0035,3,24304.78,25,54685.76
ITEM0009069,ORD0004549,PROD0129,2,838.52,20,1341.63
ITEM0009070,ORD0004549,PROD0190,3,1254.49,20,3010.78
ITEM0009071,ORD0004549,PROD0094,4,8217.48,20,26295.94
ITEM0009072,ORD0004550,PROD0116,4,4368.06,15,14851.4
ITEM0009073,ORD0004551,PROD0103,3,2970.53,10,8020.43
ITEM0009074,ORD0004551,PROD0121,4,389.01,10,1400.44
ITEM0009075,ORD0004552,PROD0194,3,238.12,0,714.36
ITEM0009076,ORD0004552,PROD0167,2,11229.68,0,22459.36
ITEM0009077,ORD0004552,PROD0195,1,437.39,0,437.39
ITEM0009078,ORD0004553,PROD0166,2,8733.51,10,15720.32
ITEM0009079,ORD0004554,PROD0027,2,27299.16,15,46408.57
ITEM0009080,ORD0004554,PROD0164,4,3543.37,15,12047.46
ITEM0009081,ORD0004555,PROD0020,3,47540.26,25,106965.58
ITEM0009082,ORD0004555,PROD0158,3,1726.09,25,3883.7
ITEM0009083,ORD0004555,PROD0173,1,8594.8,25,6446.1
ITEM0009084,ORD0004556,PROD0055,4,3434.95,10,12365.82
ITEM0009085,ORD0004556,PROD0121,4,389.01,10,1400.44
ITEM0009086,ORD0004557,PROD0056,1,4087.83,5,3883.44
ITEM0009087,ORD0004557,PROD0168,1,3183.64,5,3024.46
ITEM0009088,ORD0004558,PROD0182,3,2159.96,10,5831.89
ITEM0009089,ORD0004559,PROD0060,1,3327.41,15,2828.3
ITEM0009090,ORD0004560,PROD0157,1,1549.94,0,1549.94
ITEM0009091,ORD0004560,PROD0106,4,478.86,0,1915.44
ITEM0009092,ORD0004560,PROD0033,2,34304.44,0,68608.88
ITEM0009093,ORD0004561,PROD0103,4,2970.53,5,11288.01
ITEM0009094,ORD0004562,PROD0144,2,905.61,10,1630.1
ITEM0009095,ORD0004563,PROD0161,1,3119.91,0,3119.91
ITEM0009096,ORD0004563,PROD0048,2,3151.51,0,6303.02
ITEM0009097,ORD0004564,PROD0087,2,5742.05,0,11484.1
ITEM0009098,ORD0004564,PROD0083,2,1974.27,0,3948.54
ITEM0009099,ORD0004564,PROD0190,2,1254.49,0,2508.98
ITEM0009100,ORD0004565,PROD0156,1,366.5,20,293.2
ITEM0009101,ORD0004565,PROD0177,3,5985.15,20,14364.36
ITEM0009102,ORD0004565,PROD0118,2,10931.14,20,17489.82
ITEM0009103,ORD0004566,PROD0192,4,867.73,0,3470.92
ITEM0009104,ORD0004567,PROD0028,3,74581.74,10,201370.7
ITEM0009105,ORD0004568,PROD0115,2,11862.11,15,20165.59
ITEM0009106,ORD0004569,PROD0168,2,3183.64,25,4775.46
ITEM0009107,ORD0004569,PROD0178,3,1834.02,25,4126.54
ITEM0009108,ORD0004569,PROD0076,2,1552.25,25,2328.38
ITEM0009109,ORD0004570,PROD0002,4,50293.82,0,201175.28
