order_id,customer_id,order_date,status,payment_method,discount_pct,order_total,city,state
ORD0000001,CUST00001,13-10-2022,Delivered,Credit Card,0,37064.68,Kishanganj,Gujarat
ORD0000002,CUST00001,04-04-2024,Delivered,Debit Card,5,30129.55,Kishanganj,Gujarat
ORD0000003,CUST00001,14-08-2023,Returned,UPI,0,151449.18,Kishanganj,Gujarat
ORD0000004,CUST00001,02-04-2023,Cancelled,Credit Card,10,2326.19,Kishanganj,Gujarat
ORD0000005,CUST00001,16-05-2024,Delivered,UPI,0,198889.02,Kishanganj,Gujarat
ORD0000006,CUST00001,08-11-2023,Delivered,COD,15,8075.34,Kishanganj,Gujarat
ORD0000007,CUST00001,19-06-2023,Delivered,Net Banking,20,35934.98,Kishanganj,Gujarat
ORD0000008,CUST00001,25-11-2023,Delivered,Debit Card,0,354816.9,Kishanganj,Gujarat
ORD0000009,CUST00001,25-08-2022,Delivered,Credit Card,0,5941.06,Kishanganj,Gujarat
ORD0000010,CUST00001,04-08-2023,Cancelled,UPI,0,21335.19,Kishanganj,Gujarat
ORD0000011,CUST00001,05-08-2023,Delivered,Credit Card,0,11671.56,Kishanganj,Gujarat
ORD0000012,CUST00001,16-03-2022,Delivered,UPI,0,26599.46,Kishanganj,Gujarat
ORD0000013,CUST00001,11-08-2022,Delivered,Credit Card,0,3374.12,Kishanganj,Gujarat
ORD0000014,CUST00001,05-07-2022,Delivered,Credit Card,15,1319.41,Kishanganj,Gujarat
ORD0000015,CUST00002,30-03-2024,Returned,Debit Card,0,127119.26,Varanasi,Telangana
ORD0000016,CUST00002,20-01-2024,Delivered,Credit Card,0,3538.74,Varanasi,Telangana
ORD0000017,CUST00002,02-05-2024,Returned,UPI,10,1728.99,Varanasi,Telangana
ORD0000018,CUST00002,28-12-2023,Processing,Debit Card,0,32892.86,Varanasi,Telangana
ORD0000019,CUST00002,13-04-2024,Delivered,UPI,15,25399.41,Varanasi,Telangana
ORD0000020,CUST00002,19-12-2023,Delivered,Credit Card,15,6245.72,Varanasi,Telangana
ORD0000021,CUST00003,24-05-2024,Delivered,UPI,10,111528.08,Ujjain,Kerala
ORD0000022,CUST00004,16-06-2024,Delivered,Credit Card,0,34132.55,Amritsar,Gujarat
ORD0000023,CUST00004,29-10-2023,Cancelled,UPI,0,109123.04,Amritsar,Gujarat
ORD0000024,CUST00004,27-05-2023,Shipped,UPI,5,226.21,Amritsar,Gujarat
ORD0000025,CUST00005,08-06-2024,Delivered,Debit Card,5,16623.37,Danapur,Meghalaya
ORD0000026,CUST00005,02-06-2024,Returned,Debit Card,15,9152.18,Danapur,Meghalaya
ORD0000027,CUST00005,18-06-2024,Delivered,Net Banking,0,6437.22,Danapur,Meghalaya
ORD0000028,CUST00005,26-06-2024,Delivered,UPI,5,1436.12,Danapur,Meghalaya
ORD0000029,CUST00005,26-06-2024,Returned,Debit Card,0,8722.77,Danapur,Meghalaya
ORD0000030,CUST00006,01-07-2023,Cancelled,UPI,5,8777.58,Mau,Bihar
ORD0000031,CUST00007,07-01-2023,Delivered,COD,0,48226.84,Panvel,Tripura
ORD0000032,CUST00007,25-12-2023,Delivered,COD,5,40901.82,Panvel,Tripura
ORD0000033,CUST00007,30-04-2024,Delivered,Credit Card,15,156779.17,Panvel,Tripura
ORD0000034,CUST00007,09-03-2023,Delivered,Debit Card,5,255053.35,Panvel,Tripura
ORD0000035,CUST00007,21-10-2023,Delivered,UPI,0,1179.58,Panvel,Tripura
ORD0000036,CUST00007,13-01-2024,Delivered,UPI,0,91966.16,Panvel,Tripura
ORD0000037,CUST00007,26-06-2023,Delivered,Debit Card,10,1050.33,Panvel,Tripura
ORD0000038,CUST00007,05-12-2023,Delivered,Credit Card,0,27299.16,Panvel,Tripura
ORD0000039,CUST00008,13-02-2023,Delivered,UPI,5,34868.53,Jamalpur,Goa
ORD0000040,CUST00008,23-11-2022,Delivered,Net Banking,0,19675.24,Jamalpur,Goa
ORD0000041,CUST00009,28-12-2023,Delivered,Credit Card,10,173211.87,Giridih,Haryana
ORD0000042,CUST00010,08-04-2023,Returned,COD,5,2235.14,Bhalswa Jahangir Pur,Uttar Pradesh
ORD0000043,CUST00011,06-06-2024,Shipped,UPI,15,19318.26,Kolhapur,Maharashtra
ORD0000044,CUST00011,26-05-2024,Delivered,Net Banking,5,35894,Kolhapur,Maharashtra
ORD0000045,CUST00011,02-05-2024,Delivered,UPI,0,9871.56,Kolhapur,Maharashtra
ORD0000046,CUST00012,19-11-2023,Delivered,UPI,15,41320.53,Allahabad,Goa
ORD0000047,CUST00012,03-10-2023,Shipped,UPI,0,161965.28,Allahabad,Goa
ORD0000048,CUST00012,06-04-2024,Delivered,COD,0,1045.29,Allahabad,Goa
ORD0000049,CUST00013,15-07-2023,Delivered,UPI,0,176013.9,Howrah,Arunachal Pradesh
ORD0000050,CUST00013,29-12-2023,Delivered,UPI,25,667.58,Howrah,Arunachal Pradesh
ORD0000051,CUST00014,22-09-2023,Shipped,COD,15,171121.78,Udupi,Assam
ORD0000052,CUST00014,10-01-2023,Delivered,UPI,20,163753.58,Udupi,Assam
ORD0000053,CUST00014,26-04-2023,Cancelled,Debit Card,20,99581.13,Udupi,Assam
ORD0000054,CUST00014,14-10-2022,Cancelled,Net Banking,10,28947.14,Udupi,Assam
ORD0000055,CUST00014,11-07-2022,Delivered,UPI,0,9982.23,Udupi,Assam
ORD0000056,CUST00014,25-07-2022,Delivered,Debit Card,15,21063.19,Udupi,Assam
ORD0000057,CUST00014,02-08-2023,Cancelled,COD,0,42212.38,Udupi,Assam
ORD0000058,CUST00015,10-03-2024,Delivered,COD,5,220.46,Siwan,Gujarat
ORD0000059,CUST00015,03-02-2024,Delivered,Debit Card,0,6796.33,Siwan,Gujarat
ORD0000060,CUST00015,12-07-2023,Delivered,Credit Card,5,12104.78,Siwan,Gujarat
ORD0000061,CUST00015,03-01-2024,Delivered,Debit Card,10,18108.41,Siwan,Gujarat
ORD0000062,CUST00015,28-04-2024,Delivered,Debit Card,5,4423.91,Siwan,Gujarat
ORD0000063,CUST00015,20-02-2024,Delivered,COD,15,116635.1,Siwan,Gujarat
ORD0000064,CUST00016,30-10-2023,Shipped,UPI,10,58877.98,Bhiwandi,Bihar
ORD0000065,CUST00017,30-04-2024,Cancelled,UPI,20,4056.36,Bikaner,Rajasthan
ORD0000066,CUST00018,30-03-2024,Delivered,COD,0,15650.88,Bharatpur,Uttar Pradesh
ORD0000067,CUST00018,27-04-2024,Delivered,UPI,0,20872.04,Bharatpur,Uttar Pradesh
ORD0000068,CUST00018,12-06-2024,Shipped,Wallet,5,7993.06,Bharatpur,Uttar Pradesh
ORD0000069,CUST00018,21-05-2024,Shipped,COD,10,60883.92,Bharatpur,Uttar Pradesh
ORD0000070,CUST00018,30-03-2024,Delivered,Credit Card,15,422.54,Bharatpur,Uttar Pradesh
ORD0000071,CUST00018,17-06-2024,Delivered,COD,0,17063.28,Bharatpur,Uttar Pradesh
ORD0000072,CUST00018,31-05-2024,Delivered,Credit Card,0,308995.46,Bharatpur,Uttar Pradesh
ORD0000073,CUST00019,07-03-2024,Delivered,UPI,20,5674.2,Shimoga,Goa
ORD0000074,CUST00020,05-06-2024,Delivered,COD,20,928.49,Danapur,Madhya Pradesh
ORD0000075,CUST00021,09-05-2024,Cancelled,UPI,5,7041.95,Rohtak,Arunachal Pradesh
ORD0000076,CUST00022,16-01-2022,Delivered,Net Banking,0,137742.22,Begusarai,Chhattisgarh
ORD0000077,CUST00022,20-07-2023,Delivered,UPI,10,37618.33,Begusarai,Chhattisgarh
ORD0000078,CUST00023,22-02-2023,Delivered,Net Banking,0,3032.39,Sasaram,Meghalaya
ORD0000079,CUST00024,08-11-2023,Returned,UPI,0,19995.4,Yamunanagar,Meghalaya
ORD0000080,CUST00024,26-06-2022,Delivered,COD,0,6933.64,Yamunanagar,Meghalaya
ORD0000081,CUST00025,28-01-2024,Delivered,Wallet,0,40316.37,Mango,Punjab
ORD0000082,CUST00025,03-01-2024,Delivered,Net Banking,25,36457.17,Mango,Punjab
ORD0000083,CUST00025,22-04-2024,Processing,Debit Card,0,151668.6,Mango,Punjab
ORD0000084,CUST00025,12-03-2024,Delivered,Debit Card,5,3165.1,Mango,Punjab
ORD0000085,CUST00025,12-05-2024,Shipped,Credit Card,20,234773.52,Mango,Punjab
ORD0000086,CUST00025,18-03-2024,Delivered,Debit Card,0,7273.7,Mango,Punjab
ORD0000087,CUST00025,26-05-2024,Shipped,Debit Card,10,27537.95,Mango,Punjab
ORD0000088,CUST00025,29-12-2023,Delivered,UPI,15,232319.75,Mango,Punjab
ORD0000089,CUST00025,15-05-2024,Delivered,Credit Card,0,128112.5,Mango,Punjab
ORD0000090,CUST00025,24-06-2024,Delivered,Wallet,0,84367.77,Mango,Punjab
ORD0000091,CUST00025,28-01-2024,Delivered,Credit Card,25,4649.82,Mango,Punjab
ORD0000092,CUST00025,23-04-2024,Delivered,COD,20,18240.82,Mango,Punjab
ORD0000093,CUST00025,07-12-2023,Delivered,COD,0,47738.34,Mango,Punjab
ORD0000094,CUST00025,01-05-2024,Delivered,Net Banking,0,15020.48,Mango,Punjab
ORD0000095,CUST00025,06-06-2024,Delivered,COD,0,46014.83,Mango,Punjab
ORD0000096,CUST00026,29-04-2023,Delivered,UPI,10,19495.02,Imphal,Nagaland
ORD0000097,CUST00026,19-06-2023,Delivered,Credit Card,0,102913.32,Imphal,Nagaland
ORD0000098,CUST00026,05-10-2022,Delivered,UPI,0,102133.78,Imphal,Nagaland
ORD0000099,CUST00026,08-12-2022,Processing,Credit Card,0,41901,Imphal,Nagaland
ORD0000100,CUST00026,03-11-2023,Cancelled,Debit Card,5,299750.67,Imphal,Nagaland
ORD0000101,CUST00026,15-10-2023,Delivered,UPI,10,19201.67,Imphal,Nagaland
ORD0000102,CUST00026,08-03-2024,Delivered,Credit Card,10,687.76,Imphal,Nagaland
ORD0000103,CUST00026,09-05-2023,Shipped,Debit Card,0,42600.5,Imphal,Nagaland
ORD0000104,CUST00026,13-04-2024,Cancelled,Net Banking,10,5590.84,Imphal,Nagaland
ORD0000105,CUST00026,14-05-2023,Delivered,Debit Card,0,68608.88,Imphal,Nagaland
ORD0000106,CUST00027,06-10-2022,Processing,UPI,0,3007.88,Bhimavaram,Tamil Nadu
ORD0000107,CUST00028,02-12-2023,Delivered,COD,5,3215.87,Naihati,Sikkim
ORD0000108,CUST00028,07-07-2023,Delivered,UPI,5,8183.53,Naihati,Sikkim
ORD0000109,CUST00028,21-12-2023,Delivered,Debit Card,0,125315.48,Naihati,Sikkim
ORD0000110,CUST00028,10-11-2023,Delivered,Credit Card,0,7684.4,Naihati,Sikkim
ORD0000111,CUST00028,01-09-2023,Delivered,UPI,0,49042.75,Naihati,Sikkim
ORD0000112,CUST00028,18-05-2023,Delivered,UPI,20,32633.25,Naihati,Sikkim
ORD0000113,CUST00028,15-03-2024,Delivered,Net Banking,0,138713.78,Naihati,Sikkim
ORD0000114,CUST00028,28-06-2024,Processing,UPI,10,2424.47,Naihati,Sikkim
ORD0000115,CUST00029,20-04-2024,Delivered,Credit Card,0,14797.61,Malda,Karnataka
ORD0000116,CUST00029,09-06-2024,Delivered,COD,5,43434.85,Malda,Karnataka
ORD0000117,CUST00029,23-05-2024,Cancelled,Credit Card,10,23565.17,Malda,Karnataka
ORD0000118,CUST00029,28-04-2024,Shipped,UPI,10,11186.81,Malda,Karnataka
ORD0000119,CUST00029,21-04-2024,Returned,Credit Card,10,8013.76,Malda,Karnataka
ORD0000120,CUST00029,05-04-2024,Cancelled,Wallet,0,240171.57,Malda,Karnataka
ORD0000121,CUST00029,08-05-2024,Returned,Net Banking,10,35768.61,Malda,Karnataka
ORD0000122,CUST00029,24-06-2024,Delivered,Credit Card,0,59605.46,Malda,Karnataka
ORD0000123,CUST00030,13-11-2022,Delivered,UPI,10,55550.49,Mathura,Chhattisgarh
ORD0000124,CUST00030,01-05-2023,Returned,Debit Card,10,176513.25,Mathura,Chhattisgarh
ORD0000125,CUST00030,09-11-2023,Shipped,UPI,0,57054.46,Mathura,Chhattisgarh
ORD0000126,CUST00030,22-08-2023,Delivered,Net Banking,0,285695.83,Mathura,Chhattisgarh
ORD0000127,CUST00030,27-11-2022,Cancelled,Net Banking,15,10172.15,Mathura,Chhattisgarh
ORD0000128,CUST00030,03-05-2022,Delivered,Net Banking,0,7944.12,Mathura,Chhattisgarh
ORD0000129,CUST00030,18-09-2022,Processing,UPI,10,4777.11,Mathura,Chhattisgarh
ORD0000130,CUST00030,09-05-2024,Delivered,Credit Card,0,12190.8,Mathura,Chhattisgarh
ORD0000131,CUST00030,24-07-2022,Delivered,UPI,0,5545.16,Mathura,Chhattisgarh
ORD0000132,CUST00030,20-11-2023,Delivered,Debit Card,0,26780.34,Mathura,Chhattisgarh
ORD0000133,CUST00030,08-08-2023,Shipped,Debit Card,0,29959.59,Mathura,Chhattisgarh
ORD0000134,CUST00030,05-06-2023,Cancelled,Credit Card,5,11893.57,Mathura,Chhattisgarh
ORD0000135,CUST00031,05-10-2023,Delivered,COD,0,12679.64,Sikar,Tamil Nadu
ORD0000136,CUST00031,27-05-2022,Delivered,UPI,0,37094.82,Sikar,Tamil Nadu
ORD0000137,CUST00031,18-03-2023,Delivered,UPI,15,71725.55,Sikar,Tamil Nadu
ORD0000138,CUST00031,28-06-2023,Delivered,UPI,0,10296.63,Sikar,Tamil Nadu
ORD0000139,CUST00032,22-05-2024,Delivered,UPI,5,4105.22,Bhiwani,Kerala
ORD0000140,CUST00032,01-03-2024,Delivered,Debit Card,0,33533.24,Bhiwani,Kerala
ORD0000141,CUST00032,30-04-2024,Delivered,Credit Card,0,29454.42,Bhiwani,Kerala
ORD0000142,CUST00032,23-12-2023,Delivered,UPI,0,153707,Bhiwani,Kerala
ORD0000143,CUST00033,10-04-2023,Processing,Wallet,0,1718.58,Naihati,Andhra Pradesh
ORD0000144,CUST00033,13-11-2023,Delivered,Credit Card,0,202224.8,Naihati,Andhra Pradesh
ORD0000145,CUST00033,04-05-2023,Returned,COD,5,21365.05,Naihati,Andhra Pradesh
ORD0000146,CUST00033,21-10-2023,Delivered,Credit Card,20,32721.01,Naihati,Andhra Pradesh
ORD0000147,CUST00033,07-11-2023,Returned,UPI,0,11119.3,Naihati,Andhra Pradesh
ORD0000148,CUST00033,07-10-2023,Delivered,UPI,0,236177.92,Naihati,Andhra Pradesh
ORD0000149,CUST00034,22-11-2023,Delivered,Credit Card,10,185763.42,Miryalaguda,Tripura
ORD0000150,CUST00034,12-02-2023,Shipped,Credit Card,0,3133.76,Miryalaguda,Tripura
ORD0000151,CUST00034,02-03-2023,Delivered,UPI,0,104536.18,Miryalaguda,Tripura
ORD0000152,CUST00034,19-01-2024,Delivered,Debit Card,10,2269.22,Miryalaguda,Tripura
ORD0000153,CUST00034,23-03-2023,Returned,Credit Card,0,4397.01,Miryalaguda,Tripura
ORD0000154,CUST00034,24-09-2023,Delivered,COD,10,1335.71,Miryalaguda,Tripura
ORD0000155,CUST00034,07-03-2023,Delivered,UPI,10,146080.95,Miryalaguda,Tripura
ORD0000156,CUST00035,23-11-2023,Delivered,UPI,10,140363.06,Nagercoil,Tamil Nadu
ORD0000157,CUST00035,08-04-2024,Delivered,Debit Card,5,3872.69,Nagercoil,Tamil Nadu
ORD0000158,CUST00036,27-11-2023,Returned,Credit Card,5,2779.29,Jammu,Jharkhand
ORD0000159,CUST00036,25-11-2023,Delivered,UPI,0,9550.92,Jammu,Jharkhand
ORD0000160,CUST00036,06-12-2023,Delivered,Debit Card,0,286012.66,Jammu,Jharkhand
ORD0000161,CUST00036,29-10-2023,Delivered,UPI,20,5177.34,Jammu,Jharkhand
ORD0000162,CUST00037,10-08-2023,Delivered,Debit Card,0,3890.52,Gandhidham,Karnataka
ORD0000163,CUST00037,03-11-2023,Returned,Credit Card,5,16901.78,Gandhidham,Karnataka
ORD0000164,CUST00037,10-02-2024,Shipped,UPI,5,39170.43,Gandhidham,Karnataka
ORD0000165,CUST00037,25-04-2023,Shipped,Debit Card,20,4348.29,Gandhidham,Karnataka
ORD0000166,CUST00037,25-04-2024,Delivered,UPI,0,55193.42,Gandhidham,Karnataka
ORD0000167,CUST00037,12-04-2023,Shipped,UPI,10,241345.15,Gandhidham,Karnataka
ORD0000168,CUST00037,01-03-2024,Shipped,Debit Card,5,25722.89,Gandhidham,Karnataka
ORD0000169,CUST00038,05-04-2024,Delivered,UPI,25,73194.76,Medininagar,Punjab
ORD0000170,CUST00038,04-03-2024,Returned,Debit Card,0,31808.42,Medininagar,Punjab
ORD0000171,CUST00038,15-06-2024,Delivered,UPI,15,9003.34,Medininagar,Punjab
ORD0000172,CUST00038,10-04-2024,Cancelled,UPI,0,12248.44,Medininagar,Punjab
ORD0000173,CUST00038,02-03-2024,Delivered,Debit Card,0,3166.8,Medininagar,Punjab
ORD0000174,CUST00038,14-06-2024,Shipped,UPI,0,6216.6,Medininagar,Punjab
ORD0000175,CUST00038,11-04-2024,Delivered,UPI,0,18902.69,Medininagar,Punjab
ORD0000176,CUST00038,02-05-2024,Delivered,Credit Card,0,68641.92,Medininagar,Punjab
ORD0000177,CUST00038,16-06-2024,Delivered,UPI,0,29378.39,Medininagar,Punjab
ORD0000178,CUST00038,14-05-2024,Delivered,UPI,15,29158.77,Medininagar,Punjab
ORD0000179,CUST00038,07-05-2024,Returned,UPI,15,1838.01,Medininagar,Punjab
ORD0000180,CUST00039,18-02-2023,Returned,COD,5,36735.76,Malegaon,Nagaland
ORD0000181,CUST00039,06-03-2023,Processing,COD,15,24894.04,Malegaon,Nagaland
ORD0000182,CUST00039,03-10-2023,Delivered,UPI,20,4837.44,Malegaon,Nagaland
ORD0000183,CUST00039,27-09-2023,Shipped,Net Banking,5,12097.83,Malegaon,Nagaland
ORD0000184,CUST00039,31-03-2022,Shipped,Credit Card,5,64474.56,Malegaon,Nagaland
ORD0000185,CUST00039,18-08-2022,Returned,COD,0,88906.5,Malegaon,Nagaland
ORD0000186,CUST00039,27-03-2022,Delivered,Credit Card,10,12364.97,Malegaon,Nagaland
ORD0000187,CUST00039,24-10-2023,Delivered,Credit Card,10,190187.35,Malegaon,Nagaland
ORD0000188,CUST00039,10-12-2023,Delivered,UPI,0,1915.44,Malegaon,Nagaland
ORD0000189,CUST00039,05-02-2023,Delivered,Net Banking,10,31598.26,Malegaon,Nagaland
ORD0000190,CUST00040,08-02-2023,Delivered,UPI,10,374279.36,Khandwa,Bihar
ORD0000191,CUST00040,15-01-2024,Delivered,COD,20,55265.08,Khandwa,Bihar
ORD0000192,CUST00040,16-06-2024,Delivered,Credit Card,0,17955.45,Khandwa,Bihar
ORD0000193,CUST00040,09-02-2023,Delivered,UPI,0,14325.1,Khandwa,Bihar
ORD0000194,CUST00040,08-11-2023,Processing,UPI,5,816.33,Khandwa,Bihar
ORD0000195,CUST00040,18-01-2023,Delivered,Debit Card,15,2577.53,Khandwa,Bihar
ORD0000196,CUST00040,23-02-2023,Processing,Debit Card,15,21778.02,Khandwa,Bihar
ORD0000197,CUST00040,16-11-2022,Delivered,UPI,15,5205.59,Khandwa,Bihar
ORD0000198,CUST00040,29-06-2023,Delivered,Debit Card,10,8509.08,Khandwa,Bihar
ORD0000199,CUST00040,16-11-2023,Delivered,Net Banking,10,5342.28,Khandwa,Bihar
ORD0000200,CUST00040,01-09-2022,Returned,Debit Card,10,158823.53,Khandwa,Bihar
ORD0000201,CUST00040,06-03-2023,Delivered,Debit Card,5,34150.31,Khandwa,Bihar
ORD0000202,CUST00041,04-11-2023,Delivered,Debit Card,5,1364.75,Bahraich,Assam
ORD0000203,CUST00041,08-03-2024,Processing,Debit Card,5,68601.47,Bahraich,Assam
ORD0000204,CUST00041,10-12-2023,Cancelled,Debit Card,5,2970.24,Bahraich,Assam
ORD0000205,CUST00042,04-10-2023,Delivered,UPI,0,58325.37,Bhimavaram,Maharashtra
ORD0000206,CUST00043,29-02-2024,Delivered,UPI,20,57177.52,Nizamabad,Karnataka
ORD0000207,CUST00044,02-08-2023,Shipped,Wallet,5,255701.35,Bahraich,Tamil Nadu
ORD0000208,CUST00045,13-04-2024,Delivered,Debit Card,20,3617.04,Vijayanagaram,Uttarakhand
ORD0000209,CUST00046,13-04-2024,Delivered,Credit Card,0,204626.45,Dharmavaram,Odisha
ORD0000210,CUST00046,21-10-2023,Delivered,Credit Card,10,58948.38,Dharmavaram,Odisha
ORD0000211,CUST00046,08-01-2024,Cancelled,UPI,10,116672.71,Dharmavaram,Odisha
ORD0000212,CUST00046,11-09-2023,Shipped,UPI,15,33535.99,Dharmavaram,Odisha
ORD0000213,CUST00046,14-02-2024,Delivered,Net Banking,15,4900.26,Dharmavaram,Odisha
ORD0000214,CUST00046,31-12-2023,Delivered,UPI,0,1484.12,Dharmavaram,Odisha
ORD0000215,CUST00046,27-06-2024,Cancelled,Wallet,15,934.58,Dharmavaram,Odisha
ORD0000216,CUST00047,13-07-2023,Delivered,UPI,0,97219.12,Bhalswa Jahangir Pur,Tamil Nadu
ORD0000217,CUST00048,15-03-2024,Delivered,UPI,0,152779.84,Nandyal,Uttar Pradesh
ORD0000218,CUST00048,01-04-2024,Delivered,Debit Card,10,186909.35,Nandyal,Uttar Pradesh
ORD0000219,CUST00048,09-06-2024,Delivered,Credit Card,15,177140.51,Nandyal,Uttar Pradesh
ORD0000220,CUST00048,09-03-2024,Delivered,Credit Card,10,34991.75,Nandyal,Uttar Pradesh
ORD0000221,CUST00048,28-01-2024,Cancelled,Net Banking,20,39037.21,Nandyal,Uttar Pradesh
ORD0000222,CUST00048,01-03-2024,Delivered,UPI,0,3374.12,Nandyal,Uttar Pradesh
ORD0000223,CUST00049,25-10-2023,Delivered,Debit Card,15,176860.07,Salem,Manipur
ORD0000224,CUST00050,28-01-2024,Delivered,UPI,5,6586.96,Phagwara,West Bengal
ORD0000225,CUST00050,15-06-2024,Delivered,Credit Card,25,22477.63,Phagwara,West Bengal
ORD0000226,CUST00050,01-11-2023,Delivered,Debit Card,0,38225.76,Phagwara,West Bengal
ORD0000227,CUST00050,15-05-2024,Delivered,Debit Card,15,3362.58,Phagwara,West Bengal
ORD0000228,CUST00051,16-02-2024,Cancelled,UPI,25,22780.1,Khandwa,Tamil Nadu
ORD0000229,CUST00052,07-03-2024,Returned,UPI,25,5463.54,Medininagar,Telangana
ORD0000230,CUST00053,31-12-2023,Delivered,UPI,10,2342.87,Khammam,Telangana
ORD0000231,CUST00053,28-11-2023,Shipped,UPI,15,752.26,Khammam,Telangana
ORD0000232,CUST00054,02-08-2022,Returned,Debit Card,0,8288.8,Proddatur,Kerala
ORD0000233,CUST00054,02-07-2022,Cancelled,UPI,0,4348.36,Proddatur,Kerala
ORD0000234,CUST00054,08-03-2024,Delivered,Net Banking,0,7001.86,Proddatur,Kerala
ORD0000235,CUST00054,20-05-2023,Delivered,Net Banking,5,11846.79,Proddatur,Kerala
ORD0000236,CUST00054,15-12-2023,Delivered,Credit Card,0,37558.65,Proddatur,Kerala
ORD0000237,CUST00054,25-10-2022,Delivered,Wallet,0,5743.08,Proddatur,Kerala
ORD0000238,CUST00054,02-11-2023,Shipped,Debit Card,0,280081.44,Proddatur,Kerala
ORD0000239,CUST00054,19-01-2022,Delivered,COD,10,322509.55,Proddatur,Kerala
ORD0000240,CUST00054,06-10-2022,Delivered,UPI,15,14828.71,Proddatur,Kerala
ORD0000241,CUST00054,24-11-2022,Delivered,Credit Card,5,73403.19,Proddatur,Kerala
ORD0000242,CUST00054,19-10-2023,Delivered,UPI,0,7928.83,Proddatur,Kerala
ORD0000243,CUST00054,30-12-2023,Returned,UPI,0,26617.19,Proddatur,Kerala
ORD0000244,CUST00055,06-08-2022,Delivered,UPI,0,73621.84,Phagwara,Haryana
ORD0000245,CUST00055,27-11-2022,Processing,Credit Card,0,3634.84,Phagwara,Haryana
ORD0000246,CUST00056,18-06-2023,Delivered,Credit Card,15,65719.98,Dharmavaram,Telangana
ORD0000247,CUST00056,10-11-2023,Delivered,Credit Card,0,34833.99,Dharmavaram,Telangana
ORD0000248,CUST00056,15-01-2024,Delivered,Debit Card,20,39165.77,Dharmavaram,Telangana
ORD0000249,CUST00056,24-07-2023,Delivered,Credit Card,5,2051.96,Dharmavaram,Telangana
ORD0000250,CUST00057,09-06-2024,Delivered,Wallet,15,5305.73,Sikar,Himachal Pradesh
ORD0000251,CUST00058,19-03-2024,Delivered,Credit Card,20,9573.79,Siliguri,Uttar Pradesh
ORD0000252,CUST00058,05-05-2023,Delivered,UPI,10,8423.76,Siliguri,Uttar Pradesh
ORD0000253,CUST00058,20-05-2023,Delivered,UPI,0,981.96,Siliguri,Uttar Pradesh
ORD0000254,CUST00058,30-08-2022,Delivered,Debit Card,5,14750.24,Siliguri,Uttar Pradesh
ORD0000255,CUST00058,11-05-2023,Delivered,COD,0,72194.74,Siliguri,Uttar Pradesh
ORD0000256,CUST00059,27-04-2023,Processing,Debit Card,0,68871.11,Cuttack,Telangana
ORD0000257,CUST00059,01-08-2023,Delivered,Credit Card,5,46049.87,Cuttack,Telangana
ORD0000258,CUST00059,23-03-2024,Delivered,UPI,0,7375.26,Cuttack,Telangana
ORD0000259,CUST00059,08-08-2023,Delivered,Wallet,25,75440.73,Cuttack,Telangana
ORD0000260,CUST00059,20-05-2024,Delivered,UPI,5,116761.3,Cuttack,Telangana
ORD0000261,CUST00059,26-06-2023,Delivered,Wallet,0,58166.48,Cuttack,Telangana
ORD0000262,CUST00059,28-04-2024,Delivered,UPI,0,25784.4,Cuttack,Telangana
ORD0000263,CUST00060,25-08-2023,Delivered,UPI,0,2467.18,Ghaziabad,Meghalaya
ORD0000264,CUST00060,08-01-2022,Delivered,Credit Card,0,129860.76,Ghaziabad,Meghalaya
ORD0000265,CUST00061,28-06-2022,Delivered,Credit Card,0,3047.56,Malda,Mizoram
ORD0000266,CUST00061,29-11-2022,Delivered,UPI,5,1102.58,Malda,Mizoram
ORD0000267,CUST00061,08-09-2023,Delivered,Credit Card,10,21154.39,Malda,Mizoram
ORD0000268,CUST00061,01-11-2023,Shipped,Credit Card,10,57989.1,Malda,Mizoram
ORD0000269,CUST00062,03-05-2024,Delivered,Net Banking,0,11478.91,Bhalswa Jahangir Pur,Assam
ORD0000270,CUST00062,27-06-2024,Cancelled,Credit Card,5,2980.19,Bhalswa Jahangir Pur,Assam
ORD0000271,CUST00062,17-04-2024,Delivered,UPI,0,358977.81,Bhalswa Jahangir Pur,Assam
ORD0000272,CUST00062,25-12-2023,Delivered,UPI,0,14814.42,Bhalswa Jahangir Pur,Assam
ORD0000273,CUST00063,07-06-2024,Shipped,UPI,0,12529.93,Faridabad,Jharkhand
ORD0000274,CUST00064,02-03-2023,Delivered,Wallet,15,14503.79,Narasaraopet,Sikkim
ORD0000275,CUST00065,26-02-2024,Delivered,Net Banking,5,31153.75,Malda,Karnataka
ORD0000276,CUST00066,21-02-2024,Returned,Debit Card,0,1135.44,Anand,Bihar
ORD0000277,CUST00066,15-06-2022,Shipped,Credit Card,0,206613.33,Anand,Bihar
ORD0000278,CUST00066,12-03-2024,Delivered,UPI,5,24643.72,Anand,Bihar
ORD0000279,CUST00066,16-05-2024,Shipped,Credit Card,5,11371.78,Anand,Bihar
ORD0000280,CUST00066,09-01-2023,Returned,Wallet,15,5893.59,Anand,Bihar
ORD0000281,CUST00066,16-11-2023,Delivered,UPI,5,55013.72,Anand,Bihar
ORD0000282,CUST00067,18-12-2022,Shipped,Credit Card,0,3533.54,Jamshedpur,Andhra Pradesh
ORD0000283,CUST00068,22-09-2023,Delivered,UPI,0,7761.66,Ramgarh,Maharashtra
ORD0000284,CUST00068,11-08-2023,Delivered,Credit Card,15,5087.38,Ramgarh,Maharashtra
ORD0000285,CUST00068,03-01-2024,Delivered,Wallet,15,64310.93,Ramgarh,Maharashtra
ORD0000286,CUST00068,08-11-2023,Delivered,COD,0,19282.11,Ramgarh,Maharashtra
ORD0000287,CUST00069,07-11-2023,Cancelled,Credit Card,0,86413.5,Tenali,West Bengal
ORD0000288,CUST00069,14-12-2023,Delivered,UPI,15,9188.09,Tenali,West Bengal
ORD0000289,CUST00070,16-08-2022,Delivered,Wallet,10,10445.68,Malegaon,Punjab
ORD0000290,CUST00071,29-11-2023,Delivered,Wallet,0,145849.36,Panipat,Odisha
ORD0000291,CUST00071,14-07-2023,Returned,Credit Card,5,92752.42,Panipat,Odisha
ORD0000292,CUST00072,30-08-2023,Shipped,Net Banking,15,5689.54,Hospet,Uttar Pradesh
ORD0000293,CUST00072,14-10-2023,Delivered,UPI,0,101112.4,Hospet,Uttar Pradesh
ORD0000294,CUST00073,26-02-2024,Delivered,UPI,0,76853.5,Bharatpur,Kerala
ORD0000295,CUST00073,02-09-2023,Delivered,Debit Card,5,16420.86,Bharatpur,Kerala
ORD0000296,CUST00073,15-07-2023,Delivered,UPI,10,82095.57,Bharatpur,Kerala
ORD0000297,CUST00073,09-04-2024,Shipped,Credit Card,20,18977.44,Bharatpur,Kerala
ORD0000298,CUST00073,02-09-2023,Delivered,UPI,15,34417.62,Bharatpur,Kerala
ORD0000299,CUST00073,14-04-2024,Delivered,UPI,0,17937.51,Bharatpur,Kerala
ORD0000300,CUST00073,08-03-2024,Delivered,Credit Card,0,27347.76,Bharatpur,Kerala
ORD0000301,CUST00073,01-03-2024,Processing,COD,5,7897.86,Bharatpur,Kerala
ORD0000302,CUST00073,01-11-2023,Delivered,UPI,0,144979.03,Bharatpur,Kerala
ORD0000303,CUST00073,26-11-2023,Delivered,Credit Card,25,4442.11,Bharatpur,Kerala
ORD0000304,CUST00073,23-04-2024,Shipped,COD,0,238964.46,Bharatpur,Kerala
ORD0000305,CUST00073,18-05-2024,Delivered,Net Banking,0,6748.24,Bharatpur,Kerala
ORD0000306,CUST00073,28-12-2023,Delivered,Credit Card,15,96069.14,Bharatpur,Kerala
ORD0000307,CUST00073,06-05-2023,Cancelled,Credit Card,0,52574.42,Bharatpur,Kerala
ORD0000308,CUST00073,06-07-2023,Delivered,Net Banking,5,52017.39,Bharatpur,Kerala
ORD0000309,CUST00073,14-08-2023,Delivered,UPI,15,44447.88,Bharatpur,Kerala
ORD0000310,CUST00073,15-03-2023,Delivered,UPI,5,20656.87,Bharatpur,Kerala
ORD0000311,CUST00074,27-04-2024,Delivered,Credit Card,0,55116.48,Tirupati,Rajasthan
ORD0000312,CUST00074,06-05-2024,Delivered,Net Banking,15,28087.52,Tirupati,Rajasthan
ORD0000313,CUST00075,24-06-2024,Delivered,COD,5,7182.49,Shivpuri,Gujarat
ORD0000314,CUST00075,20-05-2024,Processing,UPI,0,30182.64,Shivpuri,Gujarat
ORD0000315,CUST00075,03-05-2024,Delivered,UPI,10,76639.87,Shivpuri,Gujarat
ORD0000316,CUST00076,24-03-2023,Delivered,UPI,0,17295.03,Bahraich,Arunachal Pradesh
ORD0000317,CUST00076,24-10-2022,Delivered,Net Banking,20,6260.35,Bahraich,Arunachal Pradesh
ORD0000318,CUST00076,28-08-2023,Delivered,Wallet,15,9987.3,Bahraich,Arunachal Pradesh
ORD0000319,CUST00076,12-04-2022,Delivered,Debit Card,10,4766.47,Bahraich,Arunachal Pradesh
ORD0000320,CUST00076,25-08-2022,Delivered,COD,0,58199.92,Bahraich,Arunachal Pradesh
ORD0000321,CUST00076,29-12-2022,Delivered,UPI,25,130295.66,Bahraich,Arunachal Pradesh
ORD0000322,CUST00076,13-03-2023,Cancelled,UPI,25,5178.27,Bahraich,Arunachal Pradesh
ORD0000323,CUST00076,17-05-2023,Returned,COD,0,197954.1,Bahraich,Arunachal Pradesh
ORD0000324,CUST00076,16-04-2024,Delivered,Credit Card,15,37531.56,Bahraich,Arunachal Pradesh
ORD0000325,CUST00077,12-03-2024,Delivered,Debit Card,0,46161.04,Eluru,Mizoram
ORD0000326,CUST00077,08-12-2023,Returned,Credit Card,5,138714.2,Eluru,Mizoram
ORD0000327,CUST00077,04-04-2024,Delivered,UPI,25,60082.53,Eluru,Mizoram
ORD0000328,CUST00078,07-12-2023,Cancelled,Debit Card,5,12335.1,Junagadh,Assam
ORD0000329,CUST00078,13-11-2022,Delivered,COD,0,3955.98,Junagadh,Assam
ORD0000330,CUST00078,28-02-2023,Delivered,Debit Card,0,42859.72,Junagadh,Assam
ORD0000331,CUST00078,30-09-2023,Delivered,UPI,0,867.73,Junagadh,Assam
ORD0000332,CUST00078,06-06-2023,Shipped,COD,15,7972.75,Junagadh,Assam
ORD0000333,CUST00078,26-01-2024,Returned,COD,5,23062.55,Junagadh,Assam
ORD0000334,CUST00078,16-04-2023,Delivered,UPI,0,994.2,Junagadh,Assam
ORD0000335,CUST00078,01-04-2023,Delivered,COD,10,82032.72,Junagadh,Assam
ORD0000336,CUST00079,10-08-2022,Cancelled,Credit Card,0,1752.87,Durgapur,Arunachal Pradesh
ORD0000337,CUST00079,31-08-2022,Delivered,COD,5,146021.65,Durgapur,Arunachal Pradesh
ORD0000338,CUST00079,02-07-2022,Delivered,Debit Card,15,2309.31,Durgapur,Arunachal Pradesh
ORD0000339,CUST00079,03-05-2024,Delivered,UPI,5,151783.19,Durgapur,Arunachal Pradesh
ORD0000340,CUST00079,11-11-2022,Cancelled,Net Banking,25,989,Durgapur,Arunachal Pradesh
ORD0000341,CUST00079,15-01-2023,Shipped,UPI,5,251464.32,Durgapur,Arunachal Pradesh
ORD0000342,CUST00079,18-10-2022,Shipped,Credit Card,10,8906.95,Durgapur,Arunachal Pradesh
ORD0000343,CUST00079,22-12-2023,Delivered,Net Banking,20,1924.66,Durgapur,Arunachal Pradesh
ORD0000344,CUST00079,05-03-2024,Delivered,UPI,5,7682.09,Durgapur,Arunachal Pradesh
ORD0000345,CUST00079,20-07-2023,Returned,UPI,5,5455.93,Durgapur,Arunachal Pradesh
ORD0000346,CUST00079,18-04-2023,Delivered,UPI,5,135716.38,Durgapur,Arunachal Pradesh
ORD0000347,CUST00080,18-08-2022,Shipped,COD,15,4483.12,Barasat,Bihar
ORD0000348,CUST00080,21-01-2023,Processing,UPI,15,42601.76,Barasat,Bihar
ORD0000349,CUST00080,30-01-2023,Delivered,Debit Card,10,10675.9,Barasat,Bihar
ORD0000350,CUST00080,13-11-2022,Delivered,UPI,15,33407.63,Barasat,Bihar
ORD0000351,CUST00080,04-06-2024,Delivered,Debit Card,10,14946.09,Barasat,Bihar
ORD0000352,CUST00080,05-12-2023,Delivered,Credit Card,0,26675.78,Barasat,Bihar
ORD0000353,CUST00080,26-04-2024,Delivered,UPI,15,146533.89,Barasat,Bihar
ORD0000354,CUST00081,08-12-2023,Delivered,Credit Card,5,23041,New Delhi,Odisha
ORD0000355,CUST00081,01-11-2022,Returned,UPI,10,115197.46,New Delhi,Odisha
ORD0000356,CUST00081,16-01-2024,Shipped,Debit Card,5,2993.93,New Delhi,Odisha
ORD0000357,CUST00081,14-10-2022,Delivered,Net Banking,25,5343.33,New Delhi,Odisha
ORD0000358,CUST00081,18-01-2023,Delivered,Debit Card,10,10106.71,New Delhi,Odisha
ORD0000359,CUST00081,07-06-2024,Delivered,Debit Card,5,47613.73,New Delhi,Odisha
ORD0000360,CUST00081,15-08-2022,Delivered,UPI,15,16824.24,New Delhi,Odisha
ORD0000361,CUST00082,29-05-2023,Delivered,COD,20,2173.46,Hapur,Haryana
ORD0000362,CUST00082,17-03-2023,Delivered,Credit Card,10,20054.82,Hapur,Haryana
ORD0000363,CUST00083,21-09-2022,Delivered,Credit Card,10,58972.61,Kalyan-Dombivli,Karnataka
ORD0000364,CUST00083,22-02-2024,Shipped,Debit Card,5,5626.67,Kalyan-Dombivli,Karnataka
ORD0000365,CUST00083,01-10-2023,Delivered,Debit Card,5,26379.46,Kalyan-Dombivli,Karnataka
ORD0000366,CUST00083,06-11-2022,Delivered,UPI,25,59560.47,Kalyan-Dombivli,Karnataka
ORD0000367,CUST00083,09-12-2023,Delivered,Debit Card,0,34295.94,Kalyan-Dombivli,Karnataka
ORD0000368,CUST00083,30-03-2024,Delivered,Debit Card,0,95896.86,Kalyan-Dombivli,Karnataka
ORD0000369,CUST00083,11-03-2024,Delivered,UPI,0,14918.07,Kalyan-Dombivli,Karnataka
ORD0000370,CUST00083,16-09-2023,Cancelled,UPI,0,120404.89,Kalyan-Dombivli,Karnataka
ORD0000371,CUST00083,29-08-2023,Cancelled,Net Banking,5,135489.74,Kalyan-Dombivli,Karnataka
ORD0000372,CUST00083,31-05-2023,Processing,Debit Card,15,163418.99,Kalyan-Dombivli,Karnataka
ORD0000373,CUST00083,29-04-2024,Shipped,Credit Card,10,100958.44,Kalyan-Dombivli,Karnataka
ORD0000374,CUST00083,19-06-2024,Delivered,Credit Card,0,4299.31,Kalyan-Dombivli,Karnataka
ORD0000375,CUST00083,10-11-2022,Delivered,Credit Card,0,3538.6,Kalyan-Dombivli,Karnataka
ORD0000376,CUST00083,06-12-2023,Delivered,Debit Card,0,23721.8,Kalyan-Dombivli,Karnataka
ORD0000377,CUST00083,26-06-2024,Processing,UPI,10,10770.52,Kalyan-Dombivli,Karnataka
ORD0000378,CUST00084,22-06-2023,Delivered,UPI,15,1115.34,Sonipat,Goa
ORD0000379,CUST00085,28-03-2024,Delivered,Credit Card,10,659.7,Rourkela,Tamil Nadu
ORD0000380,CUST00086,25-04-2024,Cancelled,Debit Card,10,6400.56,Cuttack,Assam
ORD0000381,CUST00086,12-06-2024,Delivered,Credit Card,5,6245.73,Cuttack,Assam
ORD0000382,CUST00086,17-05-2024,Delivered,Debit Card,0,99424.14,Cuttack,Assam
ORD0000383,CUST00086,20-06-2024,Delivered,UPI,5,7327.29,Cuttack,Assam
ORD0000384,CUST00086,29-06-2024,Delivered,UPI,10,6400.56,Cuttack,Assam
ORD0000385,CUST00087,25-06-2024,Cancelled,Credit Card,0,17573.35,Alwar,Haryana
ORD0000386,CUST00087,19-03-2024,Delivered,COD,5,39691.82,Alwar,Haryana
ORD0000387,CUST00087,27-03-2024,Delivered,UPI,15,21842.75,Alwar,Haryana
ORD0000388,CUST00087,31-03-2024,Delivered,COD,5,10598.31,Alwar,Haryana
ORD0000389,CUST00087,05-04-2024,Delivered,Debit Card,10,142153.41,Alwar,Haryana
ORD0000390,CUST00087,20-05-2024,Cancelled,UPI,5,2964.97,Alwar,Haryana
ORD0000391,CUST00088,16-05-2024,Shipped,UPI,10,63652.44,Bidhannagar,Goa
ORD0000392,CUST00088,20-08-2023,Delivered,Debit Card,20,30935.38,Bidhannagar,Goa
ORD0000393,CUST00088,06-05-2023,Shipped,UPI,5,139070.05,Bidhannagar,Goa
ORD0000394,CUST00088,11-06-2023,Cancelled,Debit Card,5,2963.91,Bidhannagar,Goa
ORD0000395,CUST00088,03-11-2023,Delivered,Credit Card,10,55925.99,Bidhannagar,Goa
ORD0000396,CUST00088,26-07-2023,Delivered,Net Banking,10,1375.52,Bidhannagar,Goa
ORD0000397,CUST00088,17-10-2023,Delivered,Debit Card,10,19354.31,Bidhannagar,Goa
ORD0000398,CUST00089,10-06-2024,Delivered,UPI,0,110390.48,Karimnagar,Nagaland
ORD0000399,CUST00089,21-01-2024,Cancelled,UPI,25,47901.9,Karimnagar,Nagaland
ORD0000400,CUST00089,14-12-2023,Delivered,Credit Card,0,64473.34,Karimnagar,Nagaland
ORD0000401,CUST00090,09-06-2024,Delivered,Debit Card,0,16539.13,Hazaribagh,Kerala
ORD0000402,CUST00091,02-05-2023,Cancelled,UPI,10,1408.01,Thiruvananthapuram,Rajasthan
ORD0000403,CUST00091,01-04-2024,Shipped,Net Banking,0,126359.97,Thiruvananthapuram,Rajasthan
ORD0000404,CUST00091,30-05-2023,Delivered,UPI,0,25779.48,Thiruvananthapuram,Rajasthan
ORD0000405,CUST00091,08-03-2023,Delivered,Credit Card,10,21407.84,Thiruvananthapuram,Rajasthan
ORD0000406,CUST00091,25-12-2023,Returned,Wallet,15,27958.93,Thiruvananthapuram,Rajasthan
ORD0000407,CUST00091,28-09-2022,Delivered,COD,10,5357.74,Thiruvananthapuram,Rajasthan
ORD0000408,CUST00091,13-12-2023,Delivered,UPI,20,6988.9,Thiruvananthapuram,Rajasthan
ORD0000409,CUST00091,02-12-2023,Delivered,Net Banking,5,13425.59,Thiruvananthapuram,Rajasthan
ORD0000410,CUST00091,08-02-2023,Delivered,Wallet,0,9982.23,Thiruvananthapuram,Rajasthan
ORD0000411,CUST00091,13-08-2022,Returned,UPI,0,4796.3,Thiruvananthapuram,Rajasthan
ORD0000412,CUST00091,29-01-2024,Delivered,UPI,0,87414.76,Thiruvananthapuram,Rajasthan
ORD0000413,CUST00091,06-05-2023,Cancelled,Debit Card,0,5463.54,Thiruvananthapuram,Rajasthan
ORD0000414,CUST00091,28-02-2024,Delivered,Wallet,0,7985.95,Thiruvananthapuram,Rajasthan
ORD0000415,CUST00091,23-11-2022,Delivered,Wallet,15,14133.02,Thiruvananthapuram,Rajasthan
ORD0000416,CUST00092,02-06-2024,Delivered,Net Banking,15,22003.83,Bhagalpur,Tripura
ORD0000417,CUST00092,31-12-2023,Delivered,COD,10,25097.2,Bhagalpur,Tripura
ORD0000418,CUST00092,17-05-2022,Delivered,Debit Card,0,12420.7,Bhagalpur,Tripura
ORD0000419,CUST00092,12-04-2023,Delivered,Wallet,5,24808.25,Bhagalpur,Tripura
ORD0000420,CUST00092,25-06-2022,Delivered,Credit Card,15,27472.02,Bhagalpur,Tripura
ORD0000421,CUST00092,30-09-2022,Returned,Credit Card,5,3772.44,Bhagalpur,Tripura
ORD0000422,CUST00092,08-09-2023,Delivered,Credit Card,0,20848.59,Bhagalpur,Tripura
ORD0000423,CUST00093,03-03-2024,Delivered,UPI,15,168008.11,Medininagar,Chhattisgarh
ORD0000424,CUST00094,19-05-2024,Delivered,UPI,0,1703.16,Dhanbad,Jharkhand
ORD0000425,CUST00094,13-10-2022,Delivered,Credit Card,0,1770.02,Dhanbad,Jharkhand
ORD0000426,CUST00094,28-05-2024,Delivered,UPI,5,2963.91,Dhanbad,Jharkhand
ORD0000427,CUST00095,23-12-2022,Delivered,UPI,0,229429.55,New Delhi,Gujarat
ORD0000428,CUST00096,12-11-2022,Delivered,Debit Card,15,13898.62,Jehanabad,Nagaland
ORD0000429,CUST00096,02-06-2024,Processing,Credit Card,15,27931.58,Jehanabad,Nagaland
ORD0000430,CUST00096,21-11-2023,Delivered,Net Banking,10,3333.39,Jehanabad,Nagaland
ORD0000431,CUST00096,03-11-2022,Shipped,Net Banking,15,25763.54,Jehanabad,Nagaland
ORD0000432,CUST00096,13-12-2023,Delivered,UPI,15,71087.13,Jehanabad,Nagaland
ORD0000433,CUST00096,24-12-2023,Delivered,COD,0,61401.59,Jehanabad,Nagaland
ORD0000434,CUST00096,03-03-2024,Delivered,Net Banking,0,24132.85,Jehanabad,Nagaland
ORD0000435,CUST00096,13-03-2023,Delivered,COD,15,54142.35,Jehanabad,Nagaland
ORD0000436,CUST00097,18-03-2024,Delivered,Debit Card,10,14384.46,Asansol,Gujarat
ORD0000437,CUST00097,08-03-2024,Delivered,Credit Card,0,24602.53,Asansol,Gujarat
ORD0000438,CUST00097,27-01-2024,Delivered,UPI,25,44545.34,Asansol,Gujarat
ORD0000439,CUST00097,25-05-2024,Delivered,Credit Card,5,111354.14,Asansol,Gujarat
ORD0000440,CUST00097,28-12-2023,Delivered,Debit Card,15,104018.48,Asansol,Gujarat
ORD0000441,CUST00098,14-01-2024,Delivered,Credit Card,0,8212.04,Singrauli,Punjab
ORD0000442,CUST00098,07-09-2022,Delivered,Net Banking,0,3385.13,Singrauli,Punjab
ORD0000443,CUST00098,05-08-2023,Delivered,Debit Card,10,11415.61,Singrauli,Punjab
ORD0000444,CUST00098,06-01-2024,Delivered,Net Banking,15,22515.83,Singrauli,Punjab
ORD0000445,CUST00098,22-02-2024,Delivered,Credit Card,5,10324.57,Singrauli,Punjab
ORD0000446,CUST00098,12-07-2023,Delivered,Net Banking,0,235351.53,Singrauli,Punjab
ORD0000447,CUST00098,07-09-2023,Delivered,COD,5,22979.76,Singrauli,Punjab
ORD0000448,CUST00098,01-11-2022,Delivered,Debit Card,0,81583.12,Singrauli,Punjab
ORD0000449,CUST00098,26-06-2023,Returned,UPI,0,86331.63,Singrauli,Punjab
ORD0000450,CUST00099,02-06-2023,Delivered,UPI,0,2637.32,Faridabad,Odisha
ORD0000451,CUST00099,21-10-2023,Delivered,Credit Card,0,24729.47,Faridabad,Odisha
ORD0000452,CUST00099,20-07-2023,Shipped,UPI,5,8767.43,Faridabad,Odisha
ORD0000453,CUST00099,19-10-2023,Shipped,COD,15,12089.94,Faridabad,Odisha
ORD0000454,CUST00099,09-06-2024,Delivered,Credit Card,0,1576.87,Faridabad,Odisha
ORD0000455,CUST00099,25-06-2023,Delivered,Debit Card,10,21347.87,Faridabad,Odisha
ORD0000456,CUST00099,13-02-2024,Delivered,UPI,5,38660.68,Faridabad,Odisha
ORD0000457,CUST00100,19-10-2023,Delivered,Wallet,10,119308.97,Orai,Tripura
ORD0000458,CUST00100,17-09-2023,Delivered,UPI,5,739.12,Orai,Tripura
ORD0000459,CUST00101,22-11-2023,Delivered,Net Banking,15,3945.51,Shahjahanpur,Himachal Pradesh
ORD0000460,CUST00101,20-06-2024,Delivered,Credit Card,10,58062.93,Shahjahanpur,Himachal Pradesh
ORD0000461,CUST00101,25-02-2023,Cancelled,Net Banking,0,27237.58,Shahjahanpur,Himachal Pradesh
ORD0000462,CUST00102,18-01-2024,Delivered,Debit Card,5,66370.21,Kalyan-Dombivli,Jharkhand
ORD0000463,CUST00103,04-12-2023,Delivered,UPI,0,12460.32,Muzaffarpur,Arunachal Pradesh
ORD0000464,CUST00103,02-06-2024,Delivered,Credit Card,0,23800.77,Muzaffarpur,Arunachal Pradesh
ORD0000465,CUST00103,16-01-2024,Delivered,Credit Card,15,2044.95,Muzaffarpur,Arunachal Pradesh
ORD0000466,CUST00103,27-04-2024,Delivered,Debit Card,0,32869.92,Muzaffarpur,Arunachal Pradesh
ORD0000467,CUST00103,03-05-2024,Delivered,UPI,10,16951.95,Muzaffarpur,Arunachal Pradesh
ORD0000468,CUST00103,19-06-2024,Delivered,Credit Card,5,9950.17,Muzaffarpur,Arunachal Pradesh
ORD0000469,CUST00103,20-01-2024,Delivered,COD,0,39273.19,Muzaffarpur,Arunachal Pradesh
ORD0000470,CUST00103,06-03-2024,Delivered,UPI,0,32793.42,Muzaffarpur,Arunachal Pradesh
ORD0000471,CUST00103,16-09-2023,Shipped,UPI,5,4122.4,Muzaffarpur,Arunachal Pradesh
ORD0000472,CUST00103,04-04-2024,Cancelled,Credit Card,0,1770.02,Muzaffarpur,Arunachal Pradesh
ORD0000473,CUST00103,30-09-2023,Delivered,Debit Card,0,1863.98,Muzaffarpur,Arunachal Pradesh
ORD0000474,CUST00103,10-09-2023,Delivered,UPI,10,15356.95,Muzaffarpur,Arunachal Pradesh
ORD0000475,CUST00103,10-09-2023,Shipped,UPI,0,50288.12,Muzaffarpur,Arunachal Pradesh
ORD0000476,CUST00103,29-01-2024,Delivered,UPI,0,26051.16,Muzaffarpur,Arunachal Pradesh
ORD0000477,CUST00103,03-01-2024,Delivered,UPI,0,11703.06,Muzaffarpur,Arunachal Pradesh
ORD0000478,CUST00103,18-12-2023,Delivered,Credit Card,0,1482.68,Muzaffarpur,Arunachal Pradesh
ORD0000479,CUST00104,24-05-2024,Delivered,UPI,0,14134.16,Chapra,Haryana
ORD0000480,CUST00104,19-05-2024,Delivered,Credit Card,0,2419.87,Chapra,Haryana
ORD0000481,CUST00104,13-05-2024,Shipped,Debit Card,5,19730.02,Chapra,Haryana
ORD0000482,CUST00104,09-06-2024,Delivered,Net Banking,0,2050.92,Chapra,Haryana
ORD0000483,CUST00104,16-05-2024,Delivered,Wallet,5,3705.72,Chapra,Haryana
ORD0000484,CUST00104,13-05-2024,Delivered,UPI,5,62703.51,Chapra,Haryana
ORD0000485,CUST00104,04-06-2024,Delivered,Credit Card,10,54283.99,Chapra,Haryana
ORD0000486,CUST00104,08-06-2024,Delivered,Credit Card,15,119342.62,Chapra,Haryana
ORD0000487,CUST00105,05-02-2024,Delivered,UPI,0,7802.08,Guntur,West Bengal
ORD0000488,CUST00105,22-12-2023,Returned,Debit Card,25,2296.58,Guntur,West Bengal
ORD0000489,CUST00105,29-01-2024,Shipped,Credit Card,10,49087.06,Guntur,West Bengal
ORD0000490,CUST00105,24-12-2023,Delivered,UPI,10,19249.54,Guntur,West Bengal
ORD0000491,CUST00105,19-10-2023,Delivered,UPI,0,190718.08,Guntur,West Bengal
ORD0000492,CUST00105,13-02-2024,Delivered,COD,10,5271.24,Guntur,West Bengal
ORD0000493,CUST00105,16-11-2023,Cancelled,UPI,15,141376.75,Guntur,West Bengal
ORD0000494,CUST00105,06-06-2024,Delivered,UPI,20,87357.31,Guntur,West Bengal
ORD0000495,CUST00106,30-03-2024,Processing,Debit Card,10,67123.57,Kottayam,Karnataka
ORD0000496,CUST00107,17-04-2024,Delivered,UPI,10,315.69,Bhilwara,Rajasthan
ORD0000497,CUST00108,20-03-2024,Cancelled,UPI,0,109730.3,Malda,Telangana
ORD0000498,CUST00108,06-03-2024,Delivered,COD,0,33610.67,Malda,Telangana
ORD0000499,CUST00108,19-04-2024,Delivered,Credit Card,0,260432.15,Malda,Telangana
ORD0000500,CUST00109,28-08-2022,Delivered,COD,0,121918.92,Dehradun,Karnataka
ORD0000501,CUST00109,10-02-2024,Delivered,Credit Card,15,20165.59,Dehradun,Karnataka
ORD0000502,CUST00109,11-04-2023,Shipped,Credit Card,0,60061.66,Dehradun,Karnataka
ORD0000503,CUST00109,21-01-2024,Delivered,UPI,20,21954.87,Dehradun,Karnataka
ORD0000504,CUST00109,26-11-2023,Cancelled,Debit Card,5,132451.01,Dehradun,Karnataka
ORD0000505,CUST00109,27-10-2023,Delivered,Net Banking,5,8623.97,Dehradun,Karnataka
ORD0000506,CUST00109,22-10-2022,Delivered,Net Banking,15,42346.4,Dehradun,Karnataka
ORD0000507,CUST00109,03-10-2022,Delivered,Credit Card,0,3153.74,Dehradun,Karnataka
ORD0000508,CUST00110,25-02-2024,Delivered,Credit Card,0,2352.78,Tenali,Himachal Pradesh
ORD0000509,CUST00110,25-05-2024,Delivered,Debit Card,20,48393.06,Tenali,Himachal Pradesh
ORD0000510,CUST00110,06-01-2024,Delivered,Credit Card,5,5559.74,Tenali,Himachal Pradesh
ORD0000511,CUST00110,06-05-2024,Shipped,Credit Card,0,40491.32,Tenali,Himachal Pradesh
ORD0000512,CUST00110,07-11-2023,Delivered,UPI,0,15872.12,Tenali,Himachal Pradesh
ORD0000513,CUST00111,12-03-2024,Cancelled,UPI,5,146305.47,Eluru,Manipur
ORD0000514,CUST00111,02-09-2022,Delivered,Credit Card,25,83487.57,Eluru,Manipur
ORD0000515,CUST00111,16-05-2022,Delivered,UPI,0,26691.23,Eluru,Manipur
ORD0000516,CUST00112,12-04-2024,Delivered,Wallet,5,37767.12,Berhampur,Haryana
ORD0000517,CUST00112,17-04-2024,Delivered,Debit Card,5,281770.23,Berhampur,Haryana
ORD0000518,CUST00112,21-12-2023,Delivered,UPI,0,1160.61,Berhampur,Haryana
ORD0000519,CUST00112,23-04-2024,Delivered,Debit Card,15,95205.21,Berhampur,Haryana
ORD0000520,CUST00112,23-02-2023,Delivered,Credit Card,10,159817.67,Berhampur,Haryana
ORD0000521,CUST00112,13-01-2024,Delivered,Credit Card,15,13518.58,Berhampur,Haryana
ORD0000522,CUST00112,31-12-2023,Delivered,Debit Card,0,232915.4,Berhampur,Haryana
ORD0000523,CUST00112,25-12-2023,Cancelled,UPI,0,303013.72,Berhampur,Haryana
ORD0000524,CUST00112,07-10-2023,Delivered,Credit Card,0,49719.16,Berhampur,Haryana
ORD0000525,CUST00112,08-03-2023,Delivered,UPI,10,1630.1,Berhampur,Haryana
ORD0000526,CUST00112,17-11-2023,Delivered,Debit Card,0,245384.09,Berhampur,Haryana
ORD0000527,CUST00113,08-08-2023,Cancelled,UPI,10,6866.53,Sambalpur,Telangana
ORD0000528,CUST00114,15-02-2024,Delivered,UPI,10,22273.11,Haridwar,Jharkhand
ORD0000529,CUST00114,20-03-2024,Delivered,Wallet,20,388129.9,Haridwar,Jharkhand
ORD0000530,CUST00114,30-04-2024,Delivered,Debit Card,0,39049.48,Haridwar,Jharkhand
ORD0000531,CUST00114,13-02-2024,Returned,Debit Card,5,14722.27,Haridwar,Jharkhand
ORD0000532,CUST00114,14-05-2024,Delivered,Credit Card,20,1172.8,Haridwar,Jharkhand
ORD0000533,CUST00114,23-09-2023,Shipped,UPI,20,76064.42,Haridwar,Jharkhand
ORD0000534,CUST00114,12-10-2023,Delivered,Debit Card,0,8570.04,Haridwar,Jharkhand
ORD0000535,CUST00114,24-01-2024,Delivered,UPI,15,44262.94,Haridwar,Jharkhand
ORD0000536,CUST00114,26-10-2023,Cancelled,Debit Card,15,10446.98,Haridwar,Jharkhand
ORD0000537,CUST00114,10-05-2024,Delivered,Debit Card,10,1031.64,Haridwar,Jharkhand
ORD0000538,CUST00114,03-10-2023,Delivered,Credit Card,0,61377.18,Haridwar,Jharkhand
ORD0000539,CUST00114,12-12-2023,Delivered,Net Banking,20,35088.74,Haridwar,Jharkhand
ORD0000540,CUST00114,13-10-2023,Delivered,Net Banking,5,1364.75,Haridwar,Jharkhand
ORD0000541,CUST00114,17-10-2023,Shipped,COD,20,9488.72,Haridwar,Jharkhand
ORD0000542,CUST00114,17-06-2024,Delivered,Debit Card,5,12914.09,Haridwar,Jharkhand
ORD0000543,CUST00115,01-10-2023,Cancelled,Credit Card,15,16596.03,New Delhi,West Bengal
ORD0000544,CUST00116,20-04-2024,Delivered,UPI,5,88736.18,Tiruchirappalli,Nagaland
ORD0000545,CUST00116,07-04-2023,Delivered,UPI,10,12801.11,Tiruchirappalli,Nagaland
ORD0000546,CUST00116,13-02-2022,Cancelled,Debit Card,5,2220.3,Tiruchirappalli,Nagaland
ORD0000547,CUST00116,31-08-2022,Delivered,Debit Card,5,8010.86,Tiruchirappalli,Nagaland
ORD0000548,CUST00116,19-04-2024,Delivered,Net Banking,0,49719.16,Tiruchirappalli,Nagaland
ORD0000549,CUST00116,17-04-2023,Delivered,UPI,0,51929,Tiruchirappalli,Nagaland
ORD0000550,CUST00117,13-01-2024,Delivered,Credit Card,20,109774.21,Latur,Tamil Nadu
ORD0000551,CUST00117,04-01-2024,Delivered,UPI,0,10931.14,Latur,Tamil Nadu
ORD0000552,CUST00117,09-01-2024,Processing,Debit Card,10,16498.05,Latur,Tamil Nadu
ORD0000553,CUST00118,12-08-2023,Delivered,UPI,20,17080.38,Uluberia,Karnataka
ORD0000554,CUST00118,30-01-2023,Delivered,Net Banking,0,874.78,Uluberia,Karnataka
ORD0000555,CUST00118,25-02-2024,Delivered,UPI,5,12442.17,Uluberia,Karnataka
ORD0000556,CUST00118,22-11-2022,Delivered,UPI,20,51339.68,Uluberia,Karnataka
ORD0000557,CUST00118,24-05-2022,Delivered,COD,5,8465.39,Uluberia,Karnataka
ORD0000558,CUST00118,10-07-2022,Delivered,Wallet,5,118424.72,Uluberia,Karnataka
ORD0000559,CUST00118,03-05-2024,Delivered,UPI,0,13736.54,Uluberia,Karnataka
ORD0000560,CUST00118,15-08-2022,Shipped,UPI,0,30358.89,Uluberia,Karnataka
ORD0000561,CUST00118,12-03-2022,Shipped,UPI,10,9284.96,Uluberia,Karnataka
ORD0000562,CUST00118,06-02-2024,Delivered,COD,0,17295.03,Uluberia,Karnataka
ORD0000563,CUST00118,22-09-2022,Delivered,UPI,5,101445.33,Uluberia,Karnataka
ORD0000564,CUST00118,23-11-2022,Delivered,Debit Card,0,51848.48,Uluberia,Karnataka
ORD0000565,CUST00118,30-08-2022,Cancelled,COD,10,5590.84,Uluberia,Karnataka
ORD0000566,CUST00118,06-08-2022,Delivered,UPI,0,9871.56,Uluberia,Karnataka
ORD0000567,CUST00119,06-04-2024,Shipped,UPI,10,33830.81,Jamalpur,Rajasthan
ORD0000568,CUST00120,26-04-2022,Delivered,Credit Card,10,15072.3,Chennai,Maharashtra
ORD0000569,CUST00120,14-02-2024,Shipped,Debit Card,0,198524.46,Chennai,Maharashtra
ORD0000570,CUST00120,11-04-2023,Cancelled,UPI,0,40065.95,Chennai,Maharashtra
ORD0000571,CUST00120,30-10-2022,Shipped,UPI,15,7109.76,Chennai,Maharashtra
ORD0000572,CUST00120,01-05-2022,Delivered,Debit Card,20,81893.54,Chennai,Maharashtra
ORD0000573,CUST00120,09-06-2022,Delivered,COD,0,268426.32,Chennai,Maharashtra
ORD0000574,CUST00120,07-04-2022,Delivered,UPI,0,23198.02,Chennai,Maharashtra
ORD0000575,CUST00121,31-05-2024,Delivered,Wallet,0,17049.34,Ahmedabad,Andhra Pradesh
ORD0000576,CUST00121,25-05-2024,Delivered,UPI,0,521330.56,Ahmedabad,Andhra Pradesh
ORD0000577,CUST00121,05-04-2024,Processing,UPI,20,18801.65,Ahmedabad,Andhra Pradesh
ORD0000578,CUST00121,07-04-2024,Returned,Credit Card,10,320610.94,Ahmedabad,Andhra Pradesh
ORD0000579,CUST00121,12-06-2024,Shipped,Debit Card,5,17057.68,Ahmedabad,Andhra Pradesh
ORD0000580,CUST00121,14-04-2024,Delivered,Debit Card,0,235709.81,Ahmedabad,Andhra Pradesh
ORD0000581,CUST00121,07-05-2024,Shipped,COD,0,12594.86,Ahmedabad,Andhra Pradesh
ORD0000582,CUST00121,25-05-2024,Returned,Credit Card,0,1770.02,Ahmedabad,Andhra Pradesh
ORD0000583,CUST00122,16-11-2023,Delivered,Debit Card,0,230820.02,Machilipatnam,Manipur
ORD0000584,CUST00123,29-11-2023,Delivered,Wallet,10,257449.65,Dehri,Arunachal Pradesh
ORD0000585,CUST00124,10-12-2022,Delivered,COD,0,56156.91,Phusro,Haryana
ORD0000586,CUST00124,02-02-2024,Delivered,UPI,5,1750.77,Phusro,Haryana
ORD0000587,CUST00125,15-01-2024,Delivered,UPI,5,16429.53,Ludhiana,Rajasthan
ORD0000588,CUST00125,21-04-2024,Delivered,Debit Card,15,2212.71,Ludhiana,Rajasthan
ORD0000589,CUST00126,14-02-2023,Delivered,Credit Card,10,10770.52,Jamnagar,Telangana
ORD0000590,CUST00126,01-01-2023,Delivered,UPI,10,7678.48,Jamnagar,Telangana
ORD0000591,CUST00126,07-08-2023,Delivered,Credit Card,15,171328.37,Jamnagar,Telangana
ORD0000592,CUST00126,07-01-2024,Delivered,Credit Card,0,58467.74,Jamnagar,Telangana
ORD0000593,CUST00126,26-01-2024,Delivered,UPI,15,20707.86,Jamnagar,Telangana
ORD0000594,CUST00126,22-04-2024,Delivered,UPI,20,2927.81,Jamnagar,Telangana
ORD0000595,CUST00126,18-10-2022,Delivered,Credit Card,15,101076.33,Jamnagar,Telangana
ORD0000596,CUST00127,03-12-2022,Cancelled,UPI,10,13751.8,Kota,Andhra Pradesh
ORD0000597,CUST00127,01-12-2023,Delivered,UPI,0,14692.36,Kota,Andhra Pradesh
ORD0000598,CUST00127,23-05-2024,Delivered,UPI,15,22026.79,Kota,Andhra Pradesh
ORD0000599,CUST00127,18-08-2023,Delivered,Credit Card,5,164060.83,Kota,Andhra Pradesh
ORD0000600,CUST00127,07-01-2024,Delivered,UPI,20,29489.64,Kota,Andhra Pradesh
ORD0000601,CUST00127,06-10-2023,Delivered,Debit Card,10,19563.01,Kota,Andhra Pradesh
ORD0000602,CUST00127,16-10-2023,Delivered,UPI,5,2051.96,Kota,Andhra Pradesh
ORD0000603,CUST00127,03-10-2022,Shipped,UPI,0,34186.67,Kota,Andhra Pradesh
ORD0000604,CUST00128,04-03-2023,Delivered,UPI,5,19577.22,Agartala,Meghalaya
ORD0000605,CUST00128,19-11-2023,Delivered,Net Banking,0,102662.8,Agartala,Meghalaya
ORD0000606,CUST00129,22-03-2024,Delivered,UPI,5,119732.93,Avadi,Andhra Pradesh
ORD0000607,CUST00129,23-05-2023,Delivered,Credit Card,15,5412.19,Avadi,Andhra Pradesh
ORD0000608,CUST00129,05-05-2023,Cancelled,Debit Card,0,25683.6,Avadi,Andhra Pradesh
ORD0000609,CUST00129,13-04-2023,Delivered,Credit Card,0,12248.44,Avadi,Andhra Pradesh
ORD0000610,CUST00129,03-08-2023,Delivered,COD,20,1323.71,Avadi,Andhra Pradesh
ORD0000611,CUST00129,30-07-2023,Delivered,UPI,0,33368.26,Avadi,Andhra Pradesh
ORD0000612,CUST00129,16-06-2023,Delivered,UPI,0,5223.27,Avadi,Andhra Pradesh
ORD0000613,CUST00129,11-12-2023,Delivered,UPI,5,143337.39,Avadi,Andhra Pradesh
ORD0000614,CUST00129,27-06-2024,Delivered,Debit Card,10,3204.4,Avadi,Andhra Pradesh
ORD0000615,CUST00129,09-11-2023,Shipped,UPI,25,291.76,Avadi,Andhra Pradesh
ORD0000616,CUST00129,14-06-2023,Returned,Credit Card,0,5743.08,Avadi,Andhra Pradesh
ORD0000617,CUST00129,29-04-2024,Delivered,UPI,0,31808.42,Avadi,Andhra Pradesh
ORD0000618,CUST00129,13-08-2023,Delivered,UPI,0,9186.33,Avadi,Andhra Pradesh
ORD0000619,CUST00130,24-11-2023,Shipped,UPI,15,3712.85,Pallavaram,Odisha
ORD0000620,CUST00131,12-03-2024,Delivered,COD,15,52212.81,Panchkula,Chhattisgarh
ORD0000621,CUST00131,12-08-2023,Delivered,UPI,5,38116.16,Panchkula,Chhattisgarh
ORD0000622,CUST00131,06-09-2023,Delivered,UPI,10,294012.01,Panchkula,Chhattisgarh
ORD0000623,CUST00131,28-10-2023,Shipped,Credit Card,15,23743.9,Panchkula,Chhattisgarh
ORD0000624,CUST00131,31-10-2023,Delivered,Debit Card,15,9003.34,Panchkula,Chhattisgarh
ORD0000625,CUST00131,25-04-2024,Delivered,Debit Card,0,3538.6,Panchkula,Chhattisgarh
ORD0000626,CUST00131,08-11-2023,Shipped,Credit Card,0,14808.84,Panchkula,Chhattisgarh
ORD0000627,CUST00131,02-06-2024,Delivered,Credit Card,0,100930.82,Panchkula,Chhattisgarh
ORD0000628,CUST00131,15-10-2023,Delivered,Credit Card,10,241583.69,Panchkula,Chhattisgarh
ORD0000629,CUST00132,30-04-2023,Delivered,UPI,5,23806.87,Moradabad,Tripura
ORD0000630,CUST00132,27-11-2023,Returned,COD,10,25802.39,Moradabad,Tripura
ORD0000631,CUST00133,13-04-2024,Shipped,UPI,0,53797.81,Dindigul,Madhya Pradesh
ORD0000632,CUST00133,24-10-2023,Returned,Debit Card,5,26153.54,Dindigul,Madhya Pradesh
ORD0000633,CUST00133,05-04-2023,Delivered,UPI,15,1657.82,Dindigul,Madhya Pradesh
ORD0000634,CUST00133,18-02-2023,Delivered,UPI,10,1577.58,Dindigul,Madhya Pradesh
ORD0000635,CUST00133,23-02-2024,Delivered,COD,0,1921.1,Dindigul,Madhya Pradesh
ORD0000636,CUST00133,12-11-2023,Shipped,UPI,5,23419.82,Dindigul,Madhya Pradesh
ORD0000637,CUST00133,14-03-2023,Delivered,Debit Card,5,220.46,Dindigul,Madhya Pradesh
ORD0000638,CUST00133,12-07-2023,Delivered,UPI,0,3032.39,Dindigul,Madhya Pradesh
ORD0000639,CUST00133,02-11-2023,Delivered,UPI,5,92713.37,Dindigul,Madhya Pradesh
ORD0000640,CUST00133,13-01-2024,Shipped,Debit Card,10,56907.01,Dindigul,Madhya Pradesh
ORD0000641,CUST00133,04-05-2024,Delivered,UPI,0,32718.04,Dindigul,Madhya Pradesh
ORD0000642,CUST00133,19-01-2023,Cancelled,UPI,10,145860.81,Dindigul,Madhya Pradesh
ORD0000643,CUST00134,16-07-2022,Delivered,Debit Card,20,18433.23,Fatehpur,Bihar
ORD0000644,CUST00135,24-06-2024,Delivered,UPI,5,15581.63,Surendranagar Dudhrej,Haryana
ORD0000645,CUST00136,01-04-2023,Delivered,UPI,5,881.83,Jorhat,Goa
ORD0000646,CUST00137,08-05-2024,Delivered,Net Banking,15,1835.97,Tadipatri,Goa
ORD0000647,CUST00138,31-03-2024,Delivered,UPI,15,74750.44,Morbi,Rajasthan
ORD0000648,CUST00138,13-05-2024,Delivered,Wallet,10,210040.63,Morbi,Rajasthan
ORD0000649,CUST00138,06-03-2024,Delivered,Debit Card,10,66057.88,Morbi,Rajasthan
ORD0000650,CUST00138,14-06-2024,Shipped,Wallet,10,44295.99,Morbi,Rajasthan
ORD0000651,CUST00138,08-03-2024,Returned,UPI,10,26843.24,Morbi,Rajasthan
ORD0000652,CUST00138,10-02-2024,Cancelled,Credit Card,20,6540.53,Morbi,Rajasthan
ORD0000653,CUST00138,16-06-2024,Cancelled,UPI,5,101225.06,Morbi,Rajasthan
ORD0000654,CUST00139,06-05-2024,Delivered,UPI,25,11789.82,Pallavaram,Maharashtra
ORD0000655,CUST00139,04-05-2024,Delivered,COD,0,95384.76,Pallavaram,Maharashtra
ORD0000656,CUST00139,03-05-2024,Delivered,UPI,0,6124.22,Pallavaram,Maharashtra
ORD0000657,CUST00139,11-04-2024,Processing,Credit Card,25,30824.88,Pallavaram,Maharashtra
ORD0000658,CUST00139,14-04-2024,Delivered,Debit Card,15,11986.26,Pallavaram,Maharashtra
ORD0000659,CUST00139,21-04-2024,Cancelled,UPI,25,42961.45,Pallavaram,Maharashtra
ORD0000660,CUST00139,26-06-2024,Delivered,UPI,10,25883.12,Pallavaram,Maharashtra
ORD0000661,CUST00140,03-02-2024,Delivered,UPI,0,40228.98,Chapra,Bihar
ORD0000662,CUST00140,15-05-2024,Delivered,UPI,0,4649.82,Chapra,Bihar
ORD0000663,CUST00140,03-06-2024,Delivered,Credit Card,5,62463.31,Chapra,Bihar
ORD0000664,CUST00140,19-01-2024,Delivered,UPI,10,268494.26,Chapra,Bihar
ORD0000665,CUST00140,15-05-2024,Delivered,Net Banking,15,85499.49,Chapra,Bihar
ORD0000666,CUST00140,13-12-2023,Delivered,UPI,0,79186.96,Chapra,Bihar
ORD0000667,CUST00141,05-05-2024,Delivered,UPI,0,867.73,Giridih,Tamil Nadu
ORD0000668,CUST00141,30-06-2023,Delivered,UPI,0,8911.59,Giridih,Tamil Nadu
ORD0000669,CUST00142,09-08-2022,Delivered,Net Banking,10,43718.21,Kottayam,Sikkim
ORD0000670,CUST00142,20-02-2024,Delivered,Credit Card,10,1593.02,Kottayam,Sikkim
ORD0000671,CUST00143,15-03-2024,Delivered,UPI,5,12831.38,Bidhannagar,Assam
ORD0000672,CUST00143,21-03-2024,Cancelled,UPI,10,11600.77,Bidhannagar,Assam
ORD0000673,CUST00143,09-08-2023,Delivered,UPI,10,48518.58,Bidhannagar,Assam
ORD0000674,CUST00143,13-05-2024,Delivered,Wallet,0,37096.88,Bidhannagar,Assam
ORD0000675,CUST00143,04-07-2023,Shipped,UPI,15,46211.42,Bidhannagar,Assam
ORD0000676,CUST00144,11-08-2023,Delivered,COD,0,14033.53,Agartala,Karnataka
ORD0000677,CUST00145,19-02-2024,Processing,UPI,0,25748.88,Barasat,Goa
ORD0000678,CUST00146,22-05-2024,Delivered,Credit Card,0,87807.86,Kadapa,Sikkim
ORD0000679,CUST00147,05-05-2024,Delivered,Credit Card,5,11288.01,Asansol,Assam
ORD0000680,CUST00148,12-05-2024,Delivered,COD,10,119700.65,Kolhapur,Haryana
ORD0000681,CUST00149,07-06-2024,Returned,UPI,5,3479.77,Hindupur,Assam
ORD0000682,CUST00149,05-06-2024,Returned,Credit Card,10,140462.57,Hindupur,Assam
ORD0000683,CUST00150,05-03-2024,Delivered,Debit Card,10,218749.85,Sikar,Mizoram
ORD0000684,CUST00150,29-01-2024,Delivered,COD,15,42255.56,Sikar,Mizoram
ORD0000685,CUST00150,20-06-2024,Delivered,Credit Card,5,60764.92,Sikar,Mizoram
ORD0000686,CUST00150,07-12-2023,Returned,UPI,15,13513.38,Sikar,Mizoram
ORD0000687,CUST00150,29-06-2024,Shipped,UPI,5,28133.95,Sikar,Mizoram
ORD0000688,CUST00150,22-06-2024,Delivered,UPI,20,242833.76,Sikar,Mizoram
ORD0000689,CUST00150,25-01-2024,Delivered,Debit Card,5,225266.96,Sikar,Mizoram
ORD0000690,CUST00150,13-01-2024,Delivered,Debit Card,5,256238.52,Sikar,Mizoram
ORD0000691,CUST00150,17-05-2024,Delivered,UPI,10,29211.23,Sikar,Mizoram
ORD0000692,CUST00150,28-12-2023,Delivered,UPI,25,3481.83,Sikar,Mizoram
ORD0000693,CUST00150,09-01-2024,Shipped,UPI,15,34404.64,Sikar,Mizoram
ORD0000694,CUST00150,04-06-2024,Returned,UPI,10,23011.51,Sikar,Mizoram
ORD0000695,CUST00150,04-03-2024,Shipped,Credit Card,0,157847.84,Sikar,Mizoram
ORD0000696,CUST00150,17-02-2024,Shipped,Debit Card,10,3510.68,Sikar,Mizoram
ORD0000697,CUST00151,28-06-2024,Delivered,Credit Card,0,49903.58,Katni,Odisha
ORD0000698,CUST00152,30-05-2024,Cancelled,Net Banking,0,49719.16,Ujjain,Meghalaya
ORD0000699,CUST00153,16-08-2023,Delivered,Debit Card,10,288630.41,Sirsa,Mizoram
ORD0000700,CUST00154,19-04-2024,Shipped,UPI,0,7269.68,Yamunanagar,Chhattisgarh
ORD0000701,CUST00155,03-09-2023,Delivered,Credit Card,0,1735.46,Rewa,Assam
ORD0000702,CUST00155,06-01-2024,Delivered,Credit Card,5,21584.22,Rewa,Assam
ORD0000703,CUST00155,02-11-2023,Delivered,COD,0,105630.06,Rewa,Assam
ORD0000704,CUST00155,10-06-2023,Delivered,Credit Card,10,48618.8,Rewa,Assam
ORD0000705,CUST00155,30-11-2023,Delivered,UPI,10,44951.94,Rewa,Assam
ORD0000706,CUST00156,28-05-2024,Delivered,UPI,15,1098.48,Bongaigaon,Tripura
ORD0000707,CUST00156,27-10-2023,Shipped,Credit Card,5,33864.4,Bongaigaon,Tripura
ORD0000708,CUST00157,23-02-2023,Cancelled,UPI,15,15148.34,Allahabad,Chhattisgarh
ORD0000709,CUST00157,18-04-2024,Shipped,UPI,5,23498.7,Allahabad,Chhattisgarh
ORD0000710,CUST00157,14-03-2024,Delivered,UPI,0,23786.49,Allahabad,Chhattisgarh
ORD0000711,CUST00157,14-05-2024,Returned,Net Banking,5,172608.39,Allahabad,Chhattisgarh
ORD0000712,CUST00157,01-01-2023,Delivered,UPI,5,348.18,Allahabad,Chhattisgarh
ORD0000713,CUST00158,24-04-2024,Delivered,Debit Card,0,11530.02,Raebareli,Sikkim
ORD0000714,CUST00158,08-05-2024,Delivered,UPI,0,7532.5,Raebareli,Sikkim
ORD0000715,CUST00159,28-06-2023,Delivered,Credit Card,10,49810.49,Kirari Suleman Nagar,Karnataka
ORD0000716,CUST00159,15-03-2023,Delivered,Credit Card,15,12047.46,Kirari Suleman Nagar,Karnataka
ORD0000717,CUST00159,12-06-2024,Delivered,Net Banking,10,209718.69,Kirari Suleman Nagar,Karnataka
ORD0000718,CUST00159,19-05-2023,Delivered,Credit Card,5,1865.72,Kirari Suleman Nagar,Karnataka
ORD0000719,CUST00159,29-03-2023,Delivered,Debit Card,5,147438.46,Kirari Suleman Nagar,Karnataka
ORD0000720,CUST00159,14-11-2023,Delivered,Debit Card,0,3868.77,Kirari Suleman Nagar,Karnataka
ORD0000721,CUST00159,10-06-2024,Delivered,UPI,5,70923.21,Kirari Suleman Nagar,Karnataka
ORD0000722,CUST00160,21-03-2024,Delivered,UPI,5,16537.22,Raurkela Industrial Township,Madhya Pradesh
ORD0000723,CUST00160,04-05-2024,Delivered,Net Banking,10,19651.52,Raurkela Industrial Township,Madhya Pradesh
ORD0000724,CUST00160,06-12-2023,Delivered,Debit Card,5,13536.44,Raurkela Industrial Township,Madhya Pradesh
ORD0000725,CUST00160,06-11-2023,Delivered,Debit Card,0,111050.5,Raurkela Industrial Township,Madhya Pradesh
ORD0000726,CUST00161,29-04-2024,Delivered,UPI,0,42775.65,Davanagere,Uttarakhand
ORD0000727,CUST00161,05-06-2024,Delivered,Net Banking,0,3538.6,Davanagere,Uttarakhand
ORD0000728,CUST00161,07-04-2024,Delivered,Debit Card,5,156486.69,Davanagere,Uttarakhand
ORD0000729,CUST00161,20-03-2024,Delivered,UPI,15,15234.06,Davanagere,Uttarakhand
ORD0000730,CUST00161,18-04-2024,Delivered,Credit Card,0,10630.11,Davanagere,Uttarakhand
ORD0000731,CUST00161,13-06-2024,Delivered,Wallet,5,94939.54,Davanagere,Uttarakhand
ORD0000732,CUST00161,06-04-2024,Delivered,UPI,20,290048.59,Davanagere,Uttarakhand
ORD0000733,CUST00161,30-05-2024,Delivered,Net Banking,10,5330.53,Davanagere,Uttarakhand
ORD0000734,CUST00162,03-08-2023,Delivered,Net Banking,0,198849.68,Tenali,Meghalaya
ORD0000735,CUST00163,16-03-2023,Delivered,Credit Card,15,17569.07,Jamalpur,Meghalaya
ORD0000736,CUST00163,10-10-2023,Delivered,Credit Card,5,228816.99,Jamalpur,Meghalaya
ORD0000737,CUST00163,01-01-2023,Delivered,UPI,0,78709.55,Jamalpur,Meghalaya
ORD0000738,CUST00163,21-07-2023,Delivered,Debit Card,0,24285.76,Jamalpur,Meghalaya
ORD0000739,CUST00163,18-03-2023,Delivered,UPI,0,16172.82,Jamalpur,Meghalaya
ORD0000740,CUST00163,23-04-2023,Cancelled,Credit Card,15,11186.96,Jamalpur,Meghalaya
ORD0000741,CUST00163,01-10-2023,Delivered,Credit Card,0,47515.27,Jamalpur,Meghalaya
ORD0000742,CUST00163,14-04-2024,Delivered,UPI,5,83111.74,Jamalpur,Meghalaya
ORD0000743,CUST00163,18-10-2023,Delivered,COD,5,150176.2,Jamalpur,Meghalaya
ORD0000744,CUST00164,28-06-2024,Delivered,Net Banking,15,60883.07,Munger,Himachal Pradesh
ORD0000745,CUST00164,18-09-2022,Delivered,UPI,0,22110.68,Munger,Himachal Pradesh
ORD0000746,CUST00164,26-03-2023,Delivered,UPI,0,233576.12,Munger,Himachal Pradesh
ORD0000747,CUST00164,05-02-2024,Shipped,COD,10,54729.58,Munger,Himachal Pradesh
ORD0000748,CUST00164,30-08-2023,Delivered,UPI,0,35040.69,Munger,Himachal Pradesh
ORD0000749,CUST00165,28-11-2023,Delivered,UPI,15,16001.88,Muzaffarnagar,Odisha
ORD0000750,CUST00165,18-04-2024,Delivered,COD,5,33187.34,Muzaffarnagar,Odisha
ORD0000751,CUST00165,08-05-2024,Cancelled,UPI,10,49027.64,Muzaffarnagar,Odisha
ORD0000752,CUST00165,19-11-2023,Delivered,UPI,0,13540.52,Muzaffarnagar,Odisha
ORD0000753,CUST00165,25-10-2023,Shipped,UPI,5,7886.46,Muzaffarnagar,Odisha
ORD0000754,CUST00165,10-11-2023,Delivered,Credit Card,0,26200.53,Muzaffarnagar,Odisha
ORD0000755,CUST00165,25-01-2024,Delivered,UPI,5,53536.01,Muzaffarnagar,Odisha
ORD0000756,CUST00165,02-09-2023,Returned,UPI,10,98842.14,Muzaffarnagar,Odisha
ORD0000757,CUST00165,03-12-2023,Shipped,UPI,15,24063,Muzaffarnagar,Odisha
ORD0000758,CUST00165,21-10-2023,Returned,Debit Card,5,54323.83,Muzaffarnagar,Odisha
ORD0000759,CUST00165,04-04-2024,Delivered,COD,5,381020.76,Muzaffarnagar,Odisha
ORD0000760,CUST00165,09-03-2024,Cancelled,Wallet,0,131571.44,Muzaffarnagar,Odisha
ORD0000761,CUST00166,08-04-2022,Delivered,COD,0,58137.06,Akola,Meghalaya
ORD0000762,CUST00166,09-11-2023,Delivered,COD,20,6914.05,Akola,Meghalaya
ORD0000763,CUST00166,18-02-2023,Delivered,UPI,0,11643.17,Akola,Meghalaya
ORD0000764,CUST00166,18-11-2022,Shipped,Credit Card,10,6774.37,Akola,Meghalaya
ORD0000765,CUST00166,02-08-2022,Delivered,Debit Card,5,7984.87,Akola,Meghalaya
ORD0000766,CUST00166,04-05-2024,Delivered,UPI,20,6650.83,Akola,Meghalaya
ORD0000767,CUST00166,05-02-2023,Delivered,UPI,5,14692.92,Akola,Meghalaya
ORD0000768,CUST00167,20-05-2024,Delivered,Net Banking,0,3538.6,Dharmavaram,Tamil Nadu
ORD0000769,CUST00167,09-02-2024,Returned,Credit Card,10,157212.89,Dharmavaram,Tamil Nadu
ORD0000770,CUST00167,02-02-2024,Shipped,UPI,25,15219.58,Dharmavaram,Tamil Nadu
ORD0000771,CUST00167,19-02-2024,Delivered,UPI,15,661.32,Dharmavaram,Tamil Nadu
ORD0000772,CUST00167,07-03-2024,Cancelled,Net Banking,5,1488.54,Dharmavaram,Tamil Nadu
ORD0000773,CUST00167,20-03-2024,Shipped,UPI,5,12103.08,Dharmavaram,Tamil Nadu
ORD0000774,CUST00167,10-02-2024,Delivered,Net Banking,5,28796.48,Dharmavaram,Tamil Nadu
ORD0000775,CUST00167,09-02-2024,Delivered,Debit Card,15,4384.56,Dharmavaram,Tamil Nadu
ORD0000776,CUST00167,14-04-2024,Returned,Debit Card,0,1842.92,Dharmavaram,Tamil Nadu
ORD0000777,CUST00167,07-04-2024,Processing,Credit Card,0,5202.64,Dharmavaram,Tamil Nadu
ORD0000778,CUST00168,26-06-2024,Cancelled,Wallet,5,1819.67,Rajahmundry,Sikkim
ORD0000779,CUST00169,18-06-2023,Delivered,COD,5,11949.38,Ajmer,Karnataka
ORD0000780,CUST00170,12-11-2023,Delivered,UPI,25,49247.5,Gurgaon,Goa
ORD0000781,CUST00171,18-05-2023,Delivered,COD,5,5827.7,Tiruvottiyur,Goa
ORD0000782,CUST00172,22-02-2024,Delivered,UPI,25,20198.95,Begusarai,Telangana
ORD0000783,CUST00172,05-05-2024,Delivered,Credit Card,20,46595.59,Begusarai,Telangana
ORD0000784,CUST00173,10-03-2024,Delivered,Credit Card,0,48651.68,Kollam,Bihar
ORD0000785,CUST00173,09-04-2024,Processing,UPI,0,152874.95,Kollam,Bihar
ORD0000786,CUST00174,22-11-2023,Returned,Debit Card,15,8230.51,Amroha,Arunachal Pradesh
ORD0000787,CUST00174,04-02-2024,Delivered,UPI,15,534.48,Amroha,Arunachal Pradesh
ORD0000788,CUST00174,24-11-2023,Cancelled,UPI,0,2162.36,Amroha,Arunachal Pradesh
ORD0000789,CUST00174,09-10-2023,Delivered,COD,0,17609.52,Amroha,Arunachal Pradesh
ORD0000790,CUST00174,26-06-2024,Delivered,Net Banking,0,32906.32,Amroha,Arunachal Pradesh
ORD0000791,CUST00174,12-06-2024,Shipped,UPI,0,13180.06,Amroha,Arunachal Pradesh
ORD0000792,CUST00174,29-10-2023,Shipped,UPI,0,1703.16,Amroha,Arunachal Pradesh
ORD0000793,CUST00175,22-05-2024,Delivered,UPI,0,11906.08,Jorhat,Sikkim
ORD0000794,CUST00175,22-05-2024,Delivered,UPI,0,19395.53,Jorhat,Sikkim
ORD0000795,CUST00175,31-05-2024,Delivered,Debit Card,0,15461.88,Jorhat,Sikkim
ORD0000796,CUST00175,20-06-2024,Delivered,Credit Card,15,233461.2,Jorhat,Sikkim
ORD0000797,CUST00175,26-05-2024,Delivered,COD,0,16172.82,Jorhat,Sikkim
ORD0000798,CUST00175,27-06-2024,Delivered,Debit Card,15,37165.88,Jorhat,Sikkim
ORD0000799,CUST00175,02-06-2024,Processing,UPI,5,21170.7,Jorhat,Sikkim
ORD0000800,CUST00175,11-06-2024,Delivered,UPI,15,22763.29,Jorhat,Sikkim
ORD0000801,CUST00175,09-06-2024,Cancelled,UPI,10,249684.8,Jorhat,Sikkim
ORD0000802,CUST00176,23-02-2023,Delivered,UPI,0,51623.66,Kalyan-Dombivli,Maharashtra
ORD0000803,CUST00177,10-04-2023,Delivered,Credit Card,0,1472.94,Gorakhpur,Maharashtra
ORD0000804,CUST00177,17-10-2022,Shipped,Credit Card,0,45696.43,Gorakhpur,Maharashtra
ORD0000805,CUST00177,25-03-2023,Delivered,UPI,10,3531.47,Gorakhpur,Maharashtra
ORD0000806,CUST00178,03-06-2024,Delivered,UPI,10,61984,Asansol,Punjab
ORD0000807,CUST00178,22-06-2024,Delivered,COD,10,23019.87,Asansol,Punjab
ORD0000808,CUST00178,09-04-2024,Delivered,COD,0,9482.53,Asansol,Punjab
ORD0000809,CUST00178,27-06-2024,Delivered,COD,20,145494.47,Asansol,Punjab
ORD0000810,CUST00179,01-05-2024,Delivered,UPI,0,1395.26,Pondicherry,Himachal Pradesh
ORD0000811,CUST00179,15-01-2024,Delivered,Credit Card,0,3668.04,Pondicherry,Himachal Pradesh
ORD0000812,CUST00180,11-06-2023,Delivered,UPI,0,20412.16,Malegaon,Gujarat
ORD0000813,CUST00180,12-08-2023,Delivered,UPI,10,108781.87,Malegaon,Gujarat
ORD0000814,CUST00180,07-04-2024,Returned,Credit Card,5,224528.6,Malegaon,Gujarat
ORD0000815,CUST00180,11-12-2023,Shipped,Credit Card,25,49712.07,Malegaon,Gujarat
ORD0000816,CUST00180,12-04-2024,Delivered,UPI,15,9188.09,Malegaon,Gujarat
ORD0000817,CUST00180,08-02-2023,Cancelled,Debit Card,0,89520.16,Malegaon,Gujarat
ORD0000818,CUST00181,29-01-2023,Delivered,UPI,5,36513.4,Hindupur,Manipur
ORD0000819,CUST00182,22-06-2024,Delivered,COD,10,17274.9,Bangalore,Meghalaya
ORD0000820,CUST00182,01-04-2022,Delivered,UPI,20,68642.68,Bangalore,Meghalaya
ORD0000821,CUST00182,04-05-2023,Delivered,Debit Card,0,38392.11,Bangalore,Meghalaya
ORD0000822,CUST00182,19-10-2023,Delivered,Credit Card,0,46105.68,Bangalore,Meghalaya
ORD0000823,CUST00182,01-01-2024,Cancelled,COD,10,204090.31,Bangalore,Meghalaya
ORD0000824,CUST00182,24-11-2023,Delivered,UPI,10,1335.71,Bangalore,Meghalaya
ORD0000825,CUST00182,02-09-2022,Shipped,Credit Card,0,10868.34,Bangalore,Meghalaya
ORD0000826,CUST00182,16-10-2022,Delivered,Net Banking,0,117684.04,Bangalore,Meghalaya
ORD0000827,CUST00183,22-09-2022,Cancelled,UPI,5,7804.58,Bhimavaram,Bihar
ORD0000828,CUST00183,26-09-2022,Delivered,UPI,10,31805.61,Bhimavaram,Bihar
ORD0000829,CUST00183,01-06-2022,Processing,Net Banking,5,4005.43,Bhimavaram,Bihar
ORD0000830,CUST00183,30-07-2022,Delivered,COD,20,120515.14,Bhimavaram,Bihar
ORD0000831,CUST00183,23-01-2023,Delivered,UPI,10,17579.06,Bhimavaram,Bihar
ORD0000832,CUST00183,15-09-2022,Processing,UPI,10,69376.68,Bhimavaram,Bihar
ORD0000833,CUST00183,05-10-2023,Delivered,COD,10,3184.87,Bhimavaram,Bihar
ORD0000834,CUST00183,06-12-2023,Cancelled,UPI,10,2816.03,Bhimavaram,Bihar
ORD0000835,CUST00183,29-01-2024,Shipped,Debit Card,5,12546.78,Bhimavaram,Bihar
ORD0000836,CUST00184,07-05-2024,Returned,UPI,20,15834.58,Imphal,Sikkim
ORD0000837,CUST00185,05-11-2022,Delivered,COD,0,1403.08,Tirunelveli,Uttarakhand
ORD0000838,CUST00185,08-12-2023,Delivered,Wallet,15,10361.7,Tirunelveli,Uttarakhand
ORD0000839,CUST00186,20-06-2023,Cancelled,Credit Card,0,15701.06,Bhilwara,Odisha
ORD0000840,CUST00186,26-02-2024,Delivered,Debit Card,0,12874.44,Bhilwara,Odisha
ORD0000841,CUST00186,24-02-2023,Delivered,Wallet,5,4091.94,Bhilwara,Odisha
ORD0000842,CUST00186,06-05-2023,Delivered,UPI,15,3553.99,Bhilwara,Odisha
ORD0000843,CUST00186,29-11-2023,Delivered,UPI,0,1435.77,Bhilwara,Odisha
ORD0000844,CUST00187,04-03-2023,Delivered,Debit Card,10,41195.57,Saharanpur,Chhattisgarh
ORD0000845,CUST00187,24-10-2022,Delivered,Credit Card,0,297984.96,Saharanpur,Chhattisgarh
ORD0000846,CUST00187,17-05-2023,Returned,UPI,5,45542.45,Saharanpur,Chhattisgarh
ORD0000847,CUST00187,29-06-2022,Delivered,Credit Card,5,200287.72,Saharanpur,Chhattisgarh
ORD0000848,CUST00187,02-07-2023,Delivered,Net Banking,0,115512.31,Saharanpur,Chhattisgarh
ORD0000849,CUST00188,14-11-2023,Cancelled,UPI,0,9186.33,Gangtok,Tripura
ORD0000850,CUST00189,13-04-2024,Delivered,UPI,0,93642.16,Surat,Sikkim
ORD0000851,CUST00189,05-12-2023,Delivered,Credit Card,15,94393.49,Surat,Sikkim
ORD0000852,CUST00189,11-11-2023,Delivered,Credit Card,0,78145.12,Surat,Sikkim
ORD0000853,CUST00189,15-02-2024,Delivered,COD,5,8912.71,Surat,Sikkim
ORD0000854,CUST00189,29-04-2023,Cancelled,UPI,5,82329.49,Surat,Sikkim
ORD0000855,CUST00189,19-10-2023,Delivered,Debit Card,20,11093.82,Surat,Sikkim
ORD0000856,CUST00190,28-02-2024,Delivered,Credit Card,10,343.88,Raebareli,Sikkim
ORD0000857,CUST00191,26-01-2024,Delivered,Credit Card,10,5480.47,Rohtak,Tripura
ORD0000858,CUST00192,07-12-2022,Delivered,Net Banking,0,17226.15,Saharsa,Himachal Pradesh
ORD0000859,CUST00192,07-05-2023,Delivered,UPI,5,13173.92,Saharsa,Himachal Pradesh
ORD0000860,CUST00192,05-05-2024,Delivered,UPI,10,15862.31,Saharsa,Himachal Pradesh
ORD0000861,CUST00192,28-10-2023,Delivered,UPI,15,29051.54,Saharsa,Himachal Pradesh
ORD0000862,CUST00192,29-08-2023,Delivered,UPI,5,49288.78,Saharsa,Himachal Pradesh
ORD0000863,CUST00192,14-11-2023,Cancelled,Net Banking,15,26067.32,Saharsa,Himachal Pradesh
ORD0000864,CUST00193,16-12-2023,Delivered,Credit Card,10,12399.8,Motihari,Meghalaya
ORD0000865,CUST00193,20-12-2022,Delivered,COD,5,4303.8,Motihari,Meghalaya
ORD0000866,CUST00193,26-11-2022,Shipped,UPI,0,22073.14,Motihari,Meghalaya
ORD0000867,CUST00193,14-06-2023,Returned,Debit Card,0,18499.87,Motihari,Meghalaya
ORD0000868,CUST00193,02-08-2022,Returned,COD,0,4076.52,Motihari,Meghalaya
ORD0000869,CUST00193,10-08-2023,Delivered,Credit Card,5,27034.51,Motihari,Meghalaya
ORD0000870,CUST00193,31-10-2022,Delivered,UPI,0,18020.04,Motihari,Meghalaya
ORD0000871,CUST00193,17-04-2024,Delivered,UPI,0,2467.18,Motihari,Meghalaya
ORD0000872,CUST00193,24-09-2022,Shipped,COD,0,147578.74,Motihari,Meghalaya
ORD0000873,CUST00193,22-01-2024,Cancelled,COD,0,132349.64,Motihari,Meghalaya
ORD0000874,CUST00193,25-04-2023,Delivered,Credit Card,5,8296.83,Motihari,Meghalaya
ORD0000875,CUST00193,01-12-2022,Cancelled,Net Banking,15,31473.36,Motihari,Meghalaya
ORD0000876,CUST00193,10-05-2022,Delivered,UPI,15,146292.38,Motihari,Meghalaya
ORD0000877,CUST00193,04-02-2022,Delivered,COD,5,95208.6,Motihari,Meghalaya
ORD0000878,CUST00194,24-04-2024,Delivered,Net Banking,5,718.91,Sagar,Himachal Pradesh
ORD0000879,CUST00194,05-05-2024,Delivered,Credit Card,5,44471.63,Sagar,Himachal Pradesh
ORD0000880,CUST00194,01-05-2024,Delivered,COD,5,904.86,Sagar,Himachal Pradesh
ORD0000881,CUST00194,12-06-2024,Delivered,UPI,0,110075.28,Sagar,Himachal Pradesh
ORD0000882,CUST00194,20-04-2024,Delivered,UPI,0,24505.27,Sagar,Himachal Pradesh
ORD0000883,CUST00195,03-06-2024,Delivered,Debit Card,0,8432.48,Agartala,Telangana
ORD0000884,CUST00195,04-05-2024,Cancelled,UPI,10,7296.43,Agartala,Telangana
ORD0000885,CUST00196,25-03-2024,Processing,Credit Card,10,189881.31,Gudivada,Meghalaya
ORD0000886,CUST00196,17-05-2024,Delivered,Credit Card,0,60434.09,Gudivada,Meghalaya
ORD0000887,CUST00196,08-06-2024,Returned,Debit Card,10,12208.79,Gudivada,Meghalaya
ORD0000888,CUST00197,20-12-2023,Delivered,UPI,0,2270.88,Sonipat,Mizoram
ORD0000889,CUST00197,11-05-2022,Returned,Debit Card,5,2522.28,Sonipat,Mizoram
ORD0000890,CUST00197,19-12-2022,Delivered,Credit Card,20,50334.99,Sonipat,Mizoram
ORD0000891,CUST00198,16-04-2024,Delivered,UPI,15,116635.1,Aurangabad,Tripura
ORD0000892,CUST00198,25-05-2024,Returned,Net Banking,0,22957.82,Aurangabad,Tripura
ORD0000893,CUST00198,08-05-2024,Delivered,Wallet,15,7808.38,Aurangabad,Tripura
ORD0000894,CUST00199,15-04-2023,Delivered,UPI,15,11226.07,Satna,Bihar
ORD0000895,CUST00199,19-09-2023,Delivered,Credit Card,5,115026.65,Satna,Bihar
ORD0000896,CUST00199,24-02-2024,Delivered,COD,10,92621.99,Satna,Bihar
ORD0000897,CUST00199,27-10-2022,Delivered,UPI,20,201814.48,Satna,Bihar
ORD0000898,CUST00199,04-05-2023,Delivered,COD,5,49767.97,Satna,Bihar
ORD0000899,CUST00199,15-04-2024,Delivered,Debit Card,0,16302.51,Satna,Bihar
ORD0000900,CUST00199,16-06-2024,Delivered,Net Banking,5,143505.44,Satna,Bihar
ORD0000901,CUST00199,29-09-2023,Delivered,Net Banking,5,38164.92,Satna,Bihar
ORD0000902,CUST00199,11-08-2023,Delivered,Net Banking,0,128852.51,Satna,Bihar
ORD0000903,CUST00199,26-08-2023,Delivered,UPI,5,3161.04,Satna,Bihar
ORD0000904,CUST00200,12-05-2024,Delivered,UPI,10,59557.34,Meerut,Uttarakhand
ORD0000905,CUST00201,25-12-2022,Delivered,Net Banking,20,1529.08,Dehradun,Meghalaya
ORD0000906,CUST00201,02-12-2023,Delivered,UPI,20,37055.08,Dehradun,Meghalaya
ORD0000907,CUST00201,15-12-2022,Delivered,UPI,5,189115.88,Dehradun,Meghalaya
ORD0000908,CUST00201,10-07-2023,Delivered,Debit Card,10,13342.66,Dehradun,Meghalaya
ORD0000909,CUST00201,26-12-2022,Shipped,UPI,0,2515.2,Dehradun,Meghalaya
ORD0000910,CUST00201,23-07-2023,Delivered,Debit Card,0,25018.66,Dehradun,Meghalaya
ORD0000911,CUST00201,21-07-2023,Delivered,COD,20,20482.56,Dehradun,Meghalaya
ORD0000912,CUST00202,06-09-2023,Delivered,UPI,15,82627.64,Panchkula,Andhra Pradesh
ORD0000913,CUST00202,05-09-2023,Cancelled,UPI,0,6201.15,Panchkula,Andhra Pradesh
ORD0000914,CUST00202,05-10-2023,Delivered,Wallet,0,29244.69,Panchkula,Andhra Pradesh
ORD0000915,CUST00202,26-12-2023,Delivered,COD,15,27874.41,Panchkula,Andhra Pradesh
ORD0000916,CUST00202,27-06-2024,Processing,UPI,10,29755.71,Panchkula,Andhra Pradesh
ORD0000917,CUST00202,28-12-2023,Delivered,Credit Card,10,37304.84,Panchkula,Andhra Pradesh
ORD0000918,CUST00202,19-10-2023,Delivered,COD,0,34304.44,Panchkula,Andhra Pradesh
ORD0000919,CUST00203,23-12-2022,Delivered,UPI,0,101301.66,Durg,Manipur
ORD0000920,CUST00203,04-05-2023,Delivered,Debit Card,15,10607.69,Durg,Manipur
ORD0000921,CUST00203,28-03-2024,Delivered,COD,15,12889.92,Durg,Manipur
ORD0000922,CUST00203,23-03-2024,Cancelled,UPI,25,210978.99,Durg,Manipur
ORD0000923,CUST00203,22-12-2022,Delivered,COD,0,206613.33,Durg,Manipur
ORD0000924,CUST00203,14-07-2022,Delivered,Debit Card,10,67465.66,Durg,Manipur
ORD0000925,CUST00203,12-08-2023,Delivered,UPI,5,29028,Durg,Manipur
ORD0000926,CUST00203,03-06-2023,Cancelled,UPI,25,133376.03,Durg,Manipur
ORD0000927,CUST00203,24-01-2023,Cancelled,Credit Card,0,6917.01,Durg,Manipur
ORD0000928,CUST00203,16-12-2023,Delivered,Net Banking,5,31153.75,Durg,Manipur
ORD0000929,CUST00204,23-06-2024,Delivered,COD,15,123563.89,Ballia,Odisha
ORD0000930,CUST00205,03-04-2023,Delivered,UPI,5,8244.21,Kurnool,Tripura
ORD0000931,CUST00205,01-02-2023,Delivered,Debit Card,10,3074.41,Kurnool,Tripura
ORD0000932,CUST00205,22-02-2023,Delivered,Debit Card,0,76853.5,Kurnool,Tripura
ORD0000933,CUST00205,26-06-2023,Delivered,UPI,15,49152.36,Kurnool,Tripura
ORD0000934,CUST00206,12-02-2024,Delivered,Credit Card,5,10420.87,Udupi,West Bengal
ORD0000935,CUST00206,25-11-2023,Delivered,Credit Card,15,1526.52,Udupi,West Bengal
ORD0000936,CUST00206,02-12-2022,Returned,Credit Card,10,10001.77,Udupi,West Bengal
ORD0000937,CUST00207,15-10-2023,Delivered,UPI,0,87504.93,Bikaner,Goa
ORD0000938,CUST00207,30-09-2023,Shipped,Net Banking,5,95558.26,Bikaner,Goa
ORD0000939,CUST00207,01-11-2023,Returned,Credit Card,0,11606.31,Bikaner,Goa
ORD0000940,CUST00207,02-03-2023,Delivered,COD,10,565.92,Bikaner,Goa
ORD0000941,CUST00207,26-09-2023,Delivered,COD,15,46868.03,Bikaner,Goa
ORD0000942,CUST00207,10-05-2024,Delivered,UPI,0,167054.62,Bikaner,Goa
ORD0000943,CUST00207,29-05-2023,Delivered,UPI,5,10269.04,Bikaner,Goa
ORD0000944,CUST00207,16-08-2023,Delivered,UPI,0,15606.25,Bikaner,Goa
ORD0000945,CUST00208,14-04-2022,Delivered,Credit Card,5,52305.92,Udaipur,Mizoram
ORD0000946,CUST00209,13-05-2024,Shipped,Debit Card,10,279369.48,Raipur,Sikkim
ORD0000947,CUST00209,21-06-2024,Delivered,Net Banking,0,86662.62,Raipur,Sikkim
ORD0000948,CUST00209,25-05-2024,Delivered,UPI,0,3868.77,Raipur,Sikkim
ORD0000949,CUST00209,19-06-2024,Delivered,UPI,0,114005.3,Raipur,Sikkim
ORD0000950,CUST00210,19-04-2024,Delivered,Credit Card,25,6080.36,Varanasi,Jharkhand
ORD0000951,CUST00210,30-03-2024,Delivered,Wallet,0,9556.44,Varanasi,Jharkhand
ORD0000952,CUST00211,29-06-2023,Delivered,UPI,0,4554.68,Nagpur,Manipur
ORD0000953,CUST00211,05-08-2023,Delivered,UPI,0,24353.8,Nagpur,Manipur
ORD0000954,CUST00211,12-08-2023,Delivered,Debit Card,20,26909.69,Nagpur,Manipur
ORD0000955,CUST00211,04-05-2023,Returned,UPI,0,10500.38,Nagpur,Manipur
ORD0000956,CUST00211,19-11-2023,Delivered,Credit Card,20,102301.39,Nagpur,Manipur
ORD0000957,CUST00212,20-06-2024,Delivered,COD,15,24190.53,Pali,Sikkim
ORD0000958,CUST00212,17-07-2023,Cancelled,Wallet,0,229478.24,Pali,Sikkim
ORD0000959,CUST00212,14-02-2024,Returned,Credit Card,5,14876.96,Pali,Sikkim
ORD0000960,CUST00212,22-06-2024,Delivered,Credit Card,20,1532.35,Pali,Sikkim
ORD0000961,CUST00213,28-09-2023,Delivered,UPI,20,61482.8,Deoghar,Haryana
ORD0000962,CUST00214,30-10-2023,Delivered,UPI,5,17427.35,Farrukhabad,Gujarat
ORD0000963,CUST00215,27-08-2023,Delivered,UPI,15,68438.75,Jabalpur,Himachal Pradesh
ORD0000964,CUST00215,10-11-2023,Delivered,COD,10,141386.54,Jabalpur,Himachal Pradesh
ORD0000965,CUST00215,29-09-2023,Delivered,UPI,15,147844.15,Jabalpur,Himachal Pradesh
ORD0000966,CUST00215,27-04-2024,Delivered,UPI,5,62061.44,Jabalpur,Himachal Pradesh
ORD0000967,CUST00215,28-02-2024,Delivered,Credit Card,0,146389.53,Jabalpur,Himachal Pradesh
ORD0000968,CUST00215,18-11-2023,Delivered,Credit Card,0,5120.16,Jabalpur,Himachal Pradesh
ORD0000969,CUST00215,23-07-2023,Delivered,UPI,20,1985.57,Jabalpur,Himachal Pradesh
ORD0000970,CUST00215,06-05-2024,Delivered,Debit Card,5,42111.57,Jabalpur,Himachal Pradesh
ORD0000971,CUST00216,20-09-2023,Shipped,UPI,0,137660.85,Buxar,Odisha
ORD0000972,CUST00216,20-09-2023,Delivered,Wallet,0,3868.77,Buxar,Odisha
ORD0000973,CUST00216,24-11-2023,Delivered,Credit Card,10,15654.1,Buxar,Odisha
ORD0000974,CUST00216,19-07-2023,Shipped,UPI,5,40158.6,Buxar,Odisha
ORD0000975,CUST00216,17-06-2024,Delivered,Debit Card,10,104236.52,Buxar,Odisha
ORD0000976,CUST00216,03-06-2024,Cancelled,Credit Card,5,2448.98,Buxar,Odisha
ORD0000977,CUST00217,19-06-2024,Shipped,COD,10,10773.27,Suryapet,Bihar
ORD0000978,CUST00217,18-03-2024,Returned,Debit Card,5,10705.4,Suryapet,Bihar
ORD0000979,CUST00217,06-05-2024,Delivered,Wallet,10,212381.49,Suryapet,Bihar
ORD0000980,CUST00217,03-05-2024,Delivered,Credit Card,0,90028.22,Suryapet,Bihar
ORD0000981,CUST00217,15-02-2024,Delivered,Debit Card,5,10288.28,Suryapet,Bihar
ORD0000982,CUST00217,16-03-2024,Delivered,Debit Card,10,63149.03,Suryapet,Bihar
ORD0000983,CUST00217,08-06-2024,Delivered,UPI,0,10979.28,Suryapet,Bihar
ORD0000984,CUST00217,07-03-2024,Delivered,Credit Card,15,69742.03,Suryapet,Bihar
ORD0000985,CUST00217,10-02-2024,Delivered,Credit Card,5,76550.2,Suryapet,Bihar
ORD0000986,CUST00218,27-04-2024,Delivered,Credit Card,0,198766.64,Suryapet,Himachal Pradesh
ORD0000987,CUST00219,04-08-2023,Delivered,COD,0,321379.18,Srikakulam,Sikkim
ORD0000988,CUST00219,21-05-2023,Delivered,Debit Card,25,71614.88,Srikakulam,Sikkim
ORD0000989,CUST00219,19-03-2024,Delivered,Debit Card,0,8677.14,Srikakulam,Sikkim
ORD0000990,CUST00219,31-01-2024,Delivered,Credit Card,15,130650.95,Srikakulam,Sikkim
ORD0000991,CUST00219,19-04-2023,Delivered,Credit Card,0,1817.42,Srikakulam,Sikkim
ORD0000992,CUST00219,04-03-2024,Delivered,Debit Card,0,783.44,Srikakulam,Sikkim
ORD0000993,CUST00219,11-03-2024,Delivered,COD,0,112178.23,Srikakulam,Sikkim
ORD0000994,CUST00219,25-04-2023,Delivered,Debit Card,10,15556.61,Srikakulam,Sikkim
ORD0000995,CUST00220,16-01-2024,Delivered,Credit Card,0,215679.94,Kalyan-Dombivli,Sikkim
ORD0000996,CUST00221,31-12-2022,Delivered,UPI,15,103252.87,Ambarnath,Odisha
ORD0000997,CUST00221,02-01-2024,Delivered,Credit Card,15,5034.39,Ambarnath,Odisha
ORD0000998,CUST00221,20-09-2022,Delivered,UPI,10,25802.39,Ambarnath,Odisha
ORD0000999,CUST00221,14-12-2023,Delivered,Debit Card,0,117214.88,Ambarnath,Odisha
ORD0001000,CUST00221,01-09-2023,Delivered,COD,5,199974.63,Ambarnath,Odisha
ORD0001001,CUST00221,26-05-2022,Delivered,UPI,5,17243.17,Ambarnath,Odisha
ORD0001002,CUST00221,08-01-2023,Delivered,UPI,5,91042.85,Ambarnath,Odisha
ORD0001003,CUST00221,11-07-2023,Delivered,Net Banking,5,30728.36,Ambarnath,Odisha
ORD0001004,CUST00221,09-05-2024,Delivered,UPI,10,15321.64,Ambarnath,Odisha
ORD0001005,CUST00222,21-03-2023,Cancelled,COD,0,3128.92,Kottayam,Rajasthan
ORD0001006,CUST00222,24-01-2023,Cancelled,UPI,0,15904.21,Kottayam,Rajasthan
ORD0001007,CUST00223,05-11-2022,Shipped,UPI,15,16824.24,Bulandshahr,Andhra Pradesh
ORD0001008,CUST00223,09-05-2023,Returned,Credit Card,20,128693.36,Bulandshahr,Andhra Pradesh
ORD0001009,CUST00223,03-04-2023,Delivered,Net Banking,5,3883.44,Bulandshahr,Andhra Pradesh
ORD0001010,CUST00223,15-12-2023,Delivered,UPI,20,17681.24,Bulandshahr,Andhra Pradesh
ORD0001011,CUST00223,11-05-2024,Returned,Net Banking,10,17045.63,Bulandshahr,Andhra Pradesh
ORD0001012,CUST00223,28-05-2024,Delivered,COD,10,5672.72,Bulandshahr,Andhra Pradesh
ORD0001013,CUST00223,10-01-2023,Delivered,Credit Card,15,128918.31,Bulandshahr,Andhra Pradesh
ORD0001014,CUST00223,02-06-2023,Shipped,Credit Card,10,9567.1,Bulandshahr,Andhra Pradesh
ORD0001015,CUST00224,12-04-2024,Delivered,Credit Card,15,12054.63,Guwahati,Gujarat
ORD0001016,CUST00225,18-03-2024,Delivered,Credit Card,5,125937.24,Berhampur,Madhya Pradesh
ORD0001017,CUST00225,10-01-2024,Cancelled,COD,5,15630.5,Berhampur,Madhya Pradesh
ORD0001018,CUST00225,13-01-2024,Delivered,COD,0,57562.22,Berhampur,Madhya Pradesh
ORD0001019,CUST00226,14-03-2024,Delivered,Credit Card,5,11050.21,Tiruchirappalli,Meghalaya
ORD0001020,CUST00226,01-04-2024,Cancelled,Credit Card,20,13642.17,Tiruchirappalli,Meghalaya
ORD0001021,CUST00226,06-11-2023,Delivered,UPI,0,1292.33,Tiruchirappalli,Meghalaya
ORD0001022,CUST00226,09-10-2023,Delivered,UPI,0,2359.16,Tiruchirappalli,Meghalaya
ORD0001023,CUST00226,25-09-2023,Delivered,UPI,0,11484.1,Tiruchirappalli,Meghalaya
ORD0001024,CUST00226,22-07-2023,Delivered,COD,5,60006.56,Tiruchirappalli,Meghalaya
ORD0001025,CUST00226,25-12-2023,Cancelled,UPI,0,1974.27,Tiruchirappalli,Meghalaya
ORD0001026,CUST00226,14-09-2023,Delivered,Debit Card,0,112098.34,Tiruchirappalli,Meghalaya
ORD0001027,CUST00226,02-04-2024,Delivered,COD,0,53397.22,Tiruchirappalli,Meghalaya
ORD0001028,CUST00227,14-01-2024,Returned,Debit Card,5,373753.41,Morena,Tripura
ORD0001029,CUST00227,13-06-2024,Delivered,Credit Card,0,118832.77,Morena,Tripura
ORD0001030,CUST00227,09-06-2024,Delivered,COD,0,28519.34,Morena,Tripura
ORD0001031,CUST00228,06-10-2023,Delivered,COD,0,21429.86,Aligarh,Chhattisgarh
ORD0001032,CUST00228,13-04-2023,Delivered,Debit Card,25,8803.62,Aligarh,Chhattisgarh
ORD0001033,CUST00229,23-09-2023,Delivered,COD,10,138067.61,Nizamabad,Jharkhand
ORD0001034,CUST00230,29-05-2023,Delivered,COD,15,27939.43,Mysore,Uttarakhand
ORD0001035,CUST00231,09-01-2023,Delivered,Credit Card,10,98232.47,Shimla,Manipur
ORD0001036,CUST00231,07-07-2023,Delivered,UPI,15,3356.26,Shimla,Manipur
ORD0001037,CUST00231,03-06-2024,Delivered,Credit Card,0,7829.98,Shimla,Manipur
ORD0001038,CUST00231,24-01-2023,Delivered,COD,15,3306.94,Shimla,Manipur
ORD0001039,CUST00231,31-07-2022,Delivered,COD,20,19152.48,Shimla,Manipur
ORD0001040,CUST00231,11-04-2024,Delivered,Credit Card,10,19564.97,Shimla,Manipur
ORD0001041,CUST00231,11-11-2023,Delivered,Credit Card,0,65570.82,Shimla,Manipur
ORD0001042,CUST00231,03-08-2023,Delivered,UPI,10,224880.77,Shimla,Manipur
ORD0001043,CUST00231,13-11-2022,Delivered,Credit Card,10,259466.31,Shimla,Manipur
ORD0001044,CUST00231,30-07-2023,Delivered,UPI,5,52595.39,Shimla,Manipur
ORD0001045,CUST00231,21-01-2023,Delivered,UPI,0,13045.08,Shimla,Manipur
ORD0001046,CUST00231,05-03-2024,Cancelled,Debit Card,10,33578.96,Shimla,Manipur
ORD0001047,CUST00231,10-07-2022,Shipped,Credit Card,15,18924.33,Shimla,Manipur
ORD0001048,CUST00231,29-10-2022,Delivered,UPI,0,10343.32,Shimla,Manipur
ORD0001049,CUST00231,18-01-2023,Delivered,UPI,0,23724.22,Shimla,Manipur
ORD0001050,CUST00231,16-12-2023,Shipped,Net Banking,0,3540.04,Shimla,Manipur
ORD0001051,CUST00231,23-02-2024,Delivered,Credit Card,15,2241.72,Shimla,Manipur
ORD0001052,CUST00232,04-05-2024,Delivered,UPI,25,185032.09,Nagercoil,Sikkim
ORD0001053,CUST00232,17-05-2024,Returned,Wallet,10,4660.44,Nagercoil,Sikkim
ORD0001054,CUST00232,12-04-2024,Delivered,Debit Card,10,12823.99,Nagercoil,Sikkim
ORD0001055,CUST00232,16-06-2024,Delivered,UPI,25,12470.31,Nagercoil,Sikkim
ORD0001056,CUST00232,30-05-2024,Delivered,COD,10,47561.56,Nagercoil,Sikkim
ORD0001057,CUST00232,18-06-2024,Cancelled,Credit Card,0,28299.24,Nagercoil,Sikkim
ORD0001058,CUST00233,26-06-2024,Delivered,COD,0,24510.28,Bhilwara,Goa
ORD0001059,CUST00234,20-04-2023,Delivered,Debit Card,0,38503.15,Berhampore,Sikkim
ORD0001060,CUST00234,05-09-2022,Cancelled,UPI,10,23927.66,Berhampore,Sikkim
ORD0001061,CUST00234,27-06-2024,Delivered,UPI,20,20620.53,Berhampore,Sikkim
ORD0001062,CUST00234,05-01-2023,Delivered,Net Banking,15,85936,Berhampore,Sikkim
ORD0001063,CUST00234,12-12-2023,Delivered,UPI,0,8594.8,Berhampore,Sikkim
ORD0001064,CUST00234,26-09-2023,Returned,Credit Card,0,5930.45,Berhampore,Sikkim
ORD0001065,CUST00234,30-03-2023,Delivered,UPI,0,35109.18,Berhampore,Sikkim
ORD0001066,CUST00234,11-08-2023,Delivered,UPI,5,27024.57,Berhampore,Sikkim
ORD0001067,CUST00234,23-09-2023,Delivered,Credit Card,0,57832.49,Berhampore,Sikkim
ORD0001068,CUST00235,26-08-2023,Delivered,Net Banking,5,257586.5,Tiruchirappalli,Madhya Pradesh
ORD0001069,CUST00235,06-11-2022,Delivered,UPI,0,9973.44,Tiruchirappalli,Madhya Pradesh
ORD0001070,CUST00235,08-08-2022,Shipped,UPI,0,70400.72,Tiruchirappalli,Madhya Pradesh
ORD0001071,CUST00235,26-04-2024,Delivered,COD,5,1392.7,Tiruchirappalli,Madhya Pradesh
ORD0001072,CUST00235,11-11-2022,Delivered,Debit Card,5,11880.97,Tiruchirappalli,Madhya Pradesh
ORD0001073,CUST00235,21-01-2023,Shipped,Net Banking,0,278424.5,Tiruchirappalli,Madhya Pradesh
ORD0001074,CUST00235,08-11-2022,Shipped,COD,5,7954.82,Tiruchirappalli,Madhya Pradesh
ORD0001075,CUST00236,21-05-2024,Delivered,COD,0,5274.64,Kulti,Uttarakhand
ORD0001076,CUST00236,26-05-2024,Shipped,UPI,0,72914.34,Kulti,Uttarakhand
ORD0001077,CUST00237,07-01-2024,Delivered,Debit Card,5,43563.89,Sasaram,Himachal Pradesh
ORD0001078,CUST00238,26-05-2024,Cancelled,Debit Card,15,633.5,Ahmedabad,Sikkim
ORD0001079,CUST00239,23-04-2024,Delivered,UPI,5,3356.86,Gurgaon,Tamil Nadu
ORD0001080,CUST00240,20-03-2024,Shipped,Debit Card,5,7438.48,Bangalore,Goa
ORD0001081,CUST00241,19-06-2024,Delivered,UPI,0,32793.42,Bhilwara,Kerala
ORD0001082,CUST00241,30-03-2024,Delivered,Credit Card,10,28560.32,Bhilwara,Kerala
ORD0001083,CUST00241,07-06-2024,Delivered,UPI,0,15450.7,Bhilwara,Kerala
ORD0001084,CUST00242,09-08-2022,Delivered,COD,0,1568.52,Amroha,Assam
ORD0001085,CUST00243,09-06-2024,Delivered,COD,20,53690.08,Shimoga,Punjab
ORD0001086,CUST00244,29-04-2024,Delivered,Credit Card,0,490.98,Motihari,Arunachal Pradesh
ORD0001087,CUST00245,27-10-2023,Shipped,Credit Card,25,27546.3,Bhopal,Arunachal Pradesh
ORD0001088,CUST00246,23-05-2024,Delivered,Credit Card,0,244432.37,Sri Ganganagar,Meghalaya
ORD0001089,CUST00246,11-06-2024,Delivered,Wallet,20,8860.6,Sri Ganganagar,Meghalaya
ORD0001090,CUST00247,31-10-2023,Delivered,UPI,0,16698.16,Dewas,Andhra Pradesh
ORD0001091,CUST00248,02-06-2024,Returned,Credit Card,10,10167.96,Hazaribagh,Tripura
ORD0001092,CUST00248,16-06-2024,Delivered,Debit Card,0,17285.12,Hazaribagh,Tripura
ORD0001093,CUST00248,01-06-2024,Delivered,UPI,0,78016.82,Hazaribagh,Tripura
ORD0001094,CUST00249,17-05-2024,Delivered,UPI,0,92325.09,Saharanpur,Arunachal Pradesh
ORD0001095,CUST00249,26-04-2024,Delivered,Debit Card,20,76927.79,Saharanpur,Arunachal Pradesh
ORD0001096,CUST00249,07-05-2024,Returned,Wallet,10,35998.84,Saharanpur,Arunachal Pradesh
ORD0001097,CUST00249,23-04-2024,Delivered,UPI,0,14223.46,Saharanpur,Arunachal Pradesh
ORD0001098,CUST00249,26-05-2024,Delivered,COD,10,4869.65,Saharanpur,Arunachal Pradesh
ORD0001099,CUST00249,19-06-2024,Delivered,Credit Card,0,11862.11,Saharanpur,Arunachal Pradesh
ORD0001100,CUST00249,26-05-2024,Delivered,Net Banking,15,13221.06,Saharanpur,Arunachal Pradesh
ORD0001101,CUST00249,27-06-2024,Shipped,UPI,0,32793.42,Saharanpur,Arunachal Pradesh
ORD0001102,CUST00250,05-11-2023,Delivered,Credit Card,20,19486.11,Madhyamgram,Tamil Nadu
ORD0001103,CUST00250,07-12-2022,Delivered,Wallet,0,26273.1,Madhyamgram,Tamil Nadu
ORD0001104,CUST00251,28-06-2024,Delivered,Net Banking,5,90200.51,Shahjahanpur,Telangana
ORD0001105,CUST00251,28-05-2024,Delivered,COD,10,26268.87,Shahjahanpur,Telangana
ORD0001106,CUST00251,25-11-2023,Delivered,Debit Card,10,314943.21,Shahjahanpur,Telangana
ORD0001107,CUST00251,05-01-2024,Delivered,Wallet,5,20157.33,Shahjahanpur,Telangana
ORD0001108,CUST00251,24-01-2024,Delivered,UPI,0,12402.3,Shahjahanpur,Telangana
ORD0001109,CUST00251,12-12-2023,Delivered,Debit Card,10,167407.91,Shahjahanpur,Telangana
ORD0001110,CUST00251,27-12-2023,Delivered,UPI,5,97248.57,Shahjahanpur,Telangana
ORD0001111,CUST00251,15-06-2024,Delivered,Credit Card,0,6216.6,Shahjahanpur,Telangana
ORD0001112,CUST00251,26-11-2023,Delivered,Net Banking,10,824.16,Shahjahanpur,Telangana
ORD0001113,CUST00252,17-12-2023,Delivered,Credit Card,5,10741.12,Karimnagar,Arunachal Pradesh
ORD0001114,CUST00252,25-04-2024,Cancelled,Debit Card,0,48860.32,Karimnagar,Arunachal Pradesh
ORD0001115,CUST00252,12-01-2024,Delivered,Credit Card,15,665.92,Karimnagar,Arunachal Pradesh
ORD0001116,CUST00253,04-05-2024,Delivered,Credit Card,0,8175.66,Hubli–Dharwad,Haryana
ORD0001117,CUST00253,16-12-2023,Delivered,Wallet,0,11530.02,Hubli–Dharwad,Haryana
ORD0001118,CUST00253,07-08-2023,Delivered,Credit Card,5,288658.2,Hubli–Dharwad,Haryana
ORD0001119,CUST00253,27-08-2022,Delivered,Credit Card,0,19538.33,Hubli–Dharwad,Haryana
ORD0001120,CUST00253,07-11-2022,Shipped,Credit Card,10,61242.14,Hubli–Dharwad,Haryana
ORD0001121,CUST00253,23-09-2023,Delivered,Wallet,10,21770.65,Hubli–Dharwad,Haryana
ORD0001122,CUST00253,01-12-2023,Delivered,Credit Card,5,3382.42,Hubli–Dharwad,Haryana
ORD0001123,CUST00253,27-06-2024,Delivered,Debit Card,20,8592.45,Hubli–Dharwad,Haryana
ORD0001124,CUST00253,11-08-2023,Delivered,Net Banking,15,404.8,Hubli–Dharwad,Haryana
ORD0001125,CUST00253,17-11-2023,Delivered,UPI,10,223413.19,Hubli–Dharwad,Haryana
ORD0001126,CUST00254,25-06-2024,Cancelled,Credit Card,5,51438.33,Burhanpur,Kerala
ORD0001127,CUST00254,10-06-2024,Delivered,Credit Card,5,220054.88,Burhanpur,Kerala
ORD0001128,CUST00254,13-06-2024,Delivered,Net Banking,5,48088.31,Burhanpur,Kerala
ORD0001129,CUST00254,29-05-2024,Delivered,UPI,5,5633.93,Burhanpur,Kerala
ORD0001130,CUST00254,11-06-2024,Returned,Net Banking,10,17707.72,Burhanpur,Kerala
ORD0001131,CUST00254,16-06-2024,Delivered,Credit Card,0,4321.28,Burhanpur,Kerala
ORD0001132,CUST00254,26-05-2024,Shipped,COD,0,3099.88,Burhanpur,Kerala
ORD0001133,CUST00254,23-05-2024,Shipped,Debit Card,0,3119.91,Burhanpur,Kerala
ORD0001134,CUST00254,07-06-2024,Delivered,UPI,10,12576.06,Burhanpur,Kerala
ORD0001135,CUST00254,22-05-2024,Delivered,Credit Card,15,2617.42,Burhanpur,Kerala
ORD0001136,CUST00254,06-06-2024,Delivered,UPI,0,31860.52,Burhanpur,Kerala
ORD0001137,CUST00255,04-04-2024,Delivered,Debit Card,25,8896.58,Coimbatore,Mizoram
ORD0001138,CUST00255,01-04-2024,Delivered,Wallet,10,1943.96,Coimbatore,Mizoram
ORD0001139,CUST00255,15-06-2024,Shipped,UPI,0,25985.2,Coimbatore,Mizoram
ORD0001140,CUST00256,12-11-2022,Delivered,Debit Card,10,25390,Jhansi,Mizoram
ORD0001141,CUST00257,01-12-2023,Delivered,UPI,5,235604.23,Aurangabad,Rajasthan
ORD0001142,CUST00257,17-12-2023,Delivered,UPI,10,117628.99,Aurangabad,Rajasthan
ORD0001143,CUST00257,16-10-2023,Delivered,UPI,10,77498.67,Aurangabad,Rajasthan
ORD0001144,CUST00257,20-08-2023,Delivered,Credit Card,5,63237.02,Aurangabad,Rajasthan
ORD0001145,CUST00257,07-11-2023,Delivered,Credit Card,10,35627.8,Aurangabad,Rajasthan
ORD0001146,CUST00257,19-12-2023,Returned,UPI,10,7860.16,Aurangabad,Rajasthan
ORD0001147,CUST00257,25-03-2024,Delivered,Credit Card,15,1002.64,Aurangabad,Rajasthan
ORD0001148,CUST00257,28-10-2023,Delivered,UPI,0,5859.56,Aurangabad,Rajasthan
ORD0001149,CUST00257,06-06-2024,Delivered,Debit Card,0,304988.66,Aurangabad,Rajasthan
ORD0001150,CUST00258,17-05-2024,Shipped,Credit Card,10,11667.46,Howrah,Uttarakhand
ORD0001151,CUST00258,24-05-2023,Delivered,UPI,0,118960.52,Howrah,Uttarakhand
ORD0001152,CUST00258,17-08-2023,Processing,Credit Card,5,2343.82,Howrah,Uttarakhand
ORD0001153,CUST00258,24-10-2022,Delivered,Net Banking,0,4307.31,Howrah,Uttarakhand
ORD0001154,CUST00259,26-10-2022,Delivered,UPI,0,5178.27,Aligarh,Tripura
ORD0001155,CUST00259,27-09-2023,Delivered,Credit Card,0,20615.84,Aligarh,Tripura
ORD0001156,CUST00259,09-01-2023,Cancelled,UPI,10,9139.85,Aligarh,Tripura
ORD0001157,CUST00259,25-10-2023,Delivered,Wallet,10,14335.79,Aligarh,Tripura
ORD0001158,CUST00259,15-10-2022,Cancelled,Credit Card,5,11269,Aligarh,Tripura
ORD0001159,CUST00259,31-05-2022,Delivered,Debit Card,5,2393.73,Aligarh,Tripura
ORD0001160,CUST00259,03-05-2022,Shipped,UPI,10,16384.02,Aligarh,Tripura
ORD0001161,CUST00259,28-10-2022,Delivered,UPI,0,7817.34,Aligarh,Tripura
ORD0001162,CUST00259,23-01-2024,Cancelled,Debit Card,5,7701.78,Aligarh,Tripura
ORD0001163,CUST00259,10-04-2023,Cancelled,Wallet,15,11866.69,Aligarh,Tripura
ORD0001164,CUST00259,04-02-2024,Delivered,Credit Card,5,8636.05,Aligarh,Tripura
ORD0001165,CUST00259,14-04-2022,Delivered,UPI,15,6359.05,Aligarh,Tripura
ORD0001166,CUST00259,26-05-2023,Delivered,COD,15,9549.61,Aligarh,Tripura
ORD0001167,CUST00259,21-03-2022,Delivered,Net Banking,5,18081.5,Aligarh,Tripura
ORD0001168,CUST00259,25-05-2024,Returned,Credit Card,0,158182.86,Aligarh,Tripura
ORD0001169,CUST00259,18-05-2024,Delivered,Credit Card,0,1963.92,Aligarh,Tripura
ORD0001170,CUST00259,22-12-2022,Shipped,UPI,20,39912.47,Aligarh,Tripura
ORD0001171,CUST00259,19-02-2024,Delivered,UPI,0,180909.03,Aligarh,Tripura
ORD0001172,CUST00260,19-04-2023,Delivered,UPI,5,8385.44,Haridwar,Tripura
ORD0001173,CUST00261,12-01-2024,Delivered,Credit Card,15,5049.9,Dewas,Haryana
ORD0001174,CUST00262,30-11-2023,Delivered,UPI,15,5155.06,Bardhaman,Uttar Pradesh
ORD0001175,CUST00262,01-03-2024,Shipped,UPI,15,69382.45,Bardhaman,Uttar Pradesh
ORD0001176,CUST00262,27-12-2023,Processing,Net Banking,0,16733.41,Bardhaman,Uttar Pradesh
ORD0001177,CUST00262,04-04-2024,Delivered,Credit Card,20,1187.3,Bardhaman,Uttar Pradesh
ORD0001178,CUST00262,24-11-2023,Delivered,Wallet,0,2515.56,Bardhaman,Uttar Pradesh
ORD0001179,CUST00262,17-09-2023,Delivered,UPI,0,13523.09,Bardhaman,Uttar Pradesh
ORD0001180,CUST00262,04-11-2023,Delivered,UPI,5,201387.42,Bardhaman,Uttar Pradesh
ORD0001181,CUST00262,04-10-2023,Delivered,UPI,15,3007.93,Bardhaman,Uttar Pradesh
ORD0001182,CUST00263,09-12-2023,Delivered,UPI,0,21157.32,Karnal,Uttarakhand
ORD0001183,CUST00264,21-05-2024,Delivered,UPI,5,37872.91,Singrauli,Manipur
ORD0001184,CUST00265,14-09-2023,Delivered,UPI,0,23377.88,Bhavnagar,Meghalaya
ORD0001185,CUST00265,01-04-2024,Delivered,Credit Card,0,163432.5,Bhavnagar,Meghalaya
ORD0001186,CUST00265,17-09-2022,Delivered,COD,10,3180.19,Bhavnagar,Meghalaya
ORD0001187,CUST00265,02-03-2024,Delivered,UPI,10,124842.4,Bhavnagar,Meghalaya
ORD0001188,CUST00266,06-11-2023,Cancelled,UPI,25,97500.93,Hapur,Punjab
ORD0001189,CUST00266,09-10-2023,Delivered,COD,15,3315.65,Hapur,Punjab
ORD0001190,CUST00266,09-12-2023,Shipped,Credit Card,5,178933.45,Hapur,Punjab
ORD0001191,CUST00266,01-01-2024,Delivered,Credit Card,5,15933.32,Hapur,Punjab
ORD0001192,CUST00266,06-01-2024,Delivered,Debit Card,0,1568.52,Hapur,Punjab
ORD0001193,CUST00266,22-01-2024,Returned,Net Banking,0,62345.89,Hapur,Punjab
ORD0001194,CUST00266,09-06-2024,Delivered,Debit Card,5,97611.56,Hapur,Punjab
ORD0001195,CUST00266,30-10-2023,Delivered,Credit Card,10,98276.98,Hapur,Punjab
ORD0001196,CUST00267,27-04-2024,Delivered,UPI,5,3361.8,Kanpur,Karnataka
ORD0001197,CUST00267,15-07-2023,Delivered,UPI,10,9540.56,Kanpur,Karnataka
ORD0001198,CUST00267,30-01-2023,Delivered,UPI,0,51883.23,Kanpur,Karnataka
ORD0001199,CUST00268,06-11-2023,Delivered,UPI,5,172242.86,Gandhinagar,Odisha
ORD0001200,CUST00268,06-02-2024,Delivered,Net Banking,0,18645.52,Gandhinagar,Odisha
ORD0001201,CUST00268,20-10-2023,Returned,Credit Card,10,23173.99,Gandhinagar,Odisha
ORD0001202,CUST00269,04-02-2023,Delivered,Credit Card,5,31873,Kharagpur,Haryana
ORD0001203,CUST00269,25-10-2022,Delivered,Debit Card,0,39655.69,Kharagpur,Haryana
ORD0001204,CUST00269,05-09-2023,Cancelled,Credit Card,0,8624.67,Kharagpur,Haryana
ORD0001205,CUST00269,25-01-2024,Delivered,Debit Card,5,24074.71,Kharagpur,Haryana
ORD0001206,CUST00269,24-11-2022,Delivered,Net Banking,5,157937.03,Kharagpur,Haryana
ORD0001207,CUST00269,06-09-2023,Delivered,Debit Card,0,17063.28,Kharagpur,Haryana
ORD0001208,CUST00269,07-12-2022,Delivered,COD,25,2961.4,Kharagpur,Haryana
ORD0001209,CUST00269,27-02-2023,Delivered,UPI,0,174829.52,Kharagpur,Haryana
ORD0001210,CUST00269,05-05-2023,Cancelled,Credit Card,0,52088.4,Kharagpur,Haryana
ORD0001211,CUST00269,28-08-2023,Delivered,Credit Card,10,154026.65,Kharagpur,Haryana
ORD0001212,CUST00270,26-04-2023,Delivered,Debit Card,25,1954.34,Singrauli,Telangana
ORD0001213,CUST00271,04-04-2024,Delivered,UPI,0,21588.41,Chandigarh,Telangana
ORD0001214,CUST00271,24-04-2023,Delivered,UPI,0,3763.47,Chandigarh,Telangana
ORD0001215,CUST00271,19-07-2023,Returned,Credit Card,15,6891.07,Chandigarh,Telangana
ORD0001216,CUST00271,29-09-2023,Delivered,UPI,5,107174.86,Chandigarh,Telangana
ORD0001217,CUST00271,28-05-2024,Delivered,Credit Card,0,4307.31,Chandigarh,Telangana
ORD0001218,CUST00271,18-03-2024,Delivered,UPI,0,52855.96,Chandigarh,Telangana
ORD0001219,CUST00272,17-07-2022,Returned,COD,25,139885.25,Loni,Chhattisgarh
ORD0001220,CUST00273,28-04-2024,Delivered,COD,0,29010.41,Maheshtala,Bihar
ORD0001221,CUST00274,07-12-2023,Delivered,UPI,15,13898.62,Pallavaram,Meghalaya
ORD0001222,CUST00274,03-08-2022,Delivered,Credit Card,15,5638.58,Pallavaram,Meghalaya
ORD0001223,CUST00274,30-11-2022,Delivered,Debit Card,20,40085.22,Pallavaram,Meghalaya
ORD0001224,CUST00274,19-06-2022,Delivered,Net Banking,10,23332.99,Pallavaram,Meghalaya
ORD0001225,CUST00275,01-08-2023,Returned,Credit Card,0,3385.13,Shahjahanpur,Maharashtra
ORD0001226,CUST00276,23-01-2024,Delivered,UPI,5,76933.51,Thane,Nagaland
ORD0001227,CUST00276,28-04-2024,Delivered,Credit Card,0,106293.48,Thane,Nagaland
ORD0001228,CUST00276,29-05-2024,Delivered,Wallet,15,201792.28,Thane,Nagaland
ORD0001229,CUST00277,05-03-2024,Shipped,UPI,5,8891.74,Mysore,Telangana
ORD0001230,CUST00278,19-09-2023,Processing,Debit Card,10,10532.75,Raipur,Tamil Nadu
ORD0001231,CUST00279,05-03-2024,Returned,UPI,5,26130.67,Gurgaon,Jharkhand
ORD0001232,CUST00279,10-04-2023,Shipped,Debit Card,20,380.99,Gurgaon,Jharkhand
ORD0001233,CUST00279,07-11-2022,Shipped,UPI,0,29830.13,Gurgaon,Jharkhand
ORD0001234,CUST00279,25-12-2023,Delivered,Credit Card,25,12136.9,Gurgaon,Jharkhand
ORD0001235,CUST00279,11-02-2023,Delivered,Credit Card,20,13973.62,Gurgaon,Jharkhand
ORD0001236,CUST00279,23-12-2023,Delivered,UPI,0,17537.51,Gurgaon,Jharkhand
ORD0001237,CUST00279,23-08-2022,Delivered,Credit Card,10,86546.72,Gurgaon,Jharkhand
ORD0001238,CUST00279,18-07-2023,Shipped,Credit Card,0,2471.39,Gurgaon,Jharkhand
ORD0001239,CUST00279,09-06-2023,Cancelled,UPI,0,64514.37,Gurgaon,Jharkhand
ORD0001240,CUST00279,22-10-2022,Shipped,Wallet,10,24072.7,Gurgaon,Jharkhand
ORD0001241,CUST00279,04-05-2023,Delivered,Credit Card,0,16351.32,Gurgaon,Jharkhand
ORD0001242,CUST00280,04-02-2024,Delivered,Credit Card,5,188706.41,Bellary,Odisha
ORD0001243,CUST00281,26-04-2024,Processing,UPI,10,4766.47,Vadodara,Chhattisgarh
ORD0001244,CUST00282,09-01-2023,Delivered,Debit Card,25,156317.13,Tiruchirappalli,Tripura
ORD0001245,CUST00283,19-05-2024,Delivered,UPI,15,3117.83,Bhagalpur,Punjab
ORD0001246,CUST00284,06-05-2024,Shipped,Wallet,5,1108.68,Kumbakonam,Uttar Pradesh
ORD0001247,CUST00285,18-06-2024,Cancelled,UPI,10,3018.67,Panihati,Tamil Nadu
ORD0001248,CUST00285,19-12-2023,Delivered,UPI,5,54417.46,Panihati,Tamil Nadu
ORD0001249,CUST00285,29-06-2024,Delivered,Debit Card,10,98055.29,Panihati,Tamil Nadu
ORD0001250,CUST00285,02-05-2024,Shipped,Debit Card,15,3843.55,Panihati,Tamil Nadu
ORD0001251,CUST00285,13-02-2024,Delivered,Credit Card,15,814.06,Panihati,Tamil Nadu
ORD0001252,CUST00285,06-01-2024,Returned,Net Banking,20,227471.96,Panihati,Tamil Nadu
ORD0001253,CUST00285,20-10-2023,Shipped,Credit Card,0,26717.91,Panihati,Tamil Nadu
ORD0001254,CUST00286,27-01-2023,Delivered,Debit Card,0,141651.09,Nangloi Jat,Meghalaya
ORD0001255,CUST00286,20-09-2023,Delivered,UPI,0,34455.49,Nangloi Jat,Meghalaya
ORD0001256,CUST00286,25-03-2023,Delivered,COD,20,59665.39,Nangloi Jat,Meghalaya
ORD0001257,CUST00286,03-08-2023,Returned,Credit Card,0,5463.54,Nangloi Jat,Meghalaya
ORD0001258,CUST00286,20-10-2022,Delivered,Net Banking,10,45500.58,Nangloi Jat,Meghalaya
ORD0001259,CUST00286,14-11-2022,Delivered,Debit Card,10,98055.29,Nangloi Jat,Meghalaya
ORD0001260,CUST00286,28-01-2023,Delivered,Credit Card,10,8352.3,Nangloi Jat,Meghalaya
ORD0001261,CUST00286,12-07-2023,Delivered,UPI,0,240575.31,Nangloi Jat,Meghalaya
ORD0001262,CUST00287,29-05-2024,Delivered,Credit Card,10,45830.27,Raichur,Assam
ORD0001263,CUST00287,10-10-2023,Delivered,COD,5,116894.65,Raichur,Assam
ORD0001264,CUST00288,30-03-2024,Shipped,UPI,0,4934.36,Patiala,Kerala
ORD0001265,CUST00288,21-01-2024,Delivered,UPI,5,62968.62,Patiala,Kerala
ORD0001266,CUST00289,20-10-2023,Cancelled,UPI,0,96166.79,Khammam,Chhattisgarh
ORD0001267,CUST00289,21-12-2023,Shipped,Credit Card,0,22459.36,Khammam,Chhattisgarh
ORD0001268,CUST00289,18-09-2023,Shipped,Net Banking,10,69097.67,Khammam,Chhattisgarh
ORD0001269,CUST00289,17-04-2024,Delivered,UPI,5,25651.65,Khammam,Chhattisgarh
ORD0001270,CUST00289,08-03-2024,Cancelled,Net Banking,0,22565.18,Khammam,Chhattisgarh
ORD0001271,CUST00289,16-11-2023,Delivered,Credit Card,10,19293.48,Khammam,Chhattisgarh
ORD0001272,CUST00289,09-08-2023,Delivered,Wallet,0,8594.8,Khammam,Chhattisgarh
ORD0001273,CUST00289,19-11-2023,Delivered,Debit Card,0,30961.65,Khammam,Chhattisgarh
ORD0001274,CUST00289,23-08-2023,Delivered,Debit Card,15,11175.72,Khammam,Chhattisgarh
ORD0001275,CUST00289,08-10-2023,Delivered,Credit Card,0,291132.6,Khammam,Chhattisgarh
ORD0001276,CUST00289,22-11-2023,Delivered,Debit Card,10,14311,Khammam,Chhattisgarh
ORD0001277,CUST00289,15-02-2024,Delivered,UPI,25,96561.96,Khammam,Chhattisgarh
ORD0001278,CUST00289,26-09-2023,Delivered,COD,0,23335.02,Khammam,Chhattisgarh
ORD0001279,CUST00289,24-01-2024,Shipped,UPI,0,86019.16,Khammam,Chhattisgarh
ORD0001280,CUST00289,14-07-2023,Delivered,UPI,5,109640.96,Khammam,Chhattisgarh
ORD0001281,CUST00289,23-04-2024,Delivered,Net Banking,0,290288.6,Khammam,Chhattisgarh
ORD0001282,CUST00289,21-04-2024,Delivered,Net Banking,0,31057.13,Khammam,Chhattisgarh
ORD0001283,CUST00290,21-03-2023,Returned,Debit Card,25,1844.93,Saharsa,Tripura
ORD0001284,CUST00291,16-02-2024,Delivered,Debit Card,20,33838.05,Karaikudi,Mizoram
ORD0001285,CUST00291,31-03-2024,Returned,Credit Card,5,7714.69,Karaikudi,Mizoram
ORD0001286,CUST00291,19-02-2024,Delivered,Credit Card,15,7414.35,Karaikudi,Mizoram
ORD0001287,CUST00291,21-01-2024,Processing,Credit Card,0,1568.52,Karaikudi,Mizoram
ORD0001288,CUST00291,01-12-2023,Delivered,UPI,10,76361.77,Karaikudi,Mizoram
ORD0001289,CUST00291,27-01-2024,Delivered,Debit Card,5,52875.46,Karaikudi,Mizoram
ORD0001290,CUST00291,07-05-2024,Delivered,COD,25,23856.32,Karaikudi,Mizoram
ORD0001291,CUST00291,20-02-2024,Processing,COD,10,21874.3,Karaikudi,Mizoram
ORD0001292,CUST00291,05-04-2024,Delivered,UPI,5,845.6,Karaikudi,Mizoram
ORD0001293,CUST00291,05-06-2024,Delivered,Debit Card,0,12818.88,Karaikudi,Mizoram
ORD0001294,CUST00291,25-02-2024,Delivered,UPI,10,118009.93,Karaikudi,Mizoram
ORD0001295,CUST00291,22-10-2023,Delivered,UPI,0,20367.39,Karaikudi,Mizoram
ORD0001296,CUST00291,13-02-2024,Cancelled,Net Banking,25,94526,Karaikudi,Mizoram
ORD0001297,CUST00292,03-02-2023,Delivered,Net Banking,0,5434.17,Dhanbad,Bihar
ORD0001298,CUST00292,19-12-2023,Shipped,Debit Card,0,4030.96,Dhanbad,Bihar
ORD0001299,CUST00292,13-09-2022,Cancelled,UPI,5,15857.46,Dhanbad,Bihar
ORD0001300,CUST00292,26-06-2023,Shipped,Credit Card,25,14623.58,Dhanbad,Bihar
ORD0001301,CUST00292,27-10-2023,Delivered,Credit Card,0,54350.75,Dhanbad,Bihar
ORD0001302,CUST00292,20-04-2024,Delivered,UPI,0,88803.96,Dhanbad,Bihar
ORD0001303,CUST00292,23-09-2022,Shipped,Debit Card,5,1246.56,Dhanbad,Bihar
ORD0001304,CUST00292,26-08-2022,Delivered,UPI,5,3476.77,Dhanbad,Bihar
ORD0001305,CUST00293,05-09-2023,Delivered,Net Banking,0,1834.02,Tiruchirappalli,Uttarakhand
ORD0001306,CUST00293,02-10-2022,Delivered,Debit Card,15,60681.73,Tiruchirappalli,Uttarakhand
ORD0001307,CUST00293,18-03-2024,Delivered,Credit Card,10,1186.79,Tiruchirappalli,Uttarakhand
ORD0001308,CUST00293,27-06-2024,Cancelled,Net Banking,0,11882.12,Tiruchirappalli,Uttarakhand
ORD0001309,CUST00293,15-08-2023,Delivered,Credit Card,0,107449.02,Tiruchirappalli,Uttarakhand
ORD0001310,CUST00293,04-09-2022,Processing,Credit Card,0,132565.37,Tiruchirappalli,Uttarakhand
ORD0001311,CUST00293,01-09-2022,Shipped,Credit Card,0,120868.74,Tiruchirappalli,Uttarakhand
ORD0001312,CUST00293,30-05-2024,Delivered,Credit Card,10,13175.14,Tiruchirappalli,Uttarakhand
ORD0001313,CUST00293,17-10-2023,Delivered,Credit Card,15,197.25,Tiruchirappalli,Uttarakhand
ORD0001314,CUST00294,06-08-2023,Delivered,Net Banking,0,13419.2,Fatehpur,Bihar
ORD0001315,CUST00294,11-10-2022,Delivered,UPI,0,21736.68,Fatehpur,Bihar
ORD0001316,CUST00294,20-04-2023,Cancelled,UPI,0,106567.54,Fatehpur,Bihar
ORD0001317,CUST00294,21-03-2023,Shipped,Net Banking,0,32458.37,Fatehpur,Bihar
ORD0001318,CUST00294,20-10-2022,Returned,Credit Card,0,127997.18,Fatehpur,Bihar
ORD0001319,CUST00294,17-02-2023,Cancelled,UPI,0,53453.3,Fatehpur,Bihar
ORD0001320,CUST00295,04-06-2024,Delivered,Net Banking,0,3700.77,Rewa,Odisha
ORD0001321,CUST00295,10-05-2024,Returned,UPI,15,54511.52,Rewa,Odisha
ORD0001322,CUST00295,26-06-2024,Shipped,Credit Card,0,16556.61,Rewa,Odisha
ORD0001323,CUST00295,24-05-2024,Delivered,Debit Card,15,124431.1,Rewa,Odisha
ORD0001324,CUST00295,25-06-2024,Delivered,Wallet,0,10686.66,Rewa,Odisha
ORD0001325,CUST00295,09-05-2024,Delivered,COD,10,10271.58,Rewa,Odisha
ORD0001326,CUST00295,10-06-2024,Delivered,Net Banking,15,7383.49,Rewa,Odisha
ORD0001327,CUST00295,29-04-2024,Delivered,Debit Card,5,13790.86,Rewa,Odisha
ORD0001328,CUST00295,24-06-2024,Delivered,Debit Card,5,71306.01,Rewa,Odisha
ORD0001329,CUST00295,01-06-2024,Delivered,Credit Card,0,140014.56,Rewa,Odisha
ORD0001330,CUST00295,22-05-2024,Delivered,Credit Card,0,5648.63,Rewa,Odisha
ORD0001331,CUST00296,18-10-2023,Delivered,UPI,5,42200.86,Raipur,Odisha
ORD0001332,CUST00297,03-06-2023,Cancelled,UPI,15,152011.04,Siliguri,Sikkim
ORD0001333,CUST00297,28-02-2024,Delivered,COD,10,178849.51,Siliguri,Sikkim
ORD0001334,CUST00297,01-04-2024,Delivered,Credit Card,10,10693.91,Siliguri,Sikkim
ORD0001335,CUST00297,09-06-2023,Delivered,Credit Card,0,4101.84,Siliguri,Sikkim
ORD0001336,CUST00297,26-02-2024,Returned,Debit Card,15,10625.24,Siliguri,Sikkim
ORD0001337,CUST00298,31-05-2024,Cancelled,Debit Card,10,145113.34,Warangal,West Bengal
ORD0001338,CUST00298,22-05-2024,Delivered,Net Banking,0,36375.75,Warangal,West Bengal
ORD0001339,CUST00298,25-06-2024,Delivered,Debit Card,5,65924.72,Warangal,West Bengal
ORD0001340,CUST00298,14-05-2024,Delivered,UPI,10,86821.27,Warangal,West Bengal
ORD0001341,CUST00298,27-06-2024,Delivered,UPI,5,92358.16,Warangal,West Bengal
ORD0001342,CUST00299,30-03-2024,Delivered,COD,5,156108.86,Malegaon,Meghalaya
ORD0001343,CUST00299,28-05-2024,Delivered,UPI,10,4907.03,Malegaon,Meghalaya
ORD0001344,CUST00300,25-10-2023,Delivered,UPI,10,49607.69,Sirsa,Uttar Pradesh
ORD0001345,CUST00300,09-02-2024,Delivered,Credit Card,20,5885.09,Sirsa,Uttar Pradesh
ORD0001346,CUST00300,19-09-2022,Delivered,Debit Card,20,1973.74,Sirsa,Uttar Pradesh
ORD0001347,CUST00300,17-10-2022,Returned,Wallet,15,2161.69,Sirsa,Uttar Pradesh
ORD0001348,CUST00300,18-06-2024,Cancelled,Wallet,10,17201.59,Sirsa,Uttar Pradesh
ORD0001349,CUST00301,23-12-2023,Returned,Credit Card,10,5574.73,Visakhapatnam,Arunachal Pradesh
ORD0001350,CUST00301,21-06-2024,Delivered,UPI,5,6302.07,Visakhapatnam,Arunachal Pradesh
ORD0001351,CUST00301,07-01-2024,Delivered,UPI,10,48794.44,Visakhapatnam,Arunachal Pradesh
ORD0001352,CUST00301,27-08-2023,Cancelled,UPI,0,25591.73,Visakhapatnam,Arunachal Pradesh
ORD0001353,CUST00301,15-07-2023,Delivered,Credit Card,5,218004.33,Visakhapatnam,Arunachal Pradesh
ORD0001354,CUST00301,19-09-2023,Delivered,UPI,0,202224.8,Visakhapatnam,Arunachal Pradesh
ORD0001355,CUST00301,22-06-2024,Delivered,Debit Card,10,41495.11,Visakhapatnam,Arunachal Pradesh
ORD0001356,CUST00301,05-12-2023,Shipped,UPI,10,2043.22,Visakhapatnam,Arunachal Pradesh
ORD0001357,CUST00302,16-09-2022,Shipped,Debit Card,15,39825.37,Panvel,Uttar Pradesh
ORD0001358,CUST00302,23-06-2023,Delivered,UPI,25,58779.38,Panvel,Uttar Pradesh
ORD0001359,CUST00302,29-06-2023,Delivered,UPI,0,223413.83,Panvel,Uttar Pradesh
ORD0001360,CUST00302,07-03-2024,Delivered,UPI,10,8036.6,Panvel,Uttar Pradesh
ORD0001361,CUST00302,11-04-2022,Delivered,Debit Card,5,80798.66,Panvel,Uttar Pradesh
ORD0001362,CUST00302,11-04-2024,Delivered,Credit Card,25,169034.1,Panvel,Uttar Pradesh
ORD0001363,CUST00302,23-01-2024,Delivered,Debit Card,20,188376.2,Panvel,Uttar Pradesh
ORD0001364,CUST00302,31-01-2024,Delivered,Debit Card,0,11484.1,Panvel,Uttar Pradesh
ORD0001365,CUST00303,19-05-2024,Delivered,Debit Card,10,130031.28,Ghaziabad,Rajasthan
ORD0001366,CUST00303,25-05-2024,Cancelled,UPI,5,28516,Ghaziabad,Rajasthan
ORD0001367,CUST00304,29-07-2023,Delivered,UPI,5,4292.42,Mahbubnagar,Goa
ORD0001368,CUST00305,23-03-2024,Delivered,Credit Card,10,2043.22,Gandhidham,Telangana
ORD0001369,CUST00305,05-04-2023,Delivered,Credit Card,0,27975.88,Gandhidham,Telangana
ORD0001370,CUST00305,16-12-2023,Shipped,UPI,5,136217.03,Gandhidham,Telangana
ORD0001371,CUST00305,21-03-2023,Delivered,Credit Card,0,339942.08,Gandhidham,Telangana
ORD0001372,CUST00305,25-07-2023,Cancelled,Debit Card,15,29950.11,Gandhidham,Telangana
ORD0001373,CUST00305,10-08-2023,Delivered,COD,5,472.24,Gandhidham,Telangana
ORD0001374,CUST00305,20-10-2023,Delivered,Debit Card,10,164204.19,Gandhidham,Telangana
ORD0001375,CUST00305,28-07-2023,Delivered,UPI,0,79983.59,Gandhidham,Telangana
ORD0001376,CUST00306,08-05-2022,Delivered,Net Banking,10,6100.59,Ulhasnagar,Mizoram
ORD0001377,CUST00306,19-12-2023,Processing,UPI,10,17946.86,Ulhasnagar,Mizoram
ORD0001378,CUST00306,01-09-2022,Delivered,Wallet,15,7484.05,Ulhasnagar,Mizoram
ORD0001379,CUST00307,15-06-2023,Cancelled,UPI,0,8373.5,Rohtak,Rajasthan
ORD0001380,CUST00307,03-11-2022,Delivered,Credit Card,15,33634.23,Rohtak,Rajasthan
ORD0001381,CUST00307,14-12-2023,Delivered,UPI,10,13101.01,Rohtak,Rajasthan
ORD0001382,CUST00307,23-04-2023,Delivered,UPI,25,18699.3,Rohtak,Rajasthan
ORD0001383,CUST00307,20-03-2024,Delivered,Credit Card,0,45521.72,Rohtak,Rajasthan
ORD0001384,CUST00307,27-04-2023,Delivered,Debit Card,15,30677.75,Rohtak,Rajasthan
ORD0001385,CUST00307,13-01-2024,Cancelled,UPI,5,211766.16,Rohtak,Rajasthan
ORD0001386,CUST00307,30-03-2024,Returned,COD,10,26104.16,Rohtak,Rajasthan
ORD0001387,CUST00307,26-01-2024,Returned,Debit Card,0,2709.22,Rohtak,Rajasthan
ORD0001388,CUST00308,10-05-2024,Shipped,Credit Card,15,121975.91,Amroha,Kerala
ORD0001389,CUST00308,20-06-2024,Delivered,Credit Card,0,3538.6,Amroha,Kerala
ORD0001390,CUST00308,05-06-2024,Delivered,COD,10,10673.73,Amroha,Kerala
ORD0001391,CUST00308,31-05-2024,Delivered,UPI,0,261541.79,Amroha,Kerala
ORD0001392,CUST00308,16-05-2024,Delivered,UPI,10,4037.47,Amroha,Kerala
ORD0001393,CUST00308,19-05-2024,Delivered,Wallet,0,10802.52,Amroha,Kerala
ORD0001394,CUST00308,06-06-2024,Returned,Credit Card,5,5992.11,Amroha,Kerala
ORD0001395,CUST00308,13-06-2024,Delivered,Credit Card,15,177507.13,Amroha,Kerala
ORD0001396,CUST00309,24-11-2023,Delivered,UPI,5,17188.84,Bhubaneswar,Tamil Nadu
ORD0001397,CUST00310,28-06-2024,Shipped,UPI,0,5763.3,Rampur,Uttarakhand
ORD0001398,CUST00311,13-10-2023,Shipped,COD,0,17267.65,Kota,Arunachal Pradesh
ORD0001399,CUST00311,27-03-2024,Delivered,UPI,20,6988.9,Kota,Arunachal Pradesh
ORD0001400,CUST00311,29-10-2023,Delivered,COD,5,14553.2,Kota,Arunachal Pradesh
ORD0001401,CUST00312,08-05-2024,Delivered,UPI,0,18636.12,Morena,Maharashtra
ORD0001402,CUST00312,24-10-2023,Delivered,UPI,0,3538.6,Morena,Maharashtra
ORD0001403,CUST00312,04-11-2022,Cancelled,Credit Card,0,3948.54,Morena,Maharashtra
ORD0001404,CUST00312,27-06-2023,Shipped,Credit Card,0,15603.44,Morena,Maharashtra
ORD0001405,CUST00312,27-12-2022,Delivered,Credit Card,0,124039.08,Morena,Maharashtra
ORD0001406,CUST00312,19-04-2023,Delivered,COD,5,1436.12,Morena,Maharashtra
ORD0001407,CUST00312,13-04-2024,Delivered,UPI,0,2337.16,Morena,Maharashtra
ORD0001408,CUST00312,06-05-2024,Delivered,Debit Card,10,4426.93,Morena,Maharashtra
ORD0001409,CUST00313,16-11-2023,Cancelled,Credit Card,0,131571.44,Jodhpur,Uttarakhand
ORD0001410,CUST00313,05-03-2024,Shipped,Wallet,25,2603.19,Jodhpur,Uttarakhand
ORD0001411,CUST00313,11-11-2023,Shipped,UPI,10,188505.52,Jodhpur,Uttarakhand
ORD0001412,CUST00313,22-08-2023,Returned,UPI,0,86934.68,Jodhpur,Uttarakhand
ORD0001413,CUST00313,18-04-2024,Delivered,Net Banking,0,350.77,Jodhpur,Uttarakhand
ORD0001414,CUST00313,22-03-2024,Shipped,UPI,15,13805.24,Jodhpur,Uttarakhand
ORD0001415,CUST00313,22-12-2023,Delivered,Debit Card,0,11998.46,Jodhpur,Uttarakhand
ORD0001416,CUST00313,24-06-2024,Delivered,Debit Card,20,88430.73,Jodhpur,Uttarakhand
ORD0001417,CUST00314,10-09-2023,Delivered,UPI,5,35175.63,Nagpur,Telangana
ORD0001418,CUST00314,01-12-2023,Delivered,UPI,10,72521.24,Nagpur,Telangana
ORD0001419,CUST00314,10-06-2024,Delivered,UPI,0,1507.1,Nagpur,Telangana
ORD0001420,CUST00314,28-03-2024,Cancelled,COD,25,38373.76,Nagpur,Telangana
ORD0001421,CUST00314,25-12-2023,Shipped,Credit Card,25,9454.53,Nagpur,Telangana
ORD0001422,CUST00314,16-08-2023,Returned,UPI,0,11970.3,Nagpur,Telangana
ORD0001423,CUST00314,21-09-2023,Returned,COD,10,112281.19,Nagpur,Telangana
ORD0001424,CUST00315,13-03-2024,Shipped,Debit Card,5,2774.21,Jorhat,Chhattisgarh
ORD0001425,CUST00316,11-12-2023,Returned,Debit Card,5,7682.09,Gudivada,Assam
ORD0001426,CUST00316,24-12-2023,Delivered,Debit Card,10,120183.57,Gudivada,Assam
ORD0001427,CUST00316,03-03-2024,Delivered,Credit Card,10,2123.24,Gudivada,Assam
ORD0001428,CUST00316,21-04-2024,Delivered,Credit Card,0,53130.31,Gudivada,Assam
ORD0001429,CUST00316,25-12-2023,Shipped,UPI,5,16960.88,Gudivada,Assam
ORD0001430,CUST00316,10-01-2024,Delivered,COD,20,6976.59,Gudivada,Assam
ORD0001431,CUST00316,13-04-2024,Delivered,UPI,5,6322.08,Gudivada,Assam
ORD0001432,CUST00316,13-02-2024,Delivered,Debit Card,0,7217.46,Gudivada,Assam
ORD0001433,CUST00316,12-06-2024,Shipped,Debit Card,0,115818.36,Gudivada,Assam
ORD0001434,CUST00316,11-02-2024,Shipped,Credit Card,0,69734.63,Gudivada,Assam
ORD0001435,CUST00317,10-05-2024,Delivered,Credit Card,0,102913.32,Thanjavur,Assam
ORD0001436,CUST00317,27-08-2023,Processing,Wallet,10,2822.28,Thanjavur,Assam
ORD0001437,CUST00317,20-04-2024,Shipped,Debit Card,0,4811.64,Thanjavur,Assam
ORD0001438,CUST00317,07-12-2023,Delivered,UPI,0,15343.49,Thanjavur,Assam
ORD0001439,CUST00317,01-11-2023,Delivered,Credit Card,0,11006.97,Thanjavur,Assam
ORD0001440,CUST00317,30-01-2024,Delivered,Credit Card,15,98281.85,Thanjavur,Assam
ORD0001441,CUST00317,06-05-2023,Cancelled,UPI,10,15720.32,Thanjavur,Assam
ORD0001442,CUST00317,19-06-2024,Delivered,Debit Card,0,42406.92,Thanjavur,Assam
ORD0001443,CUST00317,09-01-2023,Delivered,Wallet,0,102543.55,Thanjavur,Assam
ORD0001444,CUST00317,22-12-2023,Returned,Net Banking,0,84545.52,Thanjavur,Assam
ORD0001445,CUST00318,14-01-2024,Returned,UPI,0,228437.07,Morbi,Assam
ORD0001446,CUST00319,05-02-2023,Delivered,Credit Card,0,175822.32,Kavali,Goa
ORD0001447,CUST00319,08-02-2023,Cancelled,Debit Card,10,34584.08,Kavali,Goa
ORD0001448,CUST00319,27-11-2022,Delivered,COD,10,6214.5,Kavali,Goa
ORD0001449,CUST00319,22-10-2023,Delivered,UPI,15,17936.66,Kavali,Goa
ORD0001450,CUST00320,02-04-2024,Delivered,Net Banking,0,7737.54,Meerut,Gujarat
ORD0001451,CUST00321,24-10-2023,Cancelled,Debit Card,5,261710.22,Faridabad,Nagaland
ORD0001452,CUST00321,29-05-2023,Delivered,UPI,0,203916.31,Faridabad,Nagaland
ORD0001453,CUST00321,24-12-2023,Cancelled,Net Banking,5,40332.89,Faridabad,Nagaland
ORD0001454,CUST00321,23-04-2023,Processing,Net Banking,10,19036.8,Faridabad,Nagaland
ORD0001455,CUST00322,11-05-2023,Cancelled,UPI,5,696.35,Navi Mumbai,Haryana
ORD0001456,CUST00322,17-03-2024,Delivered,Wallet,15,46544.84,Navi Mumbai,Haryana
ORD0001457,CUST00322,23-02-2024,Delivered,UPI,0,859.29,Navi Mumbai,Haryana
ORD0001458,CUST00322,16-09-2022,Delivered,Wallet,10,1400.44,Navi Mumbai,Haryana
ORD0001459,CUST00322,06-07-2023,Delivered,COD,10,6417.65,Navi Mumbai,Haryana
ORD0001460,CUST00322,12-08-2022,Returned,Debit Card,5,4130.94,Navi Mumbai,Haryana
ORD0001461,CUST00322,18-11-2022,Delivered,UPI,10,12464.71,Navi Mumbai,Haryana
ORD0001462,CUST00322,28-12-2023,Delivered,UPI,5,2609.83,Navi Mumbai,Haryana
ORD0001463,CUST00322,15-03-2024,Delivered,UPI,10,38153.08,Navi Mumbai,Haryana
ORD0001464,CUST00322,06-08-2022,Delivered,Debit Card,0,111316.76,Navi Mumbai,Haryana
ORD0001465,CUST00322,31-01-2024,Delivered,UPI,15,63808.89,Navi Mumbai,Haryana
ORD0001466,CUST00323,21-12-2022,Delivered,UPI,10,7582.36,Jammu,Rajasthan
ORD0001467,CUST00324,17-03-2024,Cancelled,Credit Card,10,120795.75,Pudukkottai,Goa
ORD0001468,CUST00325,14-07-2023,Delivered,UPI,5,164658.98,Chapra,Andhra Pradesh
ORD0001469,CUST00325,31-12-2023,Shipped,Debit Card,0,6869.9,Chapra,Andhra Pradesh
ORD0001470,CUST00325,12-10-2023,Returned,Debit Card,10,4652.39,Chapra,Andhra Pradesh
ORD0001471,CUST00325,31-01-2024,Delivered,UPI,0,628.8,Chapra,Andhra Pradesh
ORD0001472,CUST00325,07-12-2023,Delivered,Debit Card,0,23111.75,Chapra,Andhra Pradesh
ORD0001473,CUST00325,17-06-2023,Delivered,Debit Card,5,1720.66,Chapra,Andhra Pradesh
ORD0001474,CUST00325,04-09-2023,Shipped,COD,0,4760.38,Chapra,Andhra Pradesh
ORD0001475,CUST00325,16-03-2023,Delivered,UPI,10,5633.79,Chapra,Andhra Pradesh
ORD0001476,CUST00325,06-12-2023,Shipped,COD,0,13146.82,Chapra,Andhra Pradesh
ORD0001477,CUST00325,27-03-2024,Delivered,Credit Card,5,14557.43,Chapra,Andhra Pradesh
ORD0001478,CUST00326,21-10-2023,Cancelled,UPI,0,210879.53,Mira-Bhayandar,Kerala
ORD0001479,CUST00326,04-09-2023,Delivered,UPI,25,2274.29,Mira-Bhayandar,Kerala
ORD0001480,CUST00326,07-06-2023,Shipped,UPI,0,37546.11,Mira-Bhayandar,Kerala
ORD0001481,CUST00326,24-01-2024,Delivered,UPI,0,46105.68,Mira-Bhayandar,Kerala
ORD0001482,CUST00326,20-04-2023,Delivered,Credit Card,0,1387.56,Mira-Bhayandar,Kerala
ORD0001483,CUST00326,08-02-2024,Delivered,UPI,15,2659.58,Mira-Bhayandar,Kerala
ORD0001484,CUST00327,19-05-2024,Delivered,Debit Card,10,8550.36,Mumbai,West Bengal
ORD0001485,CUST00327,26-06-2024,Shipped,Credit Card,0,26739.65,Mumbai,West Bengal
ORD0001486,CUST00327,22-06-2024,Delivered,UPI,10,2115.29,Mumbai,West Bengal
ORD0001487,CUST00327,28-05-2024,Delivered,Debit Card,10,2865.28,Mumbai,West Bengal
ORD0001488,CUST00327,27-06-2024,Delivered,Credit Card,0,90246.49,Mumbai,West Bengal
ORD0001489,CUST00328,13-01-2023,Delivered,Credit Card,0,35428.8,Bhubaneswar,Madhya Pradesh
ORD0001490,CUST00328,28-10-2023,Returned,UPI,10,9185.85,Bhubaneswar,Madhya Pradesh
ORD0001491,CUST00328,12-04-2023,Returned,Credit Card,0,22223.98,Bhubaneswar,Madhya Pradesh
ORD0001492,CUST00328,14-02-2024,Delivered,Debit Card,15,18559.77,Bhubaneswar,Madhya Pradesh
ORD0001493,CUST00328,11-07-2023,Delivered,Debit Card,0,101874.69,Bhubaneswar,Madhya Pradesh
ORD0001494,CUST00328,13-01-2024,Cancelled,UPI,15,459.5,Bhubaneswar,Madhya Pradesh
ORD0001495,CUST00328,22-08-2023,Delivered,Debit Card,15,31695.96,Bhubaneswar,Madhya Pradesh
ORD0001496,CUST00328,14-04-2024,Shipped,COD,20,84220.28,Bhubaneswar,Madhya Pradesh
ORD0001497,CUST00328,26-06-2023,Delivered,Credit Card,0,26860.66,Bhubaneswar,Madhya Pradesh
ORD0001498,CUST00328,17-06-2023,Cancelled,Net Banking,5,188907.2,Bhubaneswar,Madhya Pradesh
ORD0001499,CUST00329,13-05-2024,Delivered,Net Banking,0,153458.23,Pondicherry,Kerala
ORD0001500,CUST00330,09-03-2024,Delivered,Debit Card,0,8926.78,Amritsar,Gujarat
ORD0001501,CUST00331,28-01-2023,Delivered,Credit Card,20,2533.44,Hosur,Chhattisgarh
ORD0001502,CUST00331,22-02-2023,Delivered,COD,10,110570.51,Hosur,Chhattisgarh
ORD0001503,CUST00331,02-06-2024,Delivered,Net Banking,20,44694.4,Hosur,Chhattisgarh
ORD0001504,CUST00332,02-06-2024,Delivered,UPI,0,2601.32,Berhampore,Jharkhand
ORD0001505,CUST00332,14-12-2023,Delivered,UPI,15,47395.09,Berhampore,Jharkhand
ORD0001506,CUST00332,02-06-2024,Delivered,Wallet,0,117214.88,Berhampore,Jharkhand
ORD0001507,CUST00332,03-06-2024,Delivered,COD,10,7593.43,Berhampore,Jharkhand
ORD0001508,CUST00332,01-03-2024,Delivered,Wallet,5,18216.29,Berhampore,Jharkhand
ORD0001509,CUST00332,16-11-2023,Delivered,Debit Card,0,34791,Berhampore,Jharkhand
ORD0001510,CUST00332,14-11-2023,Delivered,Net Banking,0,4730.61,Berhampore,Jharkhand
ORD0001511,CUST00332,06-02-2024,Delivered,Debit Card,0,115280.25,Berhampore,Jharkhand
ORD0001512,CUST00332,20-06-2024,Cancelled,Credit Card,5,120772.09,Berhampore,Jharkhand
ORD0001513,CUST00333,23-07-2023,Delivered,Net Banking,10,3091.46,Jamnagar,Goa
ORD0001514,CUST00333,13-02-2023,Delivered,Wallet,0,21900.62,Jamnagar,Goa
ORD0001515,CUST00333,12-12-2023,Delivered,UPI,20,4519.17,Jamnagar,Goa
ORD0001516,CUST00333,24-09-2022,Delivered,COD,0,10186.52,Jamnagar,Goa
ORD0001517,CUST00334,15-04-2024,Delivered,Wallet,15,1489.94,Bhilai,Andhra Pradesh
ORD0001518,CUST00334,03-02-2024,Returned,COD,0,497.1,Bhilai,Andhra Pradesh
ORD0001519,CUST00335,19-01-2024,Delivered,Credit Card,15,9455.44,Gorakhpur,Telangana
ORD0001520,CUST00336,23-04-2024,Delivered,Net Banking,0,13700.86,Alwar,Gujarat
ORD0001521,CUST00336,02-12-2023,Shipped,Credit Card,15,6867.42,Alwar,Gujarat
ORD0001522,CUST00336,08-04-2024,Delivered,Credit Card,0,8891.11,Alwar,Gujarat
ORD0001523,CUST00336,21-05-2024,Delivered,Debit Card,5,17354.82,Alwar,Gujarat
ORD0001524,CUST00336,02-10-2023,Delivered,Credit Card,5,13925.99,Alwar,Gujarat
ORD0001525,CUST00336,13-01-2024,Delivered,Debit Card,0,3183.64,Alwar,Gujarat
ORD0001526,CUST00336,20-05-2024,Delivered,Debit Card,0,12606.04,Alwar,Gujarat
ORD0001527,CUST00337,20-09-2022,Delivered,UPI,15,1776.99,Kharagpur,Kerala
ORD0001528,CUST00338,05-07-2022,Delivered,UPI,10,16772.51,Asansol,Gujarat
ORD0001529,CUST00339,03-09-2023,Delivered,Debit Card,15,37151.27,Ramagundam,Nagaland
ORD0001530,CUST00339,27-06-2023,Delivered,Debit Card,20,15429.83,Ramagundam,Nagaland
ORD0001531,CUST00340,06-10-2023,Delivered,UPI,10,9001.56,Bhopal,Bihar
ORD0001532,CUST00340,01-03-2024,Delivered,UPI,0,3533.54,Bhopal,Bihar
ORD0001533,CUST00340,27-12-2023,Delivered,COD,15,33222.48,Bhopal,Bihar
ORD0001534,CUST00340,10-06-2024,Delivered,Credit Card,0,145694.55,Bhopal,Bihar
ORD0001535,CUST00340,11-01-2024,Shipped,Credit Card,20,383.09,Bhopal,Bihar
ORD0001536,CUST00340,23-03-2024,Shipped,Credit Card,5,366383.16,Bhopal,Bihar
ORD0001537,CUST00340,18-10-2023,Cancelled,UPI,15,8347.87,Bhopal,Bihar
ORD0001538,CUST00340,09-04-2024,Cancelled,COD,0,25591.73,Bhopal,Bihar
ORD0001539,CUST00340,08-02-2024,Cancelled,COD,10,65618.78,Bhopal,Bihar
ORD0001540,CUST00340,24-09-2023,Cancelled,Credit Card,0,36881.25,Bhopal,Bihar
ORD0001541,CUST00341,18-05-2024,Delivered,UPI,10,51007.19,Imphal,Manipur
ORD0001542,CUST00341,16-10-2023,Returned,Credit Card,0,16531.07,Imphal,Manipur
ORD0001543,CUST00341,10-02-2024,Delivered,UPI,10,4990.01,Imphal,Manipur
ORD0001544,CUST00341,10-02-2024,Delivered,Debit Card,0,42304.06,Imphal,Manipur
ORD0001545,CUST00341,05-01-2024,Shipped,Credit Card,5,75861.54,Imphal,Manipur
ORD0001546,CUST00341,11-12-2023,Returned,Wallet,10,3876.58,Imphal,Manipur
ORD0001547,CUST00341,07-03-2024,Delivered,Credit Card,20,9783.19,Imphal,Manipur
ORD0001548,CUST00341,01-11-2023,Delivered,Net Banking,15,3362.58,Imphal,Manipur
ORD0001549,CUST00342,29-06-2024,Delivered,Credit Card,20,20047.89,Tinsukia,Karnataka
ORD0001550,CUST00343,22-04-2022,Delivered,Net Banking,20,201655.46,Bhatpara,Mizoram
ORD0001551,CUST00343,10-01-2024,Delivered,COD,5,130545.11,Bhatpara,Mizoram
ORD0001552,CUST00343,23-09-2023,Delivered,UPI,5,957.35,Bhatpara,Mizoram
ORD0001553,CUST00343,26-07-2023,Delivered,UPI,0,28176.14,Bhatpara,Mizoram
ORD0001554,CUST00343,18-12-2022,Delivered,UPI,0,28109.28,Bhatpara,Mizoram
ORD0001555,CUST00343,18-12-2022,Cancelled,Credit Card,0,43943.14,Bhatpara,Mizoram
ORD0001556,CUST00343,25-10-2023,Cancelled,COD,0,68608.88,Bhatpara,Mizoram
ORD0001557,CUST00344,02-09-2023,Delivered,Credit Card,10,14791.46,Malegaon,Tamil Nadu
ORD0001558,CUST00344,21-05-2024,Shipped,Credit Card,15,31107.19,Malegaon,Tamil Nadu
ORD0001559,CUST00344,07-01-2024,Delivered,Debit Card,0,164097.79,Malegaon,Tamil Nadu
ORD0001560,CUST00344,22-12-2023,Delivered,Credit Card,10,28855.33,Malegaon,Tamil Nadu
ORD0001561,CUST00344,27-05-2024,Delivered,Credit Card,0,957.72,Malegaon,Tamil Nadu
ORD0001562,CUST00344,02-03-2024,Delivered,UPI,0,9762.37,Malegaon,Tamil Nadu
ORD0001563,CUST00345,22-06-2024,Delivered,UPI,0,201666.04,Kalyan-Dombivli,Gujarat
ORD0001564,CUST00345,29-06-2024,Delivered,UPI,0,132349.64,Kalyan-Dombivli,Gujarat
ORD0001565,CUST00345,29-05-2024,Delivered,UPI,5,8058.82,Kalyan-Dombivli,Gujarat
ORD0001566,CUST00345,22-06-2024,Delivered,Credit Card,5,2285.53,Kalyan-Dombivli,Gujarat
ORD0001567,CUST00345,05-06-2024,Delivered,UPI,5,42935.86,Kalyan-Dombivli,Gujarat
ORD0001568,CUST00345,16-06-2024,Delivered,UPI,15,23220.86,Kalyan-Dombivli,Gujarat
ORD0001569,CUST00346,24-05-2024,Delivered,Credit Card,0,50001.12,Bhopal,Assam
ORD0001570,CUST00346,18-01-2024,Delivered,Debit Card,15,74265.12,Bhopal,Assam
ORD0001571,CUST00346,24-09-2023,Delivered,Net Banking,0,28390.34,Bhopal,Assam
ORD0001572,CUST00346,20-06-2024,Delivered,COD,10,147793.96,Bhopal,Assam
ORD0001573,CUST00346,20-06-2024,Delivered,Wallet,0,10531.4,Bhopal,Assam
ORD0001574,CUST00347,29-03-2024,Delivered,Debit Card,0,48974.81,Navi Mumbai,Gujarat
ORD0001575,CUST00348,17-01-2024,Delivered,Debit Card,0,5983.62,Shimla,Tripura
ORD0001576,CUST00349,20-05-2024,Cancelled,Debit Card,0,3076.38,Coimbatore,Uttarakhand
ORD0001577,CUST00350,03-05-2024,Shipped,Credit Card,5,63981.89,Davanagere,Karnataka
ORD0001578,CUST00350,13-11-2023,Processing,UPI,15,27102.7,Davanagere,Karnataka
ORD0001579,CUST00350,16-11-2023,Delivered,UPI,0,15805.26,Davanagere,Karnataka
ORD0001580,CUST00350,24-04-2024,Shipped,Credit Card,0,1511.7,Davanagere,Karnataka
ORD0001581,CUST00350,05-06-2024,Delivered,Net Banking,15,204520.67,Davanagere,Karnataka
ORD0001582,CUST00350,24-12-2023,Delivered,UPI,0,4861.48,Davanagere,Karnataka
ORD0001583,CUST00350,03-03-2024,Delivered,Credit Card,15,85838.08,Davanagere,Karnataka
ORD0001584,CUST00350,10-02-2024,Processing,Debit Card,0,1466,Davanagere,Karnataka
ORD0001585,CUST00350,16-04-2024,Delivered,Credit Card,20,102945.83,Davanagere,Karnataka
ORD0001586,CUST00350,16-06-2024,Delivered,Credit Card,5,85743.56,Davanagere,Karnataka
ORD0001587,CUST00350,18-03-2024,Delivered,Net Banking,0,201319.74,Davanagere,Karnataka
ORD0001588,CUST00350,03-02-2024,Cancelled,UPI,10,13642.59,Davanagere,Karnataka
ORD0001589,CUST00350,29-08-2023,Delivered,UPI,25,195716.41,Davanagere,Karnataka
ORD0001590,CUST00351,16-05-2024,Delivered,UPI,20,58920.81,Siliguri,Tripura
ORD0001591,CUST00351,18-05-2024,Cancelled,Credit Card,5,2609.83,Siliguri,Tripura
ORD0001592,CUST00351,20-06-2024,Delivered,COD,5,20268.43,Siliguri,Tripura
ORD0001593,CUST00351,28-06-2024,Delivered,UPI,0,2976.52,Siliguri,Tripura
ORD0001594,CUST00351,16-06-2024,Cancelled,Credit Card,15,12195.08,Siliguri,Tripura
ORD0001595,CUST00351,19-06-2024,Delivered,Credit Card,10,23580.48,Siliguri,Tripura
ORD0001596,CUST00352,11-04-2024,Delivered,Credit Card,0,88718.58,Avadi,Punjab
ORD0001597,CUST00353,26-12-2023,Delivered,Credit Card,0,22411.82,Kochi,Madhya Pradesh
ORD0001598,CUST00353,10-01-2024,Delivered,UPI,10,9594.83,Kochi,Madhya Pradesh
ORD0001599,CUST00353,25-03-2024,Shipped,Credit Card,15,6676.59,Kochi,Madhya Pradesh
ORD0001600,CUST00353,30-04-2024,Delivered,UPI,0,6095.12,Kochi,Madhya Pradesh
ORD0001601,CUST00353,26-12-2023,Delivered,Debit Card,15,2678.78,Kochi,Madhya Pradesh
ORD0001602,CUST00353,27-03-2024,Delivered,UPI,10,30541.95,Kochi,Madhya Pradesh
ORD0001603,CUST00354,15-05-2024,Delivered,COD,20,211759.42,Begusarai,Sikkim
ORD0001604,CUST00354,01-06-2024,Delivered,Credit Card,5,40299,Begusarai,Sikkim
ORD0001605,CUST00355,05-02-2024,Delivered,Credit Card,5,2581.8,Karnal,Uttar Pradesh
ORD0001606,CUST00355,19-01-2024,Delivered,UPI,10,8891.31,Karnal,Uttar Pradesh
ORD0001607,CUST00356,10-02-2024,Shipped,UPI,5,82250.86,Naihati,Goa
ORD0001608,CUST00356,09-01-2024,Delivered,COD,0,91399.04,Naihati,Goa
ORD0001609,CUST00356,15-10-2023,Delivered,Credit Card,0,23060.04,Naihati,Goa
ORD0001610,CUST00356,10-11-2023,Delivered,Debit Card,10,26653.21,Naihati,Goa
ORD0001611,CUST00356,14-12-2023,Cancelled,COD,15,16596.03,Naihati,Goa
ORD0001612,CUST00356,24-09-2023,Delivered,Credit Card,0,90701.52,Naihati,Goa
ORD0001613,CUST00356,05-05-2024,Cancelled,Credit Card,0,23993.85,Naihati,Goa
ORD0001614,CUST00356,06-09-2023,Cancelled,Credit Card,20,110061.91,Naihati,Goa
ORD0001615,CUST00356,16-01-2024,Delivered,Wallet,0,20707.99,Naihati,Goa
ORD0001616,CUST00356,30-11-2023,Delivered,Net Banking,25,18268.23,Naihati,Goa
ORD0001617,CUST00357,02-03-2024,Shipped,UPI,20,4899.38,Unnao,Bihar
ORD0001618,CUST00357,02-04-2023,Delivered,UPI,5,7003.09,Unnao,Bihar
ORD0001619,CUST00357,10-05-2023,Shipped,Debit Card,10,2103.44,Unnao,Bihar
ORD0001620,CUST00357,09-08-2023,Delivered,Credit Card,5,1102.58,Unnao,Bihar
ORD0001621,CUST00357,26-05-2022,Delivered,UPI,10,11611.15,Unnao,Bihar
ORD0001622,CUST00357,05-09-2022,Returned,COD,0,2780.75,Unnao,Bihar
ORD0001623,CUST00357,16-12-2023,Delivered,UPI,25,156053,Unnao,Bihar
ORD0001624,CUST00357,30-04-2023,Delivered,Credit Card,0,110198.04,Unnao,Bihar
ORD0001625,CUST00358,05-11-2022,Delivered,Net Banking,0,54696.38,Kamarhati,Punjab
ORD0001626,CUST00359,24-04-2024,Shipped,Credit Card,0,42859.72,Rewa,Himachal Pradesh
ORD0001627,CUST00360,09-03-2024,Delivered,COD,0,24536.81,Siliguri,Haryana
ORD0001628,CUST00360,14-01-2024,Returned,UPI,10,29514.08,Siliguri,Haryana
ORD0001629,CUST00360,19-01-2024,Delivered,UPI,10,41422.11,Siliguri,Haryana
ORD0001630,CUST00360,07-03-2024,Delivered,Credit Card,0,7124.44,Siliguri,Haryana
ORD0001631,CUST00360,02-05-2024,Shipped,UPI,10,8906.95,Siliguri,Haryana
ORD0001632,CUST00360,05-02-2024,Delivered,UPI,0,5452.26,Siliguri,Haryana
ORD0001633,CUST00360,21-06-2024,Delivered,UPI,0,98993.24,Siliguri,Haryana
ORD0001634,CUST00360,21-03-2024,Returned,Net Banking,20,87357.31,Siliguri,Haryana
ORD0001635,CUST00360,22-06-2024,Shipped,Debit Card,20,23429.69,Siliguri,Haryana
ORD0001636,CUST00360,15-05-2024,Delivered,UPI,15,153246.07,Siliguri,Haryana
ORD0001637,CUST00361,24-06-2023,Delivered,Credit Card,0,27829.19,Nellore,Andhra Pradesh
ORD0001638,CUST00362,30-05-2024,Delivered,COD,0,9334.88,Jaipur,Arunachal Pradesh
ORD0001639,CUST00362,24-04-2024,Delivered,UPI,0,50684.21,Jaipur,Arunachal Pradesh
ORD0001640,CUST00362,17-04-2024,Delivered,Net Banking,0,63191.52,Jaipur,Arunachal Pradesh
ORD0001641,CUST00362,20-06-2024,Delivered,Credit Card,0,10630.11,Jaipur,Arunachal Pradesh
ORD0001642,CUST00362,07-05-2024,Delivered,UPI,5,106603.34,Jaipur,Arunachal Pradesh
ORD0001643,CUST00362,24-06-2024,Shipped,UPI,10,6915.96,Jaipur,Arunachal Pradesh
ORD0001644,CUST00363,26-11-2023,Delivered,UPI,15,18423.65,Mehsana,Assam
ORD0001645,CUST00363,30-03-2023,Shipped,UPI,10,60143.75,Mehsana,Assam
ORD0001646,CUST00363,06-10-2022,Shipped,COD,0,3099.88,Mehsana,Assam
ORD0001647,CUST00363,17-06-2024,Delivered,COD,25,2775.58,Mehsana,Assam
ORD0001648,CUST00363,07-09-2023,Delivered,UPI,5,11875.27,Mehsana,Assam
ORD0001649,CUST00363,03-08-2023,Returned,Credit Card,5,5720.9,Mehsana,Assam
ORD0001650,CUST00363,06-12-2022,Delivered,UPI,0,93846.02,Mehsana,Assam
ORD0001651,CUST00363,28-07-2022,Shipped,Credit Card,0,31136.98,Mehsana,Assam
ORD0001652,CUST00363,05-12-2022,Delivered,Debit Card,0,53998.18,Mehsana,Assam
ORD0001653,CUST00363,13-04-2023,Delivered,UPI,15,974.33,Mehsana,Assam
ORD0001654,CUST00363,12-10-2023,Delivered,UPI,0,387178.28,Mehsana,Assam
ORD0001655,CUST00364,22-08-2023,Cancelled,Credit Card,0,26838.4,Gorakhpur,Karnataka
ORD0001656,CUST00365,09-05-2024,Delivered,Credit Card,5,4295.23,Bhilai,Nagaland
ORD0001657,CUST00366,27-06-2024,Delivered,Debit Card,5,1968.59,Chittoor,Telangana
ORD0001658,CUST00367,03-11-2023,Delivered,Debit Card,10,113511.93,Delhi,Madhya Pradesh
ORD0001659,CUST00367,11-09-2023,Delivered,Credit Card,0,159309.91,Delhi,Madhya Pradesh
ORD0001660,CUST00368,05-12-2022,Delivered,COD,0,25798.74,Ichalkaranji,Gujarat
ORD0001661,CUST00369,07-11-2023,Delivered,Debit Card,10,9672.16,Rewa,Punjab
ORD0001662,CUST00369,06-05-2024,Delivered,Credit Card,0,23060.04,Rewa,Punjab
ORD0001663,CUST00369,10-10-2022,Delivered,COD,25,10452.09,Rewa,Punjab
ORD0001664,CUST00369,27-12-2022,Delivered,Wallet,5,111354.14,Rewa,Punjab
ORD0001665,CUST00369,10-01-2023,Cancelled,Debit Card,0,2179.4,Rewa,Punjab
ORD0001666,CUST00369,22-03-2023,Delivered,UPI,0,9556.44,Rewa,Punjab
ORD0001667,CUST00370,09-04-2024,Delivered,COD,20,189578.34,Shimla,Madhya Pradesh
ORD0001668,CUST00370,23-05-2024,Delivered,UPI,15,12926.25,Shimla,Madhya Pradesh
ORD0001669,CUST00370,27-01-2024,Delivered,Credit Card,5,36856.37,Shimla,Madhya Pradesh
ORD0001670,CUST00370,31-03-2024,Delivered,Net Banking,0,54918,Shimla,Madhya Pradesh
ORD0001671,CUST00370,02-01-2024,Delivered,UPI,0,63017.33,Shimla,Madhya Pradesh
ORD0001672,CUST00370,11-01-2024,Delivered,Net Banking,20,49821.62,Shimla,Madhya Pradesh
ORD0001673,CUST00370,28-12-2023,Delivered,Credit Card,0,38669.22,Shimla,Madhya Pradesh
ORD0001674,CUST00370,28-02-2024,Shipped,Credit Card,15,14122.5,Shimla,Madhya Pradesh
ORD0001675,CUST00371,06-02-2023,Cancelled,Debit Card,0,12807.75,Guwahati,Andhra Pradesh
ORD0001676,CUST00371,01-03-2024,Delivered,UPI,0,12429.79,Guwahati,Andhra Pradesh
ORD0001677,CUST00372,29-05-2023,Shipped,Debit Card,5,37248.67,Raichur,Punjab
ORD0001678,CUST00373,24-06-2024,Delivered,UPI,0,8432.48,Mira-Bhayandar,Assam
ORD0001679,CUST00373,20-06-2024,Cancelled,Net Banking,10,4660.44,Mira-Bhayandar,Assam
ORD0001680,CUST00373,29-05-2024,Delivered,UPI,15,3325.81,Mira-Bhayandar,Assam
ORD0001681,CUST00374,09-06-2024,Delivered,Debit Card,10,24154.56,Satna,Telangana
ORD0001682,CUST00374,26-06-2024,Delivered,UPI,15,1791.9,Satna,Telangana
ORD0001683,CUST00374,20-04-2024,Delivered,Net Banking,0,10307.92,Satna,Telangana
ORD0001684,CUST00374,21-06-2024,Shipped,COD,10,19931.07,Satna,Telangana
ORD0001685,CUST00375,15-03-2024,Delivered,Credit Card,0,25220.97,Raurkela Industrial Township,Tamil Nadu
ORD0001686,CUST00375,16-09-2023,Cancelled,Credit Card,5,179599.39,Raurkela Industrial Township,Tamil Nadu
ORD0001687,CUST00376,09-09-2023,Delivered,Credit Card,0,1831.46,Hajipur,Tripura
ORD0001688,CUST00377,06-01-2024,Delivered,Net Banking,20,16800.84,Nangloi Jat,Manipur
ORD0001689,CUST00377,06-03-2024,Returned,UPI,0,874.78,Nangloi Jat,Manipur
ORD0001690,CUST00377,20-06-2022,Delivered,Credit Card,20,91307.55,Nangloi Jat,Manipur
ORD0001691,CUST00378,11-09-2023,Delivered,Net Banking,0,28412.24,Tiruchirappalli,Madhya Pradesh
ORD0001692,CUST00378,09-11-2023,Delivered,COD,5,8536.16,Tiruchirappalli,Madhya Pradesh
ORD0001693,CUST00378,27-12-2023,Delivered,COD,0,14134.16,Tiruchirappalli,Madhya Pradesh
ORD0001694,CUST00378,12-09-2023,Delivered,COD,5,183687.28,Tiruchirappalli,Madhya Pradesh
ORD0001695,CUST00379,14-05-2023,Delivered,UPI,10,4915.84,Secunderabad,Sikkim
ORD0001696,CUST00379,07-05-2023,Cancelled,Credit Card,5,180816.74,Secunderabad,Sikkim
ORD0001697,CUST00379,06-02-2024,Returned,Credit Card,0,2543.16,Secunderabad,Sikkim
ORD0001698,CUST00379,31-01-2023,Delivered,Credit Card,20,113961.11,Secunderabad,Sikkim
ORD0001699,CUST00379,18-12-2023,Delivered,Debit Card,0,57094.07,Secunderabad,Sikkim
ORD0001700,CUST00380,20-04-2024,Returned,Credit Card,15,2812.89,Tiruchirappalli,Arunachal Pradesh
ORD0001701,CUST00380,12-04-2024,Delivered,UPI,15,3522.74,Tiruchirappalli,Arunachal Pradesh
ORD0001702,CUST00381,29-04-2024,Delivered,Credit Card,5,6559.14,Kulti,Mizoram
ORD0001703,CUST00381,20-01-2023,Shipped,Credit Card,5,188907.2,Kulti,Mizoram
ORD0001704,CUST00381,13-02-2024,Delivered,Debit Card,10,27804.22,Kulti,Mizoram
ORD0001705,CUST00382,09-11-2023,Delivered,UPI,0,251658.82,Raipur,Telangana
ORD0001706,CUST00382,27-12-2022,Delivered,Wallet,0,7130.72,Raipur,Telangana
ORD0001707,CUST00382,11-11-2022,Delivered,Debit Card,0,29406.84,Raipur,Telangana
ORD0001708,CUST00383,18-01-2024,Delivered,Credit Card,15,8884.79,Vijayawada,Telangana
ORD0001709,CUST00383,03-03-2024,Delivered,UPI,25,72480.77,Vijayawada,Telangana
ORD0001710,CUST00383,13-02-2024,Processing,UPI,5,35900.04,Vijayawada,Telangana
ORD0001711,CUST00383,15-11-2023,Delivered,Debit Card,25,2194.18,Vijayawada,Telangana
ORD0001712,CUST00383,10-12-2023,Delivered,UPI,5,71599.83,Vijayawada,Telangana
ORD0001713,CUST00383,17-09-2023,Delivered,UPI,15,5893.59,Vijayawada,Telangana
ORD0001714,CUST00384,11-08-2022,Shipped,UPI,5,53536.01,Barasat,Assam
ORD0001715,CUST00384,27-09-2022,Delivered,UPI,0,44640.74,Barasat,Assam
ORD0001716,CUST00384,19-08-2022,Delivered,Debit Card,0,24652.44,Barasat,Assam
ORD0001717,CUST00384,30-05-2022,Delivered,Credit Card,10,195276.17,Barasat,Assam
ORD0001718,CUST00385,16-09-2022,Delivered,UPI,0,37500.84,Siliguri,Meghalaya
ORD0001719,CUST00385,10-09-2023,Delivered,Debit Card,10,47198.92,Siliguri,Meghalaya
ORD0001720,CUST00385,07-09-2022,Delivered,UPI,20,20787.63,Siliguri,Meghalaya
ORD0001721,CUST00385,11-09-2022,Delivered,UPI,10,27261.98,Siliguri,Meghalaya
ORD0001722,CUST00385,01-05-2024,Delivered,Credit Card,0,33018.82,Siliguri,Meghalaya
ORD0001723,CUST00385,23-06-2023,Delivered,UPI,15,2602.79,Siliguri,Meghalaya
ORD0001724,CUST00385,22-07-2022,Delivered,UPI,0,19995.13,Siliguri,Meghalaya
ORD0001725,CUST00386,25-04-2023,Delivered,Credit Card,0,109196.64,Kota,Rajasthan
ORD0001726,CUST00387,23-01-2024,Returned,UPI,25,141788.99,Agartala,Rajasthan
ORD0001727,CUST00388,27-03-2023,Shipped,Wallet,10,24926.47,Madanapalle,West Bengal
ORD0001728,CUST00389,17-05-2024,Cancelled,UPI,10,3552.42,Sangli-Miraj & Kupwad,Punjab
ORD0001729,CUST00389,22-08-2022,Delivered,Credit Card,15,2921.59,Sangli-Miraj & Kupwad,Punjab
ORD0001730,CUST00389,28-04-2023,Delivered,UPI,5,5744.46,Sangli-Miraj & Kupwad,Punjab
ORD0001731,CUST00389,18-04-2023,Delivered,Credit Card,0,5211.56,Sangli-Miraj & Kupwad,Punjab
ORD0001732,CUST00389,05-05-2024,Delivered,UPI,15,8484.9,Sangli-Miraj & Kupwad,Punjab
ORD0001733,CUST00389,17-10-2023,Delivered,UPI,5,241132.42,Sangli-Miraj & Kupwad,Punjab
ORD0001734,CUST00390,09-01-2023,Processing,UPI,10,8423.76,Chinsurah,Bihar
ORD0001735,CUST00390,24-01-2024,Cancelled,COD,10,28930.31,Chinsurah,Bihar
ORD0001736,CUST00390,05-02-2023,Shipped,Credit Card,0,14531.6,Chinsurah,Bihar
ORD0001737,CUST00390,13-09-2023,Cancelled,Credit Card,15,104018.48,Chinsurah,Bihar
ORD0001738,CUST00390,20-04-2023,Shipped,Credit Card,10,65371.93,Chinsurah,Bihar
ORD0001739,CUST00390,18-04-2024,Delivered,UPI,20,184275.92,Chinsurah,Bihar
ORD0001740,CUST00390,25-09-2022,Delivered,Credit Card,10,27984.41,Chinsurah,Bihar
ORD0001741,CUST00390,30-04-2024,Shipped,COD,0,2601.32,Chinsurah,Bihar
ORD0001742,CUST00390,21-10-2023,Returned,Credit Card,20,71788.79,Chinsurah,Bihar
ORD0001743,CUST00390,09-07-2023,Delivered,Credit Card,15,20954.57,Chinsurah,Bihar
ORD0001744,CUST00391,03-10-2023,Shipped,UPI,5,11855.81,Phagwara,Punjab
ORD0001745,CUST00391,24-06-2024,Delivered,Credit Card,0,25849.12,Phagwara,Punjab
ORD0001746,CUST00391,20-07-2023,Delivered,Debit Card,0,6005.78,Phagwara,Punjab
ORD0001747,CUST00391,13-05-2024,Delivered,COD,0,11339.21,Phagwara,Punjab
ORD0001748,CUST00391,26-10-2023,Cancelled,UPI,20,31556.92,Phagwara,Punjab
ORD0001749,CUST00391,12-06-2023,Shipped,UPI,25,25827.55,Phagwara,Punjab
ORD0001750,CUST00391,03-05-2024,Delivered,COD,0,827.32,Phagwara,Punjab
ORD0001751,CUST00391,14-01-2024,Delivered,Debit Card,15,18279.07,Phagwara,Punjab
ORD0001752,CUST00391,19-02-2024,Delivered,UPI,20,5827.78,Phagwara,Punjab
ORD0001753,CUST00392,23-11-2022,Processing,Debit Card,10,12329.89,Panihati,Manipur
ORD0001754,CUST00393,03-02-2024,Delivered,UPI,5,192846.64,Haldia,Maharashtra
ORD0001755,CUST00393,21-03-2024,Delivered,COD,5,283410.61,Haldia,Maharashtra
ORD0001756,CUST00393,05-08-2023,Delivered,Credit Card,5,35424.9,Haldia,Maharashtra
ORD0001757,CUST00394,06-04-2024,Delivered,Credit Card,5,35389.2,Saharanpur,Odisha
ORD0001758,CUST00395,15-12-2023,Delivered,Credit Card,5,5163.59,Tinsukia,Punjab
ORD0001759,CUST00395,06-06-2024,Shipped,COD,5,744.27,Tinsukia,Punjab
ORD0001760,CUST00396,29-10-2023,Delivered,Credit Card,15,202.4,Saharsa,Karnataka
ORD0001761,CUST00397,09-02-2024,Delivered,UPI,20,39037.21,Malda,Karnataka
ORD0001762,CUST00398,10-05-2024,Delivered,Credit Card,5,5889.77,Khandwa,Uttarakhand
ORD0001763,CUST00398,07-05-2024,Delivered,Debit Card,5,20027.58,Khandwa,Uttarakhand
ORD0001764,CUST00398,18-05-2024,Cancelled,COD,0,3128.92,Khandwa,Uttarakhand
ORD0001765,CUST00398,31-05-2024,Delivered,UPI,5,281904.41,Khandwa,Uttarakhand
ORD0001766,CUST00399,13-05-2024,Delivered,Credit Card,10,22037.39,Bhusawal,Manipur
ORD0001767,CUST00399,14-05-2024,Delivered,Credit Card,15,22929,Bhusawal,Manipur
ORD0001768,CUST00400,23-12-2023,Delivered,Credit Card,5,28159.79,Kochi,Punjab
ORD0001769,CUST00400,05-09-2022,Delivered,Debit Card,0,104842.28,Kochi,Punjab
ORD0001770,CUST00400,05-11-2022,Delivered,UPI,15,34900.18,Kochi,Punjab
ORD0001771,CUST00400,16-11-2023,Delivered,Credit Card,10,42324.22,Kochi,Punjab
ORD0001772,CUST00400,12-09-2023,Delivered,Wallet,0,9871.56,Kochi,Punjab
ORD0001773,CUST00401,15-05-2024,Shipped,Debit Card,5,6732.4,Nashik,Jharkhand
ORD0001774,CUST00401,30-12-2023,Delivered,Net Banking,0,5985.15,Nashik,Jharkhand
ORD0001775,CUST00401,31-12-2023,Shipped,Debit Card,25,35655.2,Nashik,Jharkhand
ORD0001776,CUST00401,08-03-2024,Returned,Net Banking,0,10316.62,Nashik,Jharkhand
ORD0001777,CUST00401,05-06-2024,Returned,UPI,0,74881.02,Nashik,Jharkhand
ORD0001778,CUST00401,24-02-2024,Delivered,Debit Card,5,13058.77,Nashik,Jharkhand
ORD0001779,CUST00401,18-02-2024,Delivered,Credit Card,5,3143.82,Nashik,Jharkhand
ORD0001780,CUST00401,22-06-2024,Cancelled,Credit Card,10,16681.93,Nashik,Jharkhand
ORD0001781,CUST00401,24-12-2023,Delivered,UPI,25,20912.77,Nashik,Jharkhand
ORD0001782,CUST00401,24-12-2023,Delivered,Credit Card,0,6095.12,Nashik,Jharkhand
ORD0001783,CUST00401,13-01-2024,Cancelled,Credit Card,5,259795.27,Nashik,Jharkhand
ORD0001784,CUST00402,09-06-2023,Returned,Net Banking,5,222708.27,Medininagar,Chhattisgarh
ORD0001785,CUST00402,16-09-2023,Delivered,UPI,15,22415.06,Medininagar,Chhattisgarh
ORD0001786,CUST00402,06-11-2023,Delivered,UPI,0,10172.64,Medininagar,Chhattisgarh
ORD0001787,CUST00402,12-05-2024,Delivered,UPI,10,681.08,Medininagar,Chhattisgarh
ORD0001788,CUST00402,07-07-2023,Delivered,Debit Card,0,66174.82,Medininagar,Chhattisgarh
ORD0001789,CUST00402,13-12-2023,Delivered,Credit Card,5,10021.09,Medininagar,Chhattisgarh
ORD0001790,CUST00403,11-02-2024,Delivered,Net Banking,10,25033.56,Alwar,Rajasthan
ORD0001791,CUST00403,01-03-2024,Delivered,UPI,5,16430.28,Alwar,Rajasthan
ORD0001792,CUST00403,05-05-2024,Delivered,Credit Card,0,89227.76,Alwar,Rajasthan
ORD0001793,CUST00403,19-06-2024,Delivered,Credit Card,0,6078.98,Alwar,Rajasthan
ORD0001794,CUST00404,29-10-2023,Delivered,UPI,0,213027.4,Surat,Himachal Pradesh
ORD0001795,CUST00404,15-02-2023,Delivered,Net Banking,10,121387.46,Surat,Himachal Pradesh
ORD0001796,CUST00404,22-04-2022,Delivered,Debit Card,0,50293.82,Surat,Himachal Pradesh
ORD0001797,CUST00405,05-07-2023,Shipped,COD,20,1362.53,Bardhaman,Assam
ORD0001798,CUST00406,29-05-2024,Shipped,Debit Card,10,55698.68,Navi Mumbai,Karnataka
ORD0001799,CUST00406,29-05-2024,Delivered,Credit Card,5,27651.35,Navi Mumbai,Karnataka
ORD0001800,CUST00406,25-05-2024,Shipped,UPI,0,131122.14,Navi Mumbai,Karnataka
ORD0001801,CUST00406,28-06-2024,Delivered,UPI,10,61215.07,Navi Mumbai,Karnataka
ORD0001802,CUST00406,21-05-2024,Delivered,Credit Card,0,40668.27,Navi Mumbai,Karnataka
ORD0001803,CUST00407,05-01-2023,Shipped,UPI,0,11254.92,Madhyamgram,Nagaland
ORD0001804,CUST00408,09-06-2023,Delivered,UPI,0,14927.26,Orai,Gujarat
ORD0001805,CUST00409,07-12-2023,Delivered,Net Banking,5,35424.9,Khora ,Himachal Pradesh
ORD0001806,CUST00409,13-12-2023,Shipped,UPI,0,206613.33,Khora ,Himachal Pradesh
ORD0001807,CUST00409,11-12-2023,Returned,Credit Card,5,3281.68,Khora ,Himachal Pradesh
ORD0001808,CUST00409,02-08-2023,Delivered,Credit Card,0,45117.15,Khora ,Himachal Pradesh
ORD0001809,CUST00409,22-07-2023,Delivered,Wallet,20,19762.41,Khora ,Himachal Pradesh
ORD0001810,CUST00409,07-07-2023,Delivered,Debit Card,10,123753.24,Khora ,Himachal Pradesh
ORD0001811,CUST00409,02-12-2023,Delivered,Credit Card,0,3104.5,Khora ,Himachal Pradesh
ORD0001812,CUST00409,24-11-2023,Processing,UPI,5,34077.68,Khora ,Himachal Pradesh
ORD0001813,CUST00409,02-02-2024,Delivered,UPI,5,25956.48,Khora ,Himachal Pradesh
ORD0001814,CUST00409,30-11-2023,Delivered,Credit Card,0,60019.61,Khora ,Himachal Pradesh
ORD0001815,CUST00409,19-03-2024,Delivered,Net Banking,5,2993.93,Khora ,Himachal Pradesh
ORD0001816,CUST00409,29-05-2024,Delivered,Debit Card,0,3052.17,Khora ,Himachal Pradesh
ORD0001817,CUST00409,28-07-2023,Delivered,Credit Card,15,27166.04,Khora ,Himachal Pradesh
ORD0001818,CUST00409,06-05-2023,Returned,Credit Card,0,476.24,Khora ,Himachal Pradesh
ORD0001819,CUST00409,07-06-2023,Shipped,UPI,10,29027.29,Khora ,Himachal Pradesh
ORD0001820,CUST00409,11-09-2023,Delivered,Credit Card,0,12030.75,Khora ,Himachal Pradesh
ORD0001821,CUST00410,10-04-2024,Delivered,Debit Card,20,37452.55,Tiruvottiyur,Rajasthan
ORD0001822,CUST00411,01-05-2024,Returned,UPI,0,20002.99,Miryalaguda,Tamil Nadu
ORD0001823,CUST00411,20-09-2022,Delivered,Debit Card,10,14093.96,Miryalaguda,Tamil Nadu
ORD0001824,CUST00411,14-10-2022,Delivered,UPI,10,8627.71,Miryalaguda,Tamil Nadu
ORD0001825,CUST00411,10-04-2024,Shipped,Credit Card,10,59137.98,Miryalaguda,Tamil Nadu
ORD0001826,CUST00411,01-07-2022,Delivered,Credit Card,0,7315.19,Miryalaguda,Tamil Nadu
ORD0001827,CUST00411,13-04-2024,Delivered,UPI,10,10564.34,Miryalaguda,Tamil Nadu
ORD0001828,CUST00411,11-09-2023,Delivered,Credit Card,20,85542.9,Miryalaguda,Tamil Nadu
ORD0001829,CUST00411,19-08-2023,Delivered,UPI,5,34072.61,Miryalaguda,Tamil Nadu
ORD0001830,CUST00411,29-06-2022,Delivered,UPI,15,10599.76,Miryalaguda,Tamil Nadu
ORD0001831,CUST00411,11-04-2024,Delivered,Credit Card,5,27252.48,Miryalaguda,Tamil Nadu
ORD0001832,CUST00411,27-07-2023,Processing,UPI,5,10098.6,Miryalaguda,Tamil Nadu
ORD0001833,CUST00411,02-01-2023,Shipped,Credit Card,5,31478.17,Miryalaguda,Tamil Nadu
ORD0001834,CUST00412,11-11-2022,Shipped,UPI,25,47566.3,Nellore,Manipur
ORD0001835,CUST00412,23-11-2022,Delivered,Credit Card,5,2650.99,Nellore,Manipur
ORD0001836,CUST00412,12-12-2022,Shipped,Credit Card,15,31683.82,Nellore,Manipur
ORD0001837,CUST00412,18-10-2022,Delivered,Credit Card,0,95080.52,Nellore,Manipur
ORD0001838,CUST00412,24-11-2022,Delivered,UPI,5,8105.06,Nellore,Manipur
ORD0001839,CUST00412,24-03-2024,Delivered,Credit Card,0,219670.34,Nellore,Manipur
ORD0001840,CUST00412,16-11-2023,Shipped,Wallet,0,36749.46,Nellore,Manipur
ORD0001841,CUST00412,13-10-2023,Delivered,UPI,5,20087.67,Nellore,Manipur
ORD0001842,CUST00412,29-11-2023,Delivered,Debit Card,5,11368.88,Nellore,Manipur
ORD0001843,CUST00412,01-02-2023,Delivered,UPI,10,26566.14,Nellore,Manipur
ORD0001844,CUST00413,22-02-2024,Delivered,UPI,5,51868.4,Thiruvananthapuram,Uttarakhand
ORD0001845,CUST00414,28-02-2024,Delivered,UPI,20,148581.15,Nagaon,Telangana
ORD0001846,CUST00414,23-07-2023,Delivered,UPI,5,8897.24,Nagaon,Telangana
ORD0001847,CUST00414,12-10-2023,Cancelled,Net Banking,5,29789.28,Nagaon,Telangana
ORD0001848,CUST00414,08-10-2023,Shipped,Debit Card,20,2161.9,Nagaon,Telangana
ORD0001849,CUST00414,21-03-2024,Delivered,Net Banking,0,2601.32,Nagaon,Telangana
ORD0001850,CUST00414,22-03-2024,Delivered,UPI,15,2691.78,Nagaon,Telangana
ORD0001851,CUST00414,01-05-2023,Delivered,UPI,0,60687.73,Nagaon,Telangana
ORD0001852,CUST00414,08-03-2024,Delivered,UPI,15,3894.54,Nagaon,Telangana
ORD0001853,CUST00414,06-05-2024,Delivered,Debit Card,10,6182.91,Nagaon,Telangana
ORD0001854,CUST00415,25-06-2024,Delivered,Debit Card,10,44070.49,Rajahmundry,Arunachal Pradesh
ORD0001855,CUST00416,27-01-2024,Delivered,COD,10,3116.18,Bijapur,Assam
ORD0001856,CUST00417,08-05-2024,Delivered,Debit Card,20,15619.79,Ghaziabad,Punjab
ORD0001857,CUST00418,15-06-2024,Delivered,COD,5,87318.43,Pimpri-Chinchwad,Nagaland
ORD0001858,CUST00418,11-04-2022,Delivered,Credit Card,10,1776.84,Pimpri-Chinchwad,Nagaland
ORD0001859,CUST00418,22-09-2023,Delivered,UPI,20,132457.13,Pimpri-Chinchwad,Nagaland
ORD0001860,CUST00418,10-02-2022,Shipped,Debit Card,0,13470.68,Pimpri-Chinchwad,Nagaland
ORD0001861,CUST00418,11-03-2023,Delivered,COD,0,5296.08,Pimpri-Chinchwad,Nagaland
ORD0001862,CUST00418,30-12-2023,Delivered,Credit Card,0,33830.01,Pimpri-Chinchwad,Nagaland
ORD0001863,CUST00418,19-05-2022,Delivered,UPI,0,957.72,Pimpri-Chinchwad,Nagaland
ORD0001864,CUST00418,26-03-2023,Delivered,UPI,25,25208.13,Pimpri-Chinchwad,Nagaland
ORD0001865,CUST00418,02-01-2024,Delivered,Debit Card,10,1050.33,Pimpri-Chinchwad,Nagaland
ORD0001866,CUST00418,15-04-2023,Delivered,Debit Card,15,10220.98,Pimpri-Chinchwad,Nagaland
ORD0001867,CUST00418,29-05-2024,Shipped,UPI,0,86404.52,Pimpri-Chinchwad,Nagaland
ORD0001868,CUST00418,15-10-2022,Cancelled,Credit Card,5,1478.24,Pimpri-Chinchwad,Nagaland
ORD0001869,CUST00419,24-06-2024,Delivered,UPI,5,39577.12,Indore,Manipur
ORD0001870,CUST00419,13-04-2024,Delivered,UPI,10,6963.79,Indore,Manipur
ORD0001871,CUST00419,12-12-2022,Shipped,Wallet,0,49436.78,Indore,Manipur
ORD0001872,CUST00419,03-03-2024,Delivered,Wallet,5,54507.13,Indore,Manipur
ORD0001873,CUST00419,11-11-2022,Cancelled,Credit Card,10,30320.14,Indore,Manipur
ORD0001874,CUST00419,10-12-2022,Cancelled,Credit Card,10,23184.68,Indore,Manipur
ORD0001875,CUST00419,03-07-2022,Delivered,Credit Card,0,19675.24,Indore,Manipur
ORD0001876,CUST00419,04-02-2023,Delivered,UPI,0,14175.56,Indore,Manipur
ORD0001877,CUST00419,08-07-2023,Cancelled,Debit Card,20,49254.98,Indore,Manipur
ORD0001878,CUST00419,14-12-2022,Shipped,COD,0,6239.82,Indore,Manipur
ORD0001879,CUST00420,01-06-2024,Delivered,UPI,15,8675.17,Durgapur,Uttar Pradesh
ORD0001880,CUST00420,25-10-2023,Cancelled,UPI,15,46408.57,Durgapur,Uttar Pradesh
ORD0001881,CUST00420,13-11-2023,Delivered,Debit Card,15,22436.3,Durgapur,Uttar Pradesh
ORD0001882,CUST00421,21-04-2024,Delivered,Net Banking,10,57255.16,Howrah,Haryana
ORD0001883,CUST00421,10-05-2024,Processing,Debit Card,0,11882.12,Howrah,Haryana
ORD0001884,CUST00422,07-06-2024,Delivered,COD,10,861.95,Ozhukarai,Goa
ORD0001885,CUST00423,17-12-2022,Cancelled,UPI,10,19651.52,Chennai,Kerala
ORD0001886,CUST00423,21-12-2023,Delivered,COD,15,69612.86,Chennai,Kerala
ORD0001887,CUST00423,16-02-2024,Delivered,UPI,0,98678.58,Chennai,Kerala
ORD0001888,CUST00423,08-03-2024,Delivered,Debit Card,10,14716.19,Chennai,Kerala
ORD0001889,CUST00423,20-06-2023,Cancelled,Credit Card,15,19413.45,Chennai,Kerala
ORD0001890,CUST00423,18-04-2023,Delivered,UPI,0,21504.79,Chennai,Kerala
ORD0001891,CUST00424,14-06-2024,Returned,Net Banking,10,9781.51,Akola,Karnataka
ORD0001892,CUST00424,21-04-2024,Delivered,Debit Card,15,3625.95,Akola,Karnataka
ORD0001893,CUST00424,17-05-2024,Shipped,UPI,0,6239.82,Akola,Karnataka
ORD0001894,CUST00424,18-03-2024,Delivered,Debit Card,0,39831.03,Akola,Karnataka
ORD0001895,CUST00424,29-05-2024,Delivered,UPI,0,99380.8,Akola,Karnataka
ORD0001896,CUST00424,04-06-2024,Delivered,Wallet,10,77708.21,Akola,Karnataka
ORD0001897,CUST00424,12-05-2024,Delivered,COD,5,97484.79,Akola,Karnataka
ORD0001898,CUST00424,16-05-2024,Delivered,Net Banking,0,11326.86,Akola,Karnataka
ORD0001899,CUST00424,30-03-2024,Delivered,Credit Card,5,78148.46,Akola,Karnataka
ORD0001900,CUST00424,01-03-2024,Delivered,Credit Card,0,200235.09,Akola,Karnataka
ORD0001901,CUST00424,15-06-2024,Returned,UPI,15,23218.4,Akola,Karnataka
ORD0001902,CUST00424,23-06-2024,Delivered,UPI,5,42562.83,Akola,Karnataka
ORD0001903,CUST00425,28-11-2022,Shipped,UPI,10,33111.12,Hajipur,Uttar Pradesh
ORD0001904,CUST00425,09-08-2023,Delivered,COD,0,95080.52,Hajipur,Uttar Pradesh
ORD0001905,CUST00425,17-11-2023,Delivered,UPI,15,12962.61,Hajipur,Uttar Pradesh
ORD0001906,CUST00425,11-06-2024,Delivered,UPI,5,85779.16,Hajipur,Uttar Pradesh
ORD0001907,CUST00425,31-08-2022,Cancelled,Credit Card,10,61203.32,Hajipur,Uttar Pradesh
ORD0001908,CUST00426,06-06-2024,Delivered,UPI,10,565.92,Jalgaon,Karnataka
ORD0001909,CUST00426,23-02-2024,Shipped,Wallet,15,79279.39,Jalgaon,Karnataka
ORD0001910,CUST00426,21-05-2024,Delivered,UPI,10,30048.88,Jalgaon,Karnataka
ORD0001911,CUST00426,01-02-2024,Returned,Net Banking,0,3032.39,Jalgaon,Karnataka
ORD0001912,CUST00426,24-05-2024,Delivered,UPI,0,34854.63,Jalgaon,Karnataka
ORD0001913,CUST00426,09-04-2024,Delivered,Net Banking,10,28534.77,Jalgaon,Karnataka
ORD0001914,CUST00426,25-06-2024,Returned,COD,0,2699.19,Jalgaon,Karnataka
ORD0001915,CUST00426,05-03-2024,Shipped,UPI,15,58317.55,Jalgaon,Karnataka
ORD0001916,CUST00427,10-08-2023,Shipped,UPI,10,2707.09,Mangalore,Karnataka
ORD0001917,CUST00427,25-05-2023,Delivered,Credit Card,10,3510.68,Mangalore,Karnataka
ORD0001918,CUST00427,19-11-2023,Delivered,UPI,20,39658.46,Mangalore,Karnataka
ORD0001919,CUST00427,10-11-2023,Returned,Credit Card,15,49500.27,Mangalore,Karnataka
ORD0001920,CUST00427,04-03-2024,Delivered,COD,5,37634.86,Mangalore,Karnataka
ORD0001921,CUST00427,12-03-2024,Delivered,COD,0,2543.16,Mangalore,Karnataka
ORD0001922,CUST00428,11-11-2023,Delivered,UPI,5,36456.84,Burhanpur,Odisha
ORD0001923,CUST00429,15-04-2024,Delivered,Wallet,5,75923.88,Bhind,Maharashtra
ORD0001924,CUST00429,06-03-2024,Cancelled,UPI,5,130021.34,Bhind,Maharashtra
ORD0001925,CUST00429,15-06-2024,Delivered,UPI,0,6087.39,Bhind,Maharashtra
ORD0001926,CUST00429,13-04-2024,Delivered,Credit Card,25,177003.58,Bhind,Maharashtra
ORD0001927,CUST00429,02-04-2024,Returned,Net Banking,5,79046.14,Bhind,Maharashtra
ORD0001928,CUST00430,08-10-2022,Shipped,UPI,0,53012.75,Ambattur,Bihar
ORD0001929,CUST00430,02-07-2023,Delivered,UPI,5,190070.96,Ambattur,Bihar
ORD0001930,CUST00430,22-04-2022,Shipped,UPI,10,145962.18,Ambattur,Bihar
ORD0001931,CUST00431,20-07-2023,Delivered,Debit Card,0,540.59,Ichalkaranji,Uttarakhand
ORD0001932,CUST00431,19-12-2023,Delivered,UPI,0,48268.45,Ichalkaranji,Uttarakhand
ORD0001933,CUST00432,28-04-2023,Delivered,Credit Card,15,146838.25,Guwahati,Karnataka
ORD0001934,CUST00433,13-07-2023,Delivered,Credit Card,0,6869.9,Khandwa,Sikkim
ORD0001935,CUST00434,19-09-2023,Delivered,UPI,0,13379.93,Maheshtala,Meghalaya
ORD0001936,CUST00434,23-06-2024,Returned,UPI,0,81467.18,Maheshtala,Meghalaya
ORD0001937,CUST00434,25-03-2024,Delivered,Credit Card,0,18062.05,Maheshtala,Meghalaya
ORD0001938,CUST00434,29-12-2023,Delivered,UPI,20,15706.73,Maheshtala,Meghalaya
ORD0001939,CUST00434,22-01-2023,Returned,UPI,10,33750.76,Maheshtala,Meghalaya
ORD0001940,CUST00434,06-11-2023,Delivered,Debit Card,0,12248.44,Maheshtala,Meghalaya
ORD0001941,CUST00434,02-12-2023,Delivered,Net Banking,20,118678.63,Maheshtala,Meghalaya
ORD0001942,CUST00434,16-07-2023,Delivered,Credit Card,5,92114.39,Maheshtala,Meghalaya
ORD0001943,CUST00435,14-11-2023,Delivered,Credit Card,0,37109.94,Muzaffarpur,Jharkhand
ORD0001944,CUST00436,14-06-2022,Delivered,Net Banking,0,31715.32,Tiruppur,Jharkhand
ORD0001945,CUST00437,27-05-2024,Cancelled,Credit Card,10,69661.48,Jaunpur,Manipur
ORD0001946,CUST00437,10-06-2024,Delivered,Debit Card,5,29578.14,Jaunpur,Manipur
ORD0001947,CUST00437,22-05-2024,Returned,Credit Card,0,46048.99,Jaunpur,Manipur
ORD0001948,CUST00438,10-08-2023,Delivered,UPI,0,17364.17,Jehanabad,Bihar
ORD0001949,CUST00439,12-10-2023,Shipped,Credit Card,0,70167.43,Alappuzha,Manipur
ORD0001950,CUST00439,27-01-2024,Delivered,Debit Card,0,44606.1,Alappuzha,Manipur
ORD0001951,CUST00439,15-03-2024,Delivered,Credit Card,20,8371.68,Alappuzha,Manipur
ORD0001952,CUST00439,12-11-2022,Cancelled,Debit Card,0,12734.56,Alappuzha,Manipur
ORD0001953,CUST00439,29-03-2024,Cancelled,Net Banking,0,45915.64,Alappuzha,Manipur
ORD0001954,CUST00439,14-09-2023,Delivered,UPI,25,17897.47,Alappuzha,Manipur
ORD0001955,CUST00439,29-12-2022,Delivered,Credit Card,0,18506.35,Alappuzha,Manipur
ORD0001956,CUST00439,16-05-2023,Shipped,Net Banking,10,112423.97,Alappuzha,Manipur
ORD0001957,CUST00439,19-12-2023,Delivered,UPI,5,36450.7,Alappuzha,Manipur
ORD0001958,CUST00440,09-02-2023,Delivered,COD,5,3896.75,Khammam,Sikkim
ORD0001959,CUST00440,07-08-2023,Delivered,Debit Card,0,1257.6,Khammam,Sikkim
ORD0001960,CUST00441,25-07-2023,Delivered,COD,0,3662.92,Deoghar,Telangana
ORD0001961,CUST00442,16-05-2024,Delivered,Credit Card,10,670.77,Raiganj,Arunachal Pradesh
ORD0001962,CUST00442,26-04-2024,Delivered,Credit Card,10,50095.71,Raiganj,Arunachal Pradesh
ORD0001963,CUST00442,25-03-2024,Delivered,UPI,10,14002.15,Raiganj,Arunachal Pradesh
ORD0001964,CUST00442,26-06-2024,Delivered,COD,10,14212.27,Raiganj,Arunachal Pradesh
ORD0001965,CUST00442,23-06-2024,Delivered,Debit Card,0,4392.21,Raiganj,Arunachal Pradesh
ORD0001966,CUST00442,21-02-2024,Delivered,UPI,0,4030.96,Raiganj,Arunachal Pradesh
ORD0001967,CUST00442,19-05-2024,Cancelled,UPI,15,78363.03,Raiganj,Arunachal Pradesh
ORD0001968,CUST00442,03-02-2024,Delivered,COD,0,11671.56,Raiganj,Arunachal Pradesh
ORD0001969,CUST00442,10-05-2024,Shipped,Credit Card,0,81897.48,Raiganj,Arunachal Pradesh
ORD0001970,CUST00442,29-06-2024,Returned,Debit Card,5,12513.12,Raiganj,Arunachal Pradesh
ORD0001971,CUST00442,20-05-2024,Delivered,UPI,5,84698.39,Raiganj,Arunachal Pradesh
ORD0001972,CUST00442,26-02-2024,Delivered,COD,0,27237.58,Raiganj,Arunachal Pradesh
ORD0001973,CUST00442,26-06-2024,Cancelled,Wallet,0,19112.88,Raiganj,Arunachal Pradesh
ORD0001974,CUST00443,17-02-2024,Processing,Net Banking,15,179653.88,Rourkela,Arunachal Pradesh
ORD0001975,CUST00443,01-03-2023,Shipped,Credit Card,5,4149.66,Rourkela,Arunachal Pradesh
ORD0001976,CUST00444,28-01-2024,Returned,UPI,0,68642.35,Rewa,Rajasthan
ORD0001977,CUST00444,06-03-2024,Delivered,UPI,10,9360.41,Rewa,Rajasthan
ORD0001978,CUST00444,24-11-2023,Delivered,UPI,0,64651.19,Rewa,Rajasthan
ORD0001979,CUST00444,06-12-2023,Returned,UPI,0,120962.9,Rewa,Rajasthan
ORD0001980,CUST00444,07-12-2023,Returned,Net Banking,0,7261.31,Rewa,Rajasthan
ORD0001981,CUST00444,13-01-2024,Delivered,Wallet,0,497.1,Rewa,Rajasthan
ORD0001982,CUST00444,29-05-2024,Delivered,Credit Card,10,269360.85,Rewa,Rajasthan
ORD0001983,CUST00445,19-02-2023,Delivered,UPI,5,3629.33,Jorhat,Uttar Pradesh
ORD0001984,CUST00445,02-07-2023,Delivered,Credit Card,5,19122.36,Jorhat,Uttar Pradesh
ORD0001985,CUST00446,15-03-2022,Delivered,Debit Card,10,537873.55,Ambala,Odisha
ORD0001986,CUST00447,08-12-2023,Processing,UPI,20,4837.44,Kurnool,Rajasthan
ORD0001987,CUST00447,03-10-2023,Delivered,Credit Card,25,7616.54,Kurnool,Rajasthan
ORD0001988,CUST00447,31-08-2023,Delivered,Credit Card,15,5500.35,Kurnool,Rajasthan
ORD0001989,CUST00448,03-04-2024,Shipped,UPI,5,166622.12,Kulti,Uttar Pradesh
ORD0001990,CUST00448,13-09-2023,Returned,Debit Card,0,3452.18,Kulti,Uttar Pradesh
ORD0001991,CUST00449,09-01-2024,Delivered,Credit Card,0,783.44,Noida,Mizoram
ORD0001992,CUST00449,09-07-2023,Delivered,Credit Card,0,13540.52,Noida,Mizoram
ORD0001993,CUST00450,03-05-2024,Delivered,Credit Card,0,3128.92,Sikar,Madhya Pradesh
ORD0001994,CUST00450,28-10-2023,Delivered,Credit Card,15,14125.3,Sikar,Madhya Pradesh
ORD0001995,CUST00450,09-01-2024,Shipped,COD,0,36035.31,Sikar,Madhya Pradesh
ORD0001996,CUST00450,24-03-2024,Delivered,UPI,0,981.96,Sikar,Madhya Pradesh
ORD0001997,CUST00450,21-04-2024,Delivered,Credit Card,5,11636.02,Sikar,Madhya Pradesh
ORD0001998,CUST00450,17-11-2023,Processing,UPI,20,1209.36,Sikar,Madhya Pradesh
ORD0001999,CUST00450,25-12-2023,Cancelled,UPI,15,8646.74,Sikar,Madhya Pradesh
ORD0002000,CUST00451,12-06-2023,Delivered,UPI,5,2875.65,Bardhaman,Madhya Pradesh
ORD0002001,CUST00452,01-03-2024,Delivered,Credit Card,0,5296.08,Machilipatnam,Maharashtra
ORD0002002,CUST00452,07-12-2023,Delivered,Credit Card,0,11033.4,Machilipatnam,Maharashtra
ORD0002003,CUST00452,09-11-2023,Delivered,UPI,0,19311.11,Machilipatnam,Maharashtra
ORD0002004,CUST00452,01-09-2023,Delivered,UPI,0,9629.27,Machilipatnam,Maharashtra
ORD0002005,CUST00452,26-01-2024,Delivered,COD,20,25956.64,Machilipatnam,Maharashtra
ORD0002006,CUST00452,26-12-2023,Delivered,Debit Card,5,20429.55,Machilipatnam,Maharashtra
ORD0002007,CUST00452,04-09-2023,Delivered,Credit Card,0,29736.37,Machilipatnam,Maharashtra
ORD0002008,CUST00452,22-05-2024,Cancelled,Debit Card,5,252287.51,Machilipatnam,Maharashtra
ORD0002009,CUST00453,11-11-2022,Delivered,COD,15,1657.82,Arrah,Tamil Nadu
ORD0002010,CUST00453,30-12-2023,Delivered,Credit Card,10,17168.6,Arrah,Tamil Nadu
ORD0002011,CUST00453,30-10-2022,Delivered,Credit Card,5,19281.26,Arrah,Tamil Nadu
ORD0002012,CUST00453,28-07-2023,Delivered,UPI,10,142082.71,Arrah,Tamil Nadu
ORD0002013,CUST00454,14-04-2024,Delivered,COD,5,16528.73,Ahmedabad,Bihar
ORD0002014,CUST00454,29-12-2022,Delivered,UPI,5,99721.6,Ahmedabad,Bihar
ORD0002015,CUST00454,27-09-2023,Delivered,UPI,5,53562.06,Ahmedabad,Bihar
ORD0002016,CUST00455,25-06-2024,Returned,UPI,0,27982.88,Chapra,Tripura
ORD0002017,CUST00455,03-10-2023,Delivered,Debit Card,5,98252.31,Chapra,Tripura
ORD0002018,CUST00455,17-10-2023,Returned,COD,0,24577.66,Chapra,Tripura
ORD0002019,CUST00455,19-11-2023,Delivered,COD,15,21130.64,Chapra,Tripura
ORD0002020,CUST00455,02-11-2022,Delivered,Net Banking,25,1938.5,Chapra,Tripura
ORD0002021,CUST00455,02-06-2024,Delivered,UPI,0,25784.4,Chapra,Tripura
ORD0002022,CUST00455,14-01-2023,Delivered,UPI,5,25941.53,Chapra,Tripura
ORD0002023,CUST00455,27-01-2023,Shipped,UPI,15,5918.32,Chapra,Tripura
ORD0002024,CUST00455,30-11-2022,Delivered,UPI,0,3876.99,Chapra,Tripura
ORD0002025,CUST00456,27-05-2024,Processing,Credit Card,0,12429.79,Dindigul,Goa
ORD0002026,CUST00456,06-04-2024,Delivered,Wallet,20,160940.22,Dindigul,Goa
ORD0002027,CUST00457,29-03-2023,Cancelled,UPI,0,8086.41,Rourkela,Assam
ORD0002028,CUST00457,14-10-2023,Delivered,Credit Card,15,166606.5,Rourkela,Assam
ORD0002029,CUST00457,16-03-2024,Returned,Credit Card,15,20983.71,Rourkela,Assam
ORD0002030,CUST00457,23-10-2022,Delivered,COD,10,251437.47,Rourkela,Assam
ORD0002031,CUST00457,04-09-2023,Delivered,Credit Card,5,58588.02,Rourkela,Assam
ORD0002032,CUST00457,08-08-2023,Shipped,Wallet,0,28514.81,Rourkela,Assam
ORD0002033,CUST00458,05-05-2024,Delivered,Credit Card,10,2445.15,Jalandhar,Gujarat
ORD0002034,CUST00459,05-10-2023,Delivered,UPI,0,6748.24,Bathinda,Uttar Pradesh
ORD0002035,CUST00459,10-10-2023,Delivered,Credit Card,0,11802.64,Bathinda,Uttar Pradesh
ORD0002036,CUST00459,25-04-2024,Delivered,UPI,5,2850.42,Bathinda,Uttar Pradesh
ORD0002037,CUST00459,26-05-2024,Delivered,COD,0,897.95,Bathinda,Uttar Pradesh
ORD0002038,CUST00459,05-04-2024,Cancelled,UPI,5,222112.52,Bathinda,Uttar Pradesh
ORD0002039,CUST00459,10-12-2023,Cancelled,UPI,0,30768.42,Bathinda,Uttar Pradesh
ORD0002040,CUST00459,10-12-2023,Delivered,UPI,0,418228.99,Bathinda,Uttar Pradesh
ORD0002041,CUST00459,04-02-2024,Delivered,Credit Card,5,5190.36,Bathinda,Uttar Pradesh
ORD0002042,CUST00459,15-10-2023,Shipped,COD,10,7277.77,Bathinda,Uttar Pradesh
ORD0002043,CUST00459,17-03-2024,Delivered,UPI,20,3713.95,Bathinda,Uttar Pradesh
ORD0002044,CUST00460,15-01-2024,Delivered,Debit Card,15,9140.23,Pondicherry,Andhra Pradesh
ORD0002045,CUST00461,07-07-2023,Delivered,UPI,5,30148.16,Saharsa,Odisha
ORD0002046,CUST00461,11-03-2023,Delivered,UPI,0,242358.59,Saharsa,Odisha
ORD0002047,CUST00461,07-06-2022,Processing,Credit Card,0,5799.5,Saharsa,Odisha
ORD0002048,CUST00461,27-02-2023,Shipped,Credit Card,10,12562.33,Saharsa,Odisha
ORD0002049,CUST00461,07-06-2024,Delivered,Credit Card,5,3515.73,Saharsa,Odisha
ORD0002050,CUST00461,21-05-2024,Returned,COD,0,21450.54,Saharsa,Odisha
ORD0002051,CUST00461,15-01-2023,Processing,Credit Card,10,100042.4,Saharsa,Odisha
ORD0002052,CUST00461,13-10-2023,Delivered,Credit Card,15,179236.26,Saharsa,Odisha
ORD0002053,CUST00461,01-07-2023,Shipped,COD,0,38345.36,Saharsa,Odisha
ORD0002054,CUST00462,18-06-2024,Delivered,COD,15,8604.01,Nanded,Karnataka
ORD0002055,CUST00462,25-04-2024,Delivered,Debit Card,0,32412.92,Nanded,Karnataka
ORD0002056,CUST00463,17-04-2024,Delivered,Credit Card,0,43243.81,Muzaffarpur,Haryana
ORD0002057,CUST00464,28-05-2024,Delivered,UPI,0,33027.22,Ghaziabad,Odisha
ORD0002058,CUST00465,01-03-2024,Returned,UPI,20,33508.32,Panchkula,Sikkim
ORD0002059,CUST00466,19-02-2024,Delivered,Credit Card,0,36332.76,Bhagalpur,West Bengal
ORD0002060,CUST00466,26-06-2022,Delivered,UPI,15,26412.39,Bhagalpur,West Bengal
ORD0002061,CUST00466,27-01-2023,Delivered,UPI,10,59322.81,Bhagalpur,West Bengal
ORD0002062,CUST00466,08-12-2023,Cancelled,Debit Card,20,2849.78,Bhagalpur,West Bengal
ORD0002063,CUST00466,19-12-2023,Cancelled,UPI,10,241583.69,Bhagalpur,West Bengal
ORD0002064,CUST00466,19-07-2022,Returned,Net Banking,5,23605.75,Bhagalpur,West Bengal
ORD0002065,CUST00466,12-02-2023,Delivered,Debit Card,0,160518.49,Bhagalpur,West Bengal
ORD0002066,CUST00466,31-12-2023,Delivered,UPI,10,906.97,Bhagalpur,West Bengal
ORD0002067,CUST00466,21-11-2023,Returned,Debit Card,5,39805.95,Bhagalpur,West Bengal
ORD0002068,CUST00466,20-11-2022,Cancelled,UPI,0,567.72,Bhagalpur,West Bengal
ORD0002069,CUST00466,13-03-2024,Delivered,Debit Card,5,796.59,Bhagalpur,West Bengal
ORD0002070,CUST00467,26-10-2023,Delivered,UPI,5,245867.03,Ichalkaranji,Tamil Nadu
ORD0002071,CUST00467,24-02-2023,Delivered,Credit Card,15,17932.48,Ichalkaranji,Tamil Nadu
ORD0002072,CUST00467,09-08-2023,Delivered,Debit Card,5,1120.6,Ichalkaranji,Tamil Nadu
ORD0002073,CUST00467,29-03-2023,Cancelled,UPI,5,38670.39,Ichalkaranji,Tamil Nadu
ORD0002074,CUST00467,10-09-2023,Returned,Debit Card,5,185930.87,Ichalkaranji,Tamil Nadu
ORD0002075,CUST00467,06-12-2023,Delivered,Credit Card,0,137331.12,Ichalkaranji,Tamil Nadu
ORD0002076,CUST00467,01-05-2024,Delivered,Debit Card,0,299591.31,Ichalkaranji,Tamil Nadu
ORD0002077,CUST00467,02-09-2023,Returned,Debit Card,10,3913.52,Ichalkaranji,Tamil Nadu
ORD0002078,CUST00467,15-12-2023,Delivered,Wallet,0,7124.4,Ichalkaranji,Tamil Nadu
ORD0002079,CUST00467,02-11-2023,Delivered,UPI,20,7797.57,Ichalkaranji,Tamil Nadu
ORD0002080,CUST00467,10-09-2023,Delivered,Credit Card,5,159978.04,Ichalkaranji,Tamil Nadu
ORD0002081,CUST00467,22-12-2023,Cancelled,Net Banking,15,29842.8,Ichalkaranji,Tamil Nadu
ORD0002082,CUST00467,12-02-2024,Delivered,Debit Card,20,11173.6,Ichalkaranji,Tamil Nadu
ORD0002083,CUST00467,29-04-2023,Shipped,Credit Card,20,77775.3,Ichalkaranji,Tamil Nadu
ORD0002084,CUST00467,30-10-2023,Cancelled,UPI,0,231179.02,Ichalkaranji,Tamil Nadu
ORD0002085,CUST00468,07-12-2023,Delivered,COD,20,116486.03,Bangalore,Kerala
ORD0002086,CUST00468,26-06-2023,Shipped,UPI,0,42859.39,Bangalore,Kerala
ORD0002087,CUST00468,14-04-2024,Delivered,Debit Card,15,139653.61,Bangalore,Kerala
ORD0002088,CUST00468,20-03-2024,Cancelled,UPI,0,9344.26,Bangalore,Kerala
ORD0002089,CUST00468,08-07-2023,Delivered,Credit Card,15,92992.06,Bangalore,Kerala
ORD0002090,CUST00468,21-06-2023,Delivered,UPI,0,115280.25,Bangalore,Kerala
ORD0002091,CUST00469,22-09-2023,Returned,UPI,20,19356.37,Visakhapatnam,Bihar
ORD0002092,CUST00469,19-11-2023,Delivered,Credit Card,15,46868.07,Visakhapatnam,Bihar
ORD0002093,CUST00469,04-01-2024,Delivered,UPI,5,46179.08,Visakhapatnam,Bihar
ORD0002094,CUST00470,25-03-2024,Cancelled,Net Banking,0,5384.09,Lucknow,Odisha
ORD0002095,CUST00470,23-02-2024,Delivered,UPI,10,25670.59,Lucknow,Odisha
ORD0002096,CUST00470,21-04-2024,Delivered,Debit Card,0,18860.3,Lucknow,Odisha
ORD0002097,CUST00470,19-01-2024,Delivered,UPI,0,3700.77,Lucknow,Odisha
ORD0002098,CUST00471,30-03-2024,Delivered,Credit Card,5,55791.92,Singrauli,Nagaland
ORD0002099,CUST00472,06-07-2022,Delivered,UPI,15,175849.32,Chandigarh,Nagaland
ORD0002100,CUST00472,02-11-2023,Delivered,Wallet,0,12405.84,Chandigarh,Nagaland
ORD0002101,CUST00472,07-03-2022,Delivered,Credit Card,0,4144.4,Chandigarh,Nagaland
ORD0002102,CUST00472,19-10-2023,Delivered,UPI,5,35054.81,Chandigarh,Nagaland
ORD0002103,CUST00473,15-06-2024,Delivered,UPI,20,19065.39,Gangtok,Meghalaya
ORD0002104,CUST00473,09-06-2024,Processing,Net Banking,15,24942.52,Gangtok,Meghalaya
ORD0002105,CUST00473,19-06-2024,Delivered,Debit Card,10,2542.96,Gangtok,Meghalaya
ORD0002106,CUST00473,20-06-2024,Delivered,UPI,10,47544.48,Gangtok,Meghalaya
ORD0002107,CUST00474,23-05-2024,Delivered,UPI,0,4521.3,Warangal,Telangana
ORD0002108,CUST00474,01-03-2024,Delivered,UPI,10,22553.87,Warangal,Telangana
ORD0002109,CUST00475,02-09-2023,Processing,COD,10,19844.06,Gurgaon,Uttarakhand
ORD0002110,CUST00476,10-12-2023,Returned,UPI,0,5678.36,Darbhanga,Chhattisgarh
ORD0002111,CUST00476,15-12-2023,Delivered,Debit Card,20,20000.45,Darbhanga,Chhattisgarh
ORD0002112,CUST00476,15-06-2024,Delivered,Net Banking,0,12797.46,Darbhanga,Chhattisgarh
ORD0002113,CUST00476,26-03-2024,Delivered,Credit Card,20,6343.06,Darbhanga,Chhattisgarh
ORD0002114,CUST00476,19-07-2023,Cancelled,Debit Card,10,9185.47,Darbhanga,Chhattisgarh
ORD0002115,CUST00476,04-12-2022,Delivered,COD,15,1261.5,Darbhanga,Chhattisgarh
ORD0002116,CUST00476,16-10-2022,Delivered,UPI,10,12570.3,Darbhanga,Chhattisgarh
ORD0002117,CUST00476,10-12-2023,Delivered,UPI,15,57040.59,Darbhanga,Chhattisgarh
ORD0002118,CUST00476,06-02-2024,Cancelled,Net Banking,5,38466.75,Darbhanga,Chhattisgarh
ORD0002119,CUST00476,10-09-2022,Shipped,UPI,15,8966.24,Darbhanga,Chhattisgarh
ORD0002120,CUST00476,28-02-2023,Delivered,UPI,0,7319.52,Darbhanga,Chhattisgarh
ORD0002121,CUST00476,22-02-2023,Delivered,Credit Card,0,8159.12,Darbhanga,Chhattisgarh
ORD0002122,CUST00476,26-10-2023,Delivered,COD,10,87946.06,Darbhanga,Chhattisgarh
ORD0002123,CUST00476,25-06-2024,Delivered,Credit Card,0,78199.38,Darbhanga,Chhattisgarh
ORD0002124,CUST00476,14-01-2023,Delivered,Credit Card,5,10384.58,Darbhanga,Chhattisgarh
ORD0002125,CUST00476,09-12-2023,Delivered,COD,20,213890.84,Darbhanga,Chhattisgarh
ORD0002126,CUST00477,14-02-2024,Delivered,UPI,0,5435.36,Suryapet,Himachal Pradesh
ORD0002127,CUST00477,24-05-2023,Delivered,Debit Card,5,15055.1,Suryapet,Himachal Pradesh
ORD0002128,CUST00477,23-11-2023,Shipped,UPI,10,6063.23,Suryapet,Himachal Pradesh
ORD0002129,CUST00477,11-03-2023,Delivered,COD,10,1163.1,Suryapet,Himachal Pradesh
ORD0002130,CUST00477,07-10-2023,Delivered,COD,0,14639.04,Suryapet,Himachal Pradesh
ORD0002131,CUST00477,08-05-2024,Delivered,Credit Card,5,7426.47,Suryapet,Himachal Pradesh
ORD0002132,CUST00478,07-08-2023,Delivered,UPI,0,8288.8,Cuttack,Chhattisgarh
ORD0002133,CUST00478,27-07-2022,Returned,Debit Card,20,5621.12,Cuttack,Chhattisgarh
ORD0002134,CUST00478,12-05-2023,Delivered,Credit Card,5,2863.49,Cuttack,Chhattisgarh
ORD0002135,CUST00478,05-03-2023,Delivered,UPI,0,127077.76,Cuttack,Chhattisgarh
ORD0002136,CUST00478,20-02-2024,Shipped,Credit Card,0,13496.48,Cuttack,Chhattisgarh
ORD0002137,CUST00478,14-08-2022,Delivered,Credit Card,10,1459.59,Cuttack,Chhattisgarh
ORD0002138,CUST00478,24-05-2024,Delivered,UPI,0,5215.64,Cuttack,Chhattisgarh
ORD0002139,CUST00478,09-04-2024,Delivered,UPI,0,43724.56,Cuttack,Chhattisgarh
ORD0002140,CUST00478,17-04-2023,Delivered,Debit Card,10,6550.51,Cuttack,Chhattisgarh
ORD0002141,CUST00479,19-06-2024,Delivered,Net Banking,20,19091.2,Chandigarh,Jharkhand
ORD0002142,CUST00479,01-06-2024,Delivered,UPI,10,3553.69,Chandigarh,Jharkhand
ORD0002143,CUST00479,28-05-2024,Returned,Wallet,0,121129.14,Chandigarh,Jharkhand
ORD0002144,CUST00480,15-01-2023,Delivered,Debit Card,15,54074.31,Mehsana,Mizoram
ORD0002145,CUST00480,14-07-2023,Delivered,UPI,5,33146.53,Mehsana,Mizoram
ORD0002146,CUST00481,25-04-2024,Delivered,UPI,25,10400.46,Aurangabad,Kerala
ORD0002147,CUST00481,16-06-2024,Delivered,Debit Card,20,130412.45,Aurangabad,Kerala
ORD0002148,CUST00481,13-06-2024,Delivered,Net Banking,15,11143.21,Aurangabad,Kerala
ORD0002149,CUST00481,27-05-2024,Delivered,Net Banking,10,120928.61,Aurangabad,Kerala
ORD0002150,CUST00481,07-05-2024,Delivered,Credit Card,0,18323.32,Aurangabad,Kerala
ORD0002151,CUST00481,11-05-2024,Delivered,UPI,0,136090.76,Aurangabad,Kerala
ORD0002152,CUST00481,01-06-2024,Delivered,Net Banking,0,1974.27,Aurangabad,Kerala
ORD0002153,CUST00481,26-04-2024,Delivered,UPI,20,3121.58,Aurangabad,Kerala
ORD0002154,CUST00481,24-05-2024,Delivered,Credit Card,15,42500.95,Aurangabad,Kerala
ORD0002155,CUST00481,27-04-2024,Delivered,Wallet,10,4583.93,Aurangabad,Kerala
ORD0002156,CUST00481,15-06-2024,Shipped,Credit Card,15,8036.35,Aurangabad,Kerala
ORD0002157,CUST00481,05-05-2024,Delivered,Credit Card,20,3713.42,Aurangabad,Kerala
ORD0002158,CUST00481,04-05-2024,Delivered,Wallet,10,300509.84,Aurangabad,Kerala
ORD0002159,CUST00481,19-05-2024,Delivered,UPI,0,10950.31,Aurangabad,Kerala
ORD0002160,CUST00482,25-02-2024,Cancelled,COD,0,208494.8,Kakinada,Andhra Pradesh
ORD0002161,CUST00482,29-12-2023,Delivered,COD,20,116967.82,Kakinada,Andhra Pradesh
ORD0002162,CUST00482,25-06-2023,Returned,Wallet,15,2281.03,Kakinada,Andhra Pradesh
ORD0002163,CUST00482,01-01-2023,Shipped,UPI,0,1484.12,Kakinada,Andhra Pradesh
ORD0002164,CUST00482,24-06-2024,Delivered,Wallet,5,23939.23,Kakinada,Andhra Pradesh
ORD0002165,CUST00482,11-07-2023,Delivered,Credit Card,0,147248.63,Kakinada,Andhra Pradesh
ORD0002166,CUST00482,09-05-2023,Returned,UPI,10,3189.03,Kakinada,Andhra Pradesh
ORD0002167,CUST00482,17-03-2024,Delivered,Debit Card,0,3470.92,Kakinada,Andhra Pradesh
ORD0002168,CUST00482,03-05-2023,Delivered,Credit Card,0,395250.02,Kakinada,Andhra Pradesh
ORD0002169,CUST00482,20-11-2023,Delivered,Net Banking,25,9755.14,Kakinada,Andhra Pradesh
ORD0002170,CUST00483,25-05-2023,Delivered,Credit Card,15,7414.35,Raichur,Andhra Pradesh
ORD0002171,CUST00483,09-07-2022,Delivered,COD,10,2624.93,Raichur,Andhra Pradesh
ORD0002172,CUST00484,16-12-2022,Delivered,UPI,0,201971.96,Bharatpur,Maharashtra
ORD0002173,CUST00484,15-01-2023,Shipped,UPI,0,59249.62,Bharatpur,Maharashtra
ORD0002174,CUST00484,21-05-2024,Delivered,COD,0,2467.18,Bharatpur,Maharashtra
ORD0002175,CUST00484,17-02-2024,Delivered,UPI,10,1061.62,Bharatpur,Maharashtra
ORD0002176,CUST00484,25-12-2023,Cancelled,UPI,0,21835.02,Bharatpur,Maharashtra
ORD0002177,CUST00484,11-11-2023,Shipped,Wallet,20,19769.65,Bharatpur,Maharashtra
ORD0002178,CUST00484,22-08-2023,Cancelled,Credit Card,0,22968.2,Bharatpur,Maharashtra
ORD0002179,CUST00484,25-06-2023,Delivered,Credit Card,5,19612.22,Bharatpur,Maharashtra
ORD0002180,CUST00484,25-02-2024,Delivered,Debit Card,25,169061.07,Bharatpur,Maharashtra
ORD0002181,CUST00484,02-04-2024,Delivered,Credit Card,0,65131.08,Bharatpur,Maharashtra
ORD0002182,CUST00484,29-01-2023,Delivered,Debit Card,10,5393.73,Bharatpur,Maharashtra
ORD0002183,CUST00484,23-11-2023,Delivered,Debit Card,0,69356.89,Bharatpur,Maharashtra
ORD0002184,CUST00485,28-02-2024,Delivered,Net Banking,10,11641.21,Bathinda,Arunachal Pradesh
ORD0002185,CUST00486,06-09-2023,Delivered,Credit Card,10,32575.33,Hapur,Mizoram
ORD0002186,CUST00486,26-01-2024,Delivered,UPI,25,27672.17,Hapur,Mizoram
ORD0002187,CUST00487,17-11-2022,Shipped,UPI,0,19112.88,Parbhani,Tripura
ORD0002188,CUST00488,24-09-2023,Delivered,Credit Card,20,51898.61,Panipat,Gujarat
ORD0002189,CUST00488,07-05-2024,Shipped,Debit Card,15,214258.92,Panipat,Gujarat
ORD0002190,CUST00488,25-02-2023,Delivered,Credit Card,10,211875.1,Panipat,Gujarat
ORD0002191,CUST00489,29-09-2022,Delivered,Net Banking,0,47448.44,Avadi,Bihar
ORD0002192,CUST00490,01-03-2024,Processing,UPI,10,120791.84,Udaipur,Himachal Pradesh
ORD0002193,CUST00490,08-02-2024,Delivered,UPI,5,43571.92,Udaipur,Himachal Pradesh
ORD0002194,CUST00490,19-04-2024,Delivered,UPI,10,229084.29,Udaipur,Himachal Pradesh
ORD0002195,CUST00490,02-04-2024,Shipped,Debit Card,20,118186.33,Udaipur,Himachal Pradesh
ORD0002196,CUST00490,14-03-2024,Delivered,UPI,5,2229.36,Udaipur,Himachal Pradesh
ORD0002197,CUST00490,31-05-2024,Delivered,Credit Card,0,6046.8,Udaipur,Himachal Pradesh
ORD0002198,CUST00490,06-02-2024,Shipped,Debit Card,0,37724.12,Udaipur,Himachal Pradesh
ORD0002199,CUST00490,22-02-2024,Cancelled,Credit Card,5,166088.04,Udaipur,Himachal Pradesh
ORD0002200,CUST00490,18-05-2024,Shipped,UPI,5,3705.11,Udaipur,Himachal Pradesh
ORD0002201,CUST00491,26-11-2022,Delivered,Wallet,5,39359.63,Bhimavaram,Madhya Pradesh
ORD0002202,CUST00492,17-01-2022,Delivered,Credit Card,5,440.91,Varanasi,Chhattisgarh
ORD0002203,CUST00493,03-01-2024,Delivered,UPI,5,2580.99,Buxar,Arunachal Pradesh
ORD0002204,CUST00493,24-02-2024,Delivered,UPI,10,21861.7,Buxar,Arunachal Pradesh
ORD0002205,CUST00494,13-08-2022,Processing,Credit Card,5,21798.17,Guntakal,Tamil Nadu
ORD0002206,CUST00495,11-03-2022,Delivered,Wallet,0,51183.46,Guntur,Himachal Pradesh
ORD0002207,CUST00495,20-03-2024,Delivered,Credit Card,15,5412.19,Guntur,Himachal Pradesh
ORD0002208,CUST00496,24-06-2024,Delivered,Credit Card,15,201733.4,Hyderabad,Uttarakhand
ORD0002209,CUST00496,30-04-2024,Delivered,Net Banking,5,231669.63,Hyderabad,Uttarakhand
ORD0002210,CUST00496,19-04-2024,Shipped,UPI,15,5361.36,Hyderabad,Uttarakhand
ORD0002211,CUST00496,10-06-2024,Delivered,UPI,5,5163.59,Hyderabad,Uttarakhand
ORD0002212,CUST00496,26-04-2024,Returned,Credit Card,15,5009.03,Hyderabad,Uttarakhand
ORD0002213,CUST00496,20-04-2024,Delivered,Debit Card,0,4247.4,Hyderabad,Uttarakhand
ORD0002214,CUST00497,07-09-2023,Delivered,UPI,15,496.65,Kurnool,Odisha
ORD0002215,CUST00498,21-04-2024,Delivered,Credit Card,15,25365.24,Jaipur,Jharkhand
ORD0002216,CUST00499,03-09-2022,Delivered,UPI,0,12506.28,Jaipur,Bihar
ORD0002217,CUST00499,19-05-2024,Delivered,UPI,5,161621.37,Jaipur,Bihar
ORD0002218,CUST00499,12-04-2024,Shipped,UPI,0,11108.16,Jaipur,Bihar
ORD0002219,CUST00499,18-08-2023,Delivered,UPI,0,175520.88,Jaipur,Bihar
ORD0002220,CUST00499,19-05-2023,Delivered,UPI,10,8906.95,Jaipur,Bihar
ORD0002221,CUST00499,20-10-2023,Cancelled,Debit Card,5,14515.79,Jaipur,Bihar
ORD0002222,CUST00499,04-03-2024,Delivered,UPI,0,2359.16,Jaipur,Bihar
ORD0002223,CUST00499,19-06-2023,Delivered,Net Banking,0,46014.87,Jaipur,Bihar
ORD0002224,CUST00499,11-05-2023,Shipped,Debit Card,5,413859.68,Jaipur,Bihar
ORD0002225,CUST00499,26-06-2023,Delivered,Debit Card,25,16302.51,Jaipur,Bihar
ORD0002226,CUST00499,18-11-2022,Returned,COD,0,179657.99,Jaipur,Bihar
ORD0002227,CUST00499,16-09-2022,Delivered,Credit Card,10,13015.45,Jaipur,Bihar
ORD0002228,CUST00499,10-09-2022,Delivered,Credit Card,0,39586.44,Jaipur,Bihar
ORD0002229,CUST00499,02-05-2024,Shipped,Debit Card,0,2910.72,Jaipur,Bihar
ORD0002230,CUST00499,20-03-2023,Returned,Net Banking,20,87357.31,Jaipur,Bihar
ORD0002231,CUST00499,09-06-2024,Delivered,UPI,0,745.3,Jaipur,Bihar
ORD0002232,CUST00500,23-12-2023,Cancelled,UPI,5,44406.11,Ujjain,Jharkhand
ORD0002233,CUST00501,25-11-2022,Delivered,Debit Card,0,58776.91,Rajahmundry,Andhra Pradesh
ORD0002234,CUST00501,02-01-2024,Delivered,UPI,5,59803.5,Rajahmundry,Andhra Pradesh
ORD0002235,CUST00501,19-11-2022,Delivered,UPI,10,3954.46,Rajahmundry,Andhra Pradesh
ORD0002236,CUST00501,19-04-2023,Delivered,Debit Card,5,46356.68,Rajahmundry,Andhra Pradesh
ORD0002237,CUST00502,16-09-2022,Delivered,Credit Card,15,9746.57,Kochi,Kerala
ORD0002238,CUST00503,26-11-2023,Delivered,Credit Card,5,10152.33,Bilaspur,Uttar Pradesh
ORD0002239,CUST00503,01-07-2022,Cancelled,Credit Card,5,5376.7,Bilaspur,Uttar Pradesh
ORD0002240,CUST00503,03-05-2023,Shipped,Debit Card,0,1318.66,Bilaspur,Uttar Pradesh
ORD0002241,CUST00503,07-04-2023,Delivered,Credit Card,0,145820.21,Bilaspur,Uttar Pradesh
ORD0002242,CUST00503,08-03-2023,Delivered,UPI,10,2705.68,Bilaspur,Uttar Pradesh
ORD0002243,CUST00503,01-06-2024,Returned,UPI,5,28647.1,Bilaspur,Uttar Pradesh
ORD0002244,CUST00503,17-11-2023,Delivered,Credit Card,20,288523.32,Bilaspur,Uttar Pradesh
ORD0002245,CUST00503,27-10-2023,Cancelled,Debit Card,5,9880.44,Bilaspur,Uttar Pradesh
ORD0002246,CUST00504,02-11-2023,Delivered,UPI,0,10548.52,Kharagpur,Kerala
ORD0002247,CUST00505,31-05-2024,Delivered,Net Banking,10,226862.39,Yamunanagar,Assam
ORD0002248,CUST00505,02-05-2024,Delivered,Credit Card,10,38073.72,Yamunanagar,Assam
ORD0002249,CUST00506,03-08-2023,Delivered,Debit Card,5,4494.08,Asansol,Uttarakhand
ORD0002250,CUST00507,10-05-2024,Delivered,Credit Card,10,7149.71,Ludhiana,Chhattisgarh
ORD0002251,CUST00508,24-10-2023,Shipped,Debit Card,0,6066.15,Baranagar,Bihar
ORD0002252,CUST00508,12-05-2024,Delivered,Credit Card,0,4076.52,Baranagar,Bihar
ORD0002253,CUST00508,23-06-2023,Delivered,Debit Card,20,3935.05,Baranagar,Bihar
ORD0002254,CUST00509,04-12-2023,Delivered,Debit Card,10,114368.26,Tiruchirappalli,Mizoram
ORD0002255,CUST00510,19-06-2024,Delivered,Debit Card,15,95515.62,Khandwa,Gujarat
ORD0002256,CUST00510,13-02-2024,Delivered,Net Banking,0,17942.84,Khandwa,Gujarat
ORD0002257,CUST00510,04-05-2023,Delivered,Debit Card,5,216652.95,Khandwa,Gujarat
ORD0002258,CUST00510,24-12-2023,Cancelled,COD,0,153707,Khandwa,Gujarat
ORD0002259,CUST00511,26-06-2024,Delivered,Credit Card,0,99044.46,Patna,Haryana
ORD0002260,CUST00511,16-05-2024,Delivered,UPI,0,8284.88,Patna,Haryana
ORD0002261,CUST00511,31-05-2024,Delivered,UPI,10,5514.29,Patna,Haryana
ORD0002262,CUST00511,22-05-2024,Delivered,Net Banking,0,994.2,Patna,Haryana
ORD0002263,CUST00511,30-04-2024,Delivered,Credit Card,5,25666.03,Patna,Haryana
ORD0002264,CUST00511,02-06-2024,Cancelled,Debit Card,5,8034.67,Patna,Haryana
ORD0002265,CUST00512,06-02-2024,Processing,UPI,10,64472.98,Jalandhar,Karnataka
ORD0002266,CUST00512,12-12-2023,Delivered,COD,20,81180.05,Jalandhar,Karnataka
ORD0002267,CUST00512,24-04-2024,Delivered,COD,25,55887.77,Jalandhar,Karnataka
ORD0002268,CUST00512,23-05-2024,Shipped,Debit Card,0,321842.71,Jalandhar,Karnataka
ORD0002269,CUST00512,01-06-2024,Shipped,UPI,0,10534.08,Jalandhar,Karnataka
ORD0002270,CUST00512,18-01-2024,Delivered,UPI,0,63055.88,Jalandhar,Karnataka
ORD0002271,CUST00512,12-01-2024,Delivered,UPI,5,5552.25,Jalandhar,Karnataka
ORD0002272,CUST00512,11-01-2024,Delivered,COD,0,27377.76,Jalandhar,Karnataka
ORD0002273,CUST00512,29-03-2024,Delivered,Net Banking,0,58143.95,Jalandhar,Karnataka
ORD0002274,CUST00512,27-12-2023,Shipped,UPI,0,65066.56,Jalandhar,Karnataka
ORD0002275,CUST00512,16-12-2023,Shipped,UPI,0,139236.1,Jalandhar,Karnataka
ORD0002276,CUST00513,16-04-2023,Delivered,Credit Card,0,6565.39,Orai,Mizoram
ORD0002277,CUST00513,26-05-2023,Delivered,Credit Card,20,65272.28,Orai,Mizoram
ORD0002278,CUST00513,30-05-2024,Delivered,Credit Card,0,74216.26,Orai,Mizoram
ORD0002279,CUST00513,31-10-2023,Returned,UPI,0,103407.33,Orai,Mizoram
ORD0002280,CUST00514,14-05-2024,Delivered,Wallet,5,55033.45,Asansol,Tripura
ORD0002281,CUST00514,13-04-2024,Delivered,Credit Card,15,205156.3,Asansol,Tripura
ORD0002282,CUST00515,04-04-2024,Shipped,UPI,15,1378.5,Bhalswa Jahangir Pur,Himachal Pradesh
ORD0002283,CUST00515,06-09-2023,Delivered,Debit Card,10,30682.48,Bhalswa Jahangir Pur,Himachal Pradesh
ORD0002284,CUST00516,25-06-2024,Returned,Debit Card,5,3186.38,Guna,Manipur
ORD0002285,CUST00516,07-05-2024,Delivered,Credit Card,10,704.01,Guna,Manipur
ORD0002286,CUST00517,25-01-2024,Delivered,UPI,5,54748.16,Bhind,Rajasthan
ORD0002287,CUST00517,10-09-2023,Delivered,UPI,0,33597.08,Bhind,Rajasthan
ORD0002288,CUST00518,08-05-2024,Delivered,Credit Card,0,5086.32,Malda,Arunachal Pradesh
ORD0002289,CUST00518,26-04-2024,Returned,UPI,10,59654.48,Malda,Arunachal Pradesh
ORD0002290,CUST00518,20-03-2024,Delivered,UPI,10,5512.07,Malda,Arunachal Pradesh
ORD0002291,CUST00518,01-06-2024,Delivered,Credit Card,0,24126.8,Malda,Arunachal Pradesh
ORD0002292,CUST00518,24-04-2024,Delivered,Credit Card,10,26653.21,Malda,Arunachal Pradesh
ORD0002293,CUST00518,18-06-2024,Shipped,Credit Card,10,9046.46,Malda,Arunachal Pradesh
ORD0002294,CUST00518,06-04-2024,Delivered,Net Banking,15,141157.41,Malda,Arunachal Pradesh
ORD0002295,CUST00518,14-04-2024,Delivered,UPI,0,46105.68,Malda,Arunachal Pradesh
ORD0002296,CUST00518,02-05-2024,Returned,UPI,15,5375.71,Malda,Arunachal Pradesh
ORD0002297,CUST00518,23-05-2024,Processing,COD,0,281344.67,Malda,Arunachal Pradesh
ORD0002298,CUST00518,27-05-2024,Shipped,Debit Card,0,109196.64,Malda,Arunachal Pradesh
ORD0002299,CUST00518,10-05-2024,Delivered,Credit Card,0,217829.62,Malda,Arunachal Pradesh
ORD0002300,CUST00519,18-06-2024,Delivered,Net Banking,10,93956.86,Belgaum,Assam
ORD0002301,CUST00520,30-03-2024,Delivered,UPI,0,6770.26,Davanagere,Kerala
ORD0002302,CUST00520,17-06-2024,Cancelled,Debit Card,10,4951.85,Davanagere,Kerala
ORD0002303,CUST00520,30-04-2024,Delivered,Credit Card,0,23585.33,Davanagere,Kerala
ORD0002304,CUST00520,31-12-2023,Delivered,Credit Card,0,36227.32,Davanagere,Kerala
ORD0002305,CUST00520,02-01-2024,Returned,Wallet,0,64833.77,Davanagere,Kerala
ORD0002306,CUST00520,24-12-2023,Delivered,UPI,15,8779.14,Davanagere,Kerala
ORD0002307,CUST00520,16-06-2024,Shipped,Debit Card,0,17853.56,Davanagere,Kerala
ORD0002308,CUST00520,01-04-2024,Delivered,Credit Card,10,7924.28,Davanagere,Kerala
ORD0002309,CUST00520,24-06-2024,Processing,UPI,5,15363.13,Davanagere,Kerala
ORD0002310,CUST00520,30-04-2024,Delivered,COD,0,436091.57,Davanagere,Kerala
ORD0002311,CUST00520,26-11-2023,Delivered,Net Banking,0,17962.21,Davanagere,Kerala
ORD0002312,CUST00520,16-11-2023,Delivered,UPI,5,4919.36,Davanagere,Kerala
ORD0002313,CUST00520,13-02-2024,Delivered,COD,15,180692.11,Davanagere,Kerala
ORD0002314,CUST00520,25-01-2024,Delivered,COD,0,53901.88,Davanagere,Kerala
ORD0002315,CUST00520,26-01-2024,Delivered,UPI,0,7928.83,Davanagere,Kerala
ORD0002316,CUST00521,18-12-2023,Delivered,Debit Card,25,119269.68,Kanpur,Chhattisgarh
ORD0002317,CUST00522,22-01-2024,Processing,UPI,10,7403.92,Ghaziabad,Madhya Pradesh
ORD0002318,CUST00523,16-08-2023,Delivered,UPI,10,79486.85,Nagaon,Tripura
ORD0002319,CUST00523,15-05-2024,Delivered,Debit Card,10,35254.79,Nagaon,Tripura
ORD0002320,CUST00523,21-10-2023,Cancelled,UPI,0,9896.61,Nagaon,Tripura
ORD0002321,CUST00523,27-06-2022,Delivered,Debit Card,15,31113.86,Nagaon,Tripura
ORD0002322,CUST00523,16-06-2024,Delivered,Debit Card,0,12291.96,Nagaon,Tripura
ORD0002323,CUST00523,14-09-2022,Delivered,Debit Card,15,894.46,Nagaon,Tripura
ORD0002324,CUST00523,20-04-2024,Cancelled,COD,5,175489.82,Nagaon,Tripura
ORD0002325,CUST00524,05-05-2024,Delivered,Credit Card,25,121292.8,Vasai-Virar,Assam
ORD0002326,CUST00525,02-05-2024,Returned,UPI,10,167651.64,Nandyal,Bihar
ORD0002327,CUST00525,01-12-2023,Shipped,Credit Card,0,27237.58,Nandyal,Bihar
ORD0002328,CUST00525,16-06-2023,Processing,Debit Card,0,68008.16,Nandyal,Bihar
ORD0002329,CUST00525,26-10-2023,Delivered,Debit Card,10,2850.12,Nandyal,Bihar
ORD0002330,CUST00526,08-01-2023,Shipped,UPI,5,16451.71,Jamnagar,Uttar Pradesh
ORD0002331,CUST00526,27-04-2024,Delivered,Credit Card,0,13459.96,Jamnagar,Uttar Pradesh
ORD0002332,CUST00526,22-04-2022,Delivered,COD,0,6303.02,Jamnagar,Uttar Pradesh
ORD0002333,CUST00527,09-09-2023,Cancelled,Debit Card,15,17538.25,Ratlam,Mizoram
ORD0002334,CUST00528,24-01-2024,Shipped,UPI,15,6982.14,Hyderabad,Rajasthan
ORD0002335,CUST00528,14-11-2023,Delivered,Credit Card,0,19151.58,Hyderabad,Rajasthan
ORD0002336,CUST00528,30-03-2024,Delivered,UPI,10,7035.61,Hyderabad,Rajasthan
ORD0002337,CUST00528,20-02-2023,Returned,UPI,0,19172.68,Hyderabad,Rajasthan
ORD0002338,CUST00528,19-04-2024,Returned,UPI,0,3452.18,Hyderabad,Rajasthan
ORD0002339,CUST00528,25-11-2022,Delivered,Credit Card,10,102301.78,Hyderabad,Rajasthan
ORD0002340,CUST00528,24-08-2023,Processing,UPI,5,79236.77,Hyderabad,Rajasthan
ORD0002341,CUST00528,09-01-2023,Cancelled,Credit Card,15,62675.31,Hyderabad,Rajasthan
ORD0002342,CUST00528,27-12-2023,Delivered,Credit Card,25,92354.72,Hyderabad,Rajasthan
ORD0002343,CUST00528,11-11-2022,Delivered,UPI,0,117368.48,Hyderabad,Rajasthan
ORD0002344,CUST00528,01-10-2022,Shipped,Credit Card,10,13462.76,Hyderabad,Rajasthan
ORD0002345,CUST00528,27-05-2024,Delivered,Credit Card,0,25516.9,Hyderabad,Rajasthan
ORD0002346,CUST00528,09-12-2023,Delivered,Net Banking,5,4896.26,Hyderabad,Rajasthan
ORD0002347,CUST00529,22-03-2024,Delivered,Debit Card,25,8372.92,Faridabad,Himachal Pradesh
ORD0002348,CUST00529,13-05-2024,Cancelled,Net Banking,15,24864.71,Faridabad,Himachal Pradesh
ORD0002349,CUST00529,06-10-2023,Delivered,Credit Card,0,31058.53,Faridabad,Himachal Pradesh
ORD0002350,CUST00529,13-05-2024,Delivered,Debit Card,0,17791.35,Faridabad,Himachal Pradesh
ORD0002351,CUST00530,21-01-2023,Cancelled,UPI,15,39122.84,Salem,Meghalaya
ORD0002352,CUST00530,24-09-2023,Delivered,Debit Card,15,163174.74,Salem,Meghalaya
ORD0002353,CUST00530,05-12-2023,Delivered,Credit Card,0,1292.33,Salem,Meghalaya
ORD0002354,CUST00530,29-05-2023,Delivered,Debit Card,0,134015.82,Salem,Meghalaya
ORD0002355,CUST00530,03-10-2023,Delivered,Debit Card,5,17842.77,Salem,Meghalaya
ORD0002356,CUST00530,26-08-2023,Returned,Net Banking,5,7701.78,Salem,Meghalaya
ORD0002357,CUST00530,28-06-2023,Cancelled,Credit Card,15,1669.26,Salem,Meghalaya
ORD0002358,CUST00530,02-08-2023,Delivered,Debit Card,0,26975.3,Salem,Meghalaya
ORD0002359,CUST00531,31-03-2024,Cancelled,Credit Card,10,2807.92,Kochi,Karnataka
ORD0002360,CUST00532,14-07-2023,Delivered,UPI,0,151668.6,Khammam,Chhattisgarh
ORD0002361,CUST00532,02-10-2023,Delivered,Net Banking,15,9947.6,Khammam,Chhattisgarh
ORD0002362,CUST00532,27-11-2023,Delivered,UPI,20,561.23,Khammam,Chhattisgarh
ORD0002363,CUST00532,23-11-2023,Delivered,Credit Card,5,9483.12,Khammam,Chhattisgarh
ORD0002364,CUST00532,13-09-2023,Delivered,Net Banking,0,4707.07,Khammam,Chhattisgarh
ORD0002365,CUST00532,16-05-2023,Returned,Credit Card,0,6979.6,Khammam,Chhattisgarh
ORD0002366,CUST00532,04-10-2023,Returned,Debit Card,0,6324.36,Khammam,Chhattisgarh
ORD0002367,CUST00532,15-01-2023,Delivered,UPI,25,87636.58,Khammam,Chhattisgarh
ORD0002368,CUST00532,30-08-2022,Delivered,Credit Card,10,26236.41,Khammam,Chhattisgarh
ORD0002369,CUST00532,17-12-2022,Cancelled,UPI,5,12033.84,Khammam,Chhattisgarh
ORD0002370,CUST00532,13-03-2024,Delivered,UPI,20,43580.13,Khammam,Chhattisgarh
ORD0002371,CUST00532,21-01-2023,Delivered,Net Banking,0,75441.03,Khammam,Chhattisgarh
ORD0002372,CUST00532,19-07-2023,Delivered,Debit Card,5,65178.44,Khammam,Chhattisgarh
ORD0002373,CUST00533,03-12-2022,Processing,Debit Card,15,374751.52,Parbhani,Madhya Pradesh
ORD0002374,CUST00534,24-07-2023,Delivered,UPI,25,13081.32,Dindigul,Rajasthan
ORD0002375,CUST00534,26-01-2024,Returned,UPI,15,18476.18,Dindigul,Rajasthan
ORD0002376,CUST00534,25-05-2024,Delivered,Credit Card,0,905.61,Dindigul,Rajasthan
ORD0002377,CUST00534,13-03-2024,Delivered,COD,0,29169.42,Dindigul,Rajasthan
ORD0002378,CUST00534,22-06-2024,Delivered,UPI,0,318875.47,Dindigul,Rajasthan
ORD0002379,CUST00534,18-11-2022,Processing,Debit Card,0,476.24,Dindigul,Rajasthan
ORD0002380,CUST00534,02-01-2024,Delivered,Credit Card,0,21667.04,Dindigul,Rajasthan
ORD0002381,CUST00534,18-08-2023,Delivered,Debit Card,10,11462.61,Dindigul,Rajasthan
ORD0002382,CUST00534,12-10-2023,Delivered,COD,10,11250.25,Dindigul,Rajasthan
ORD0002383,CUST00534,12-09-2023,Delivered,COD,5,263556.18,Dindigul,Rajasthan
ORD0002384,CUST00534,04-04-2023,Delivered,UPI,10,21040.09,Dindigul,Rajasthan
ORD0002385,CUST00535,09-10-2023,Cancelled,COD,10,63159.66,Secunderabad,Haryana
ORD0002386,CUST00535,26-01-2024,Delivered,Debit Card,5,2455.43,Secunderabad,Haryana
ORD0002387,CUST00535,15-06-2023,Delivered,UPI,0,217178.26,Secunderabad,Haryana
ORD0002388,CUST00535,24-09-2023,Delivered,UPI,0,238717.37,Secunderabad,Haryana
ORD0002389,CUST00535,17-11-2023,Returned,Net Banking,15,23447.95,Secunderabad,Haryana
ORD0002390,CUST00535,25-07-2023,Delivered,UPI,10,7114.48,Secunderabad,Haryana
ORD0002391,CUST00535,11-05-2024,Returned,Credit Card,0,2337.16,Secunderabad,Haryana
ORD0002392,CUST00535,26-12-2023,Cancelled,Credit Card,0,5202.64,Secunderabad,Haryana
ORD0002393,CUST00535,04-10-2023,Delivered,UPI,0,12560.25,Secunderabad,Haryana
ORD0002394,CUST00535,18-09-2023,Cancelled,UPI,0,1398.73,Secunderabad,Haryana
ORD0002395,CUST00536,21-02-2023,Returned,UPI,0,34670.51,Madanapalle,Gujarat
ORD0002396,CUST00536,28-07-2023,Delivered,Credit Card,10,4330.48,Madanapalle,Gujarat
ORD0002397,CUST00537,08-05-2024,Delivered,UPI,0,49016.04,Tirunelveli,Punjab
ORD0002398,CUST00537,02-03-2024,Delivered,Credit Card,20,3375.29,Tirunelveli,Punjab
ORD0002399,CUST00537,14-01-2024,Delivered,UPI,5,14701.18,Tirunelveli,Punjab
ORD0002400,CUST00538,24-04-2024,Delivered,Debit Card,10,178964.71,Coimbatore,Meghalaya
ORD0002401,CUST00538,21-10-2023,Delivered,Credit Card,10,17813.9,Coimbatore,Meghalaya
ORD0002402,CUST00538,22-05-2024,Cancelled,UPI,0,168453.09,Coimbatore,Meghalaya
ORD0002403,CUST00538,21-12-2023,Returned,Credit Card,15,17538.25,Coimbatore,Meghalaya
ORD0002404,CUST00538,16-02-2024,Delivered,Debit Card,0,7947.51,Coimbatore,Meghalaya
ORD0002405,CUST00538,11-12-2023,Delivered,Credit Card,0,2235.9,Coimbatore,Meghalaya
ORD0002406,CUST00539,29-12-2023,Delivered,Debit Card,0,4321.28,Bhopal,Haryana
ORD0002407,CUST00539,19-04-2024,Delivered,Credit Card,0,4181.16,Bhopal,Haryana
ORD0002408,CUST00539,15-04-2023,Shipped,Net Banking,0,3119.91,Bhopal,Haryana
ORD0002409,CUST00539,09-02-2024,Shipped,Debit Card,5,86466.68,Bhopal,Haryana
ORD0002410,CUST00539,03-04-2024,Delivered,Credit Card,10,10299.93,Bhopal,Haryana
ORD0002411,CUST00539,04-11-2023,Cancelled,Wallet,5,263355.93,Bhopal,Haryana
ORD0002412,CUST00539,02-12-2023,Shipped,UPI,5,212557.96,Bhopal,Haryana
ORD0002413,CUST00540,11-05-2024,Delivered,Debit Card,5,55494.44,Aurangabad,Himachal Pradesh
ORD0002414,CUST00540,06-02-2024,Returned,UPI,5,157401.52,Aurangabad,Himachal Pradesh
ORD0002415,CUST00540,05-04-2024,Delivered,Debit Card,0,64932.99,Aurangabad,Himachal Pradesh
ORD0002416,CUST00540,31-08-2023,Delivered,Credit Card,0,10316.62,Aurangabad,Himachal Pradesh
ORD0002417,CUST00541,22-06-2024,Returned,UPI,5,77627.1,Unnao,Himachal Pradesh
ORD0002418,CUST00541,09-06-2024,Shipped,Debit Card,0,109237.68,Unnao,Himachal Pradesh
ORD0002419,CUST00542,02-06-2024,Shipped,COD,5,179782.28,Bhind,Uttarakhand
ORD0002420,CUST00543,13-02-2023,Delivered,UPI,10,145768.75,Bidhannagar,West Bengal
ORD0002421,CUST00544,18-01-2024,Delivered,Credit Card,0,1513.5,Shimoga,Andhra Pradesh
ORD0002422,CUST00544,24-01-2024,Delivered,Credit Card,0,25748.88,Shimoga,Andhra Pradesh
ORD0002423,CUST00545,22-10-2023,Delivered,UPI,10,13948.15,Navi Mumbai,Arunachal Pradesh
ORD0002424,CUST00546,27-10-2023,Delivered,Debit Card,0,1179.58,Meerut,Arunachal Pradesh
ORD0002425,CUST00547,29-02-2024,Shipped,Debit Card,0,6480.16,Tumkur,Tamil Nadu
ORD0002426,CUST00547,18-03-2024,Delivered,Credit Card,5,23616.6,Tumkur,Tamil Nadu
ORD0002427,CUST00547,04-12-2022,Processing,Net Banking,0,32075.12,Tumkur,Tamil Nadu
ORD0002428,CUST00547,06-02-2024,Delivered,Debit Card,0,51512.46,Tumkur,Tamil Nadu
ORD0002429,CUST00547,24-05-2023,Returned,Credit Card,0,23724.22,Tumkur,Tamil Nadu
ORD0002430,CUST00547,26-03-2024,Shipped,COD,15,9200.32,Tumkur,Tamil Nadu
ORD0002431,CUST00548,22-03-2023,Delivered,UPI,15,86537.29,Haldia,Karnataka
ORD0002432,CUST00548,28-12-2022,Delivered,Credit Card,10,88553.55,Haldia,Karnataka
ORD0002433,CUST00548,12-01-2023,Returned,Debit Card,20,201655.46,Haldia,Karnataka
ORD0002434,CUST00548,13-12-2023,Delivered,Credit Card,0,85456.41,Haldia,Karnataka
ORD0002435,CUST00548,12-11-2023,Delivered,Credit Card,5,3815.47,Haldia,Karnataka
ORD0002436,CUST00549,11-04-2022,Delivered,UPI,0,3700.77,Ambattur,Mizoram
ORD0002437,CUST00549,14-06-2024,Delivered,UPI,0,4265.82,Ambattur,Mizoram
ORD0002438,CUST00549,13-06-2023,Shipped,Credit Card,5,62867.12,Ambattur,Mizoram
ORD0002439,CUST00549,08-07-2023,Delivered,Net Banking,20,4535.5,Ambattur,Mizoram
ORD0002440,CUST00549,24-08-2023,Delivered,Debit Card,0,21504.79,Ambattur,Mizoram
ORD0002441,CUST00549,04-04-2023,Delivered,UPI,5,5655.39,Ambattur,Mizoram
ORD0002442,CUST00549,28-03-2023,Returned,UPI,15,6653.29,Ambattur,Mizoram
ORD0002443,CUST00550,01-04-2024,Delivered,UPI,10,25106.77,Kadapa,Tripura
ORD0002444,CUST00550,09-04-2023,Delivered,UPI,25,140501.11,Kadapa,Tripura
ORD0002445,CUST00550,28-04-2023,Delivered,Credit Card,5,27731.62,Kadapa,Tripura
ORD0002446,CUST00550,22-03-2024,Delivered,Net Banking,20,3349.4,Kadapa,Tripura
ORD0002447,CUST00550,26-03-2024,Delivered,Debit Card,20,4370.83,Kadapa,Tripura
ORD0002448,CUST00550,13-10-2023,Returned,UPI,10,73744.2,Kadapa,Tripura
ORD0002449,CUST00550,26-03-2024,Delivered,Net Banking,5,157360.57,Kadapa,Tripura
ORD0002450,CUST00550,20-01-2024,Shipped,Credit Card,0,97219.12,Kadapa,Tripura
ORD0002451,CUST00551,22-12-2023,Delivered,UPI,0,63811.07,Burhanpur,Rajasthan
ORD0002452,CUST00551,25-06-2024,Delivered,UPI,10,7850.49,Burhanpur,Rajasthan
ORD0002453,CUST00552,12-04-2024,Delivered,UPI,15,118313.23,Bhiwani,Uttar Pradesh
ORD0002454,CUST00552,18-09-2023,Cancelled,Credit Card,5,4286.23,Bhiwani,Uttar Pradesh
ORD0002455,CUST00553,19-05-2023,Delivered,COD,0,85283.47,Durg,Andhra Pradesh
ORD0002456,CUST00553,08-06-2023,Cancelled,COD,0,497.1,Durg,Andhra Pradesh
ORD0002457,CUST00553,06-03-2024,Delivered,Debit Card,10,44816.08,Durg,Andhra Pradesh
ORD0002458,CUST00553,11-02-2024,Shipped,Net Banking,10,11111.83,Durg,Andhra Pradesh
ORD0002459,CUST00553,18-05-2024,Shipped,UPI,10,53228.43,Durg,Andhra Pradesh
ORD0002460,CUST00553,18-04-2024,Delivered,Net Banking,20,35494.65,Durg,Andhra Pradesh
ORD0002461,CUST00553,14-05-2023,Cancelled,Debit Card,10,9643.44,Durg,Andhra Pradesh
ORD0002462,CUST00553,19-08-2023,Delivered,UPI,0,198553.74,Durg,Andhra Pradesh
ORD0002463,CUST00553,08-07-2023,Delivered,UPI,0,2277.34,Durg,Andhra Pradesh
ORD0002464,CUST00553,25-04-2023,Shipped,Credit Card,5,454.92,Durg,Andhra Pradesh
ORD0002465,CUST00553,24-11-2023,Delivered,Credit Card,0,5953.04,Durg,Andhra Pradesh
ORD0002466,CUST00553,03-09-2023,Shipped,UPI,0,24878.92,Durg,Andhra Pradesh
ORD0002467,CUST00554,21-12-2023,Delivered,Debit Card,25,520.34,Chandigarh,Tamil Nadu
ORD0002468,CUST00554,13-07-2023,Returned,UPI,0,3560.44,Chandigarh,Tamil Nadu
ORD0002469,CUST00554,23-04-2024,Delivered,Debit Card,0,32869.92,Chandigarh,Tamil Nadu
ORD0002470,CUST00554,26-11-2023,Delivered,Credit Card,5,4105.22,Chandigarh,Tamil Nadu
ORD0002471,CUST00554,03-03-2024,Cancelled,Credit Card,10,704.01,Chandigarh,Tamil Nadu
ORD0002472,CUST00554,16-11-2023,Delivered,COD,15,386772.51,Chandigarh,Tamil Nadu
ORD0002473,CUST00554,09-07-2023,Delivered,UPI,0,5434.17,Chandigarh,Tamil Nadu
ORD0002474,CUST00554,24-12-2023,Delivered,Credit Card,25,24108.59,Chandigarh,Tamil Nadu
ORD0002475,CUST00554,08-04-2024,Shipped,UPI,0,16172.82,Chandigarh,Tamil Nadu
ORD0002476,CUST00555,03-04-2024,Delivered,UPI,5,1451.94,Malegaon,Odisha
ORD0002477,CUST00555,04-05-2024,Delivered,Net Banking,0,133195.03,Malegaon,Odisha
ORD0002478,CUST00555,12-04-2024,Delivered,Debit Card,10,8786.13,Malegaon,Odisha
ORD0002479,CUST00555,16-06-2024,Processing,UPI,0,209038.16,Malegaon,Odisha
ORD0002480,CUST00555,10-05-2024,Delivered,Credit Card,0,8217.48,Malegaon,Odisha
ORD0002481,CUST00555,18-04-2024,Delivered,Credit Card,0,26506.8,Malegaon,Odisha
ORD0002482,CUST00555,28-03-2024,Shipped,Credit Card,0,165985.32,Malegaon,Odisha
ORD0002483,CUST00556,29-06-2024,Delivered,COD,5,12381.07,Jalandhar,Chhattisgarh
ORD0002484,CUST00556,29-06-2024,Shipped,Wallet,5,59320.33,Jalandhar,Chhattisgarh
ORD0002485,CUST00557,12-06-2024,Delivered,UPI,5,8910.72,Amaravati,Mizoram
ORD0002486,CUST00557,18-02-2024,Processing,UPI,0,90294.01,Amaravati,Mizoram
ORD0002487,CUST00557,16-09-2022,Delivered,Debit Card,0,6479.88,Amaravati,Mizoram
ORD0002488,CUST00558,21-12-2023,Delivered,Credit Card,25,40020.79,Ramagundam,Odisha
ORD0002489,CUST00559,31-12-2023,Delivered,UPI,5,24312.14,Kollam,Bihar
ORD0002490,CUST00559,19-08-2022,Delivered,Net Banking,10,8866.22,Kollam,Bihar
ORD0002491,CUST00560,27-04-2024,Delivered,COD,10,22850,Udaipur,Uttarakhand
ORD0002492,CUST00561,06-09-2023,Shipped,Credit Card,0,282656.6,Salem,Odisha
ORD0002493,CUST00561,25-09-2023,Delivered,Credit Card,0,213898.45,Salem,Odisha
ORD0002494,CUST00561,13-10-2023,Delivered,Credit Card,0,85983.56,Salem,Odisha
ORD0002495,CUST00561,25-04-2023,Delivered,Net Banking,0,178860.48,Salem,Odisha
ORD0002496,CUST00561,01-05-2024,Delivered,Debit Card,0,25030.3,Salem,Odisha
ORD0002497,CUST00561,31-05-2024,Shipped,Credit Card,10,85572.47,Salem,Odisha
ORD0002498,CUST00561,27-03-2023,Delivered,UPI,0,132340.62,Salem,Odisha
ORD0002499,CUST00561,14-10-2023,Returned,UPI,0,193011,Salem,Odisha
ORD0002500,CUST00562,01-07-2023,Returned,UPI,15,9077.32,Visakhapatnam,Rajasthan
ORD0002501,CUST00563,29-12-2023,Delivered,Credit Card,10,4891.82,Saharanpur,Kerala
ORD0002502,CUST00563,24-02-2024,Delivered,UPI,0,32869.92,Saharanpur,Kerala
ORD0002503,CUST00563,15-12-2023,Delivered,Debit Card,0,733,Saharanpur,Kerala
ORD0002504,CUST00563,12-10-2023,Cancelled,Net Banking,20,44526.7,Saharanpur,Kerala
ORD0002505,CUST00563,21-03-2024,Delivered,Net Banking,0,12211.78,Saharanpur,Kerala
ORD0002506,CUST00563,24-05-2024,Delivered,Debit Card,15,190758.69,Saharanpur,Kerala
ORD0002507,CUST00564,24-06-2024,Delivered,UPI,0,1621.77,Bhimavaram,Punjab
ORD0002508,CUST00564,31-03-2024,Delivered,Credit Card,0,25099.05,Bhimavaram,Punjab
ORD0002509,CUST00564,21-10-2023,Delivered,COD,10,2469.63,Bhimavaram,Punjab
ORD0002510,CUST00564,28-11-2023,Delivered,COD,10,36038.52,Bhimavaram,Punjab
ORD0002511,CUST00564,14-05-2024,Delivered,Net Banking,0,58145.77,Bhimavaram,Punjab
ORD0002512,CUST00564,24-12-2023,Delivered,UPI,5,101936.82,Bhimavaram,Punjab
ORD0002513,CUST00564,31-10-2023,Cancelled,COD,0,1703.16,Bhimavaram,Punjab
ORD0002514,CUST00564,27-07-2023,Delivered,UPI,0,8975.43,Bhimavaram,Punjab
ORD0002515,CUST00565,17-07-2023,Delivered,Credit Card,5,17698.75,Ghaziabad,Punjab
ORD0002516,CUST00566,04-11-2023,Processing,Net Banking,10,12759.02,Nizamabad,Meghalaya
ORD0002517,CUST00567,02-03-2024,Delivered,Wallet,5,18932.02,Mau,Goa
ORD0002518,CUST00567,11-05-2023,Delivered,Debit Card,0,31715.32,Mau,Goa
ORD0002519,CUST00567,15-03-2024,Delivered,Debit Card,0,72252.7,Mau,Goa
ORD0002520,CUST00567,03-08-2023,Returned,Credit Card,0,27326.42,Mau,Goa
ORD0002521,CUST00567,25-06-2024,Delivered,COD,5,245658.05,Mau,Goa
ORD0002522,CUST00567,23-02-2024,Delivered,Debit Card,0,156696.64,Mau,Goa
ORD0002523,CUST00567,22-12-2023,Cancelled,Net Banking,0,17308.98,Mau,Goa
ORD0002524,CUST00567,16-10-2023,Delivered,COD,10,3405.23,Mau,Goa
ORD0002525,CUST00567,12-01-2023,Delivered,Credit Card,0,2925.57,Mau,Goa
ORD0002526,CUST00567,18-12-2022,Delivered,UPI,0,7130.72,Mau,Goa
ORD0002527,CUST00567,17-03-2023,Delivered,COD,15,30384.34,Mau,Goa
ORD0002528,CUST00567,10-11-2022,Delivered,Credit Card,0,3133.76,Mau,Goa
ORD0002529,CUST00567,10-02-2023,Shipped,Credit Card,0,46750.86,Mau,Goa
ORD0002530,CUST00567,25-12-2023,Cancelled,UPI,0,693.78,Mau,Goa
ORD0002531,CUST00567,06-11-2023,Delivered,Credit Card,10,11255.65,Mau,Goa
ORD0002532,CUST00568,26-07-2023,Returned,Credit Card,5,13117.18,Salem,Bihar
ORD0002533,CUST00568,13-06-2023,Delivered,Credit Card,5,124338.73,Salem,Bihar
ORD0002534,CUST00568,07-04-2024,Returned,Credit Card,0,4025.34,Salem,Bihar
ORD0002535,CUST00568,31-10-2023,Delivered,Debit Card,5,19384.89,Salem,Bihar
ORD0002536,CUST00568,12-12-2023,Delivered,Credit Card,15,1048.55,Salem,Bihar
ORD0002537,CUST00569,05-03-2022,Delivered,Credit Card,0,3540.04,Silchar,Punjab
ORD0002538,CUST00569,08-03-2023,Delivered,Debit Card,20,36097.99,Silchar,Punjab
ORD0002539,CUST00569,10-10-2023,Delivered,COD,0,248243.62,Silchar,Punjab
ORD0002540,CUST00569,30-12-2023,Delivered,UPI,5,39214.47,Silchar,Punjab
ORD0002541,CUST00569,29-07-2022,Returned,Debit Card,15,7251.89,Silchar,Punjab
ORD0002542,CUST00569,01-06-2023,Delivered,UPI,10,33959.13,Silchar,Punjab
ORD0002543,CUST00569,20-03-2024,Delivered,COD,0,8975.43,Silchar,Punjab
ORD0002544,CUST00569,10-10-2023,Delivered,Credit Card,0,149826.69,Silchar,Punjab
ORD0002545,CUST00570,29-11-2023,Delivered,Wallet,0,27531.72,Phusro,Punjab
ORD0002546,CUST00570,23-04-2024,Returned,UPI,15,12062.06,Phusro,Punjab
ORD0002547,CUST00570,18-08-2023,Delivered,Debit Card,0,6904.36,Phusro,Punjab
ORD0002548,CUST00570,17-03-2023,Delivered,Debit Card,10,16743.1,Phusro,Punjab
ORD0002549,CUST00570,18-04-2024,Delivered,Credit Card,5,10021.09,Phusro,Punjab
ORD0002550,CUST00570,15-06-2023,Shipped,Debit Card,0,123042.48,Phusro,Punjab
ORD0002551,CUST00571,30-05-2022,Delivered,UPI,15,164052.14,Ambattur,Andhra Pradesh
ORD0002552,CUST00572,22-06-2023,Delivered,Debit Card,5,3279.57,Nagercoil,Gujarat
ORD0002553,CUST00572,16-11-2023,Returned,UPI,0,3062.11,Nagercoil,Gujarat
ORD0002554,CUST00572,21-06-2023,Delivered,UPI,5,156637.98,Nagercoil,Gujarat
ORD0002555,CUST00572,31-05-2024,Delivered,UPI,15,2680.68,Nagercoil,Gujarat
ORD0002556,CUST00572,25-11-2023,Cancelled,UPI,0,1566.88,Nagercoil,Gujarat
ORD0002557,CUST00572,21-08-2023,Delivered,Debit Card,0,5502.06,Nagercoil,Gujarat
ORD0002558,CUST00572,11-07-2023,Returned,Debit Card,10,1864.98,Nagercoil,Gujarat
ORD0002559,CUST00573,25-11-2023,Shipped,Credit Card,0,12521.72,Bahraich,Goa
ORD0002560,CUST00573,29-03-2024,Delivered,Credit Card,5,66433.16,Bahraich,Goa
ORD0002561,CUST00573,22-08-2023,Delivered,UPI,20,90993.03,Bahraich,Goa
ORD0002562,CUST00573,29-06-2024,Cancelled,UPI,0,163005.36,Bahraich,Goa
ORD0002563,CUST00573,15-12-2023,Delivered,Credit Card,20,19649.79,Bahraich,Goa
ORD0002564,CUST00574,17-04-2024,Cancelled,Debit Card,5,31153.75,Barasat,Kerala
ORD0002565,CUST00574,14-04-2024,Delivered,UPI,0,21900.62,Barasat,Kerala
ORD0002566,CUST00574,09-02-2024,Delivered,Debit Card,0,115130.66,Barasat,Kerala
ORD0002567,CUST00574,08-01-2024,Delivered,UPI,5,37917.73,Barasat,Kerala
ORD0002568,CUST00574,08-04-2024,Cancelled,COD,10,18072.56,Barasat,Kerala
ORD0002569,CUST00574,05-04-2024,Returned,UPI,25,1365.88,Barasat,Kerala
ORD0002570,CUST00575,22-12-2022,Delivered,Debit Card,10,15323.86,Begusarai,Gujarat
ORD0002571,CUST00575,01-04-2024,Delivered,COD,10,5512.07,Begusarai,Gujarat
ORD0002572,CUST00575,04-02-2023,Delivered,UPI,20,54336.69,Begusarai,Gujarat
ORD0002573,CUST00575,11-07-2022,Delivered,UPI,0,13494.48,Begusarai,Gujarat
ORD0002574,CUST00575,11-04-2024,Delivered,Credit Card,20,2708.1,Begusarai,Gujarat
ORD0002575,CUST00575,18-05-2022,Delivered,UPI,5,41872.49,Begusarai,Gujarat
ORD0002576,CUST00576,06-03-2024,Delivered,Credit Card,10,1616.31,Alwar,West Bengal
ORD0002577,CUST00576,18-12-2023,Cancelled,Credit Card,10,122859.88,Alwar,West Bengal
ORD0002578,CUST00577,12-11-2023,Delivered,UPI,5,2473.03,Narasaraopet,Tripura
ORD0002579,CUST00577,17-05-2023,Delivered,Credit Card,15,36963.38,Narasaraopet,Tripura
ORD0002580,CUST00577,09-11-2023,Delivered,Credit Card,5,201596.68,Narasaraopet,Tripura
ORD0002581,CUST00578,27-11-2023,Shipped,Debit Card,0,289502.03,Ujjain,Madhya Pradesh
ORD0002582,CUST00578,03-02-2023,Delivered,UPI,0,8975.43,Ujjain,Madhya Pradesh
ORD0002583,CUST00578,26-05-2024,Delivered,UPI,10,973.06,Ujjain,Madhya Pradesh
ORD0002584,CUST00578,01-01-2024,Delivered,UPI,20,12240.31,Ujjain,Madhya Pradesh
ORD0002585,CUST00578,26-11-2023,Delivered,UPI,10,163760.58,Ujjain,Madhya Pradesh
ORD0002586,CUST00579,15-02-2024,Delivered,UPI,0,10365.7,Narasaraopet,Andhra Pradesh
ORD0002587,CUST00580,10-06-2023,Delivered,Credit Card,0,16843.1,Bally,Punjab
ORD0002588,CUST00580,21-08-2022,Delivered,Net Banking,5,32075.02,Bally,Punjab
ORD0002589,CUST00581,13-10-2023,Delivered,UPI,0,149137.26,Adoni,Karnataka
ORD0002590,CUST00581,30-05-2024,Delivered,Credit Card,5,42849.19,Adoni,Karnataka
ORD0002591,CUST00581,23-02-2024,Delivered,Net Banking,5,12392.83,Adoni,Karnataka
ORD0002592,CUST00581,29-06-2023,Delivered,Net Banking,0,3047.56,Adoni,Karnataka
ORD0002593,CUST00581,24-02-2023,Returned,UPI,0,10868.34,Adoni,Karnataka
ORD0002594,CUST00582,01-11-2023,Delivered,UPI,10,29111.08,Patiala,Gujarat
ORD0002595,CUST00583,16-09-2023,Delivered,UPI,10,160759.19,Arrah,Arunachal Pradesh
ORD0002596,CUST00583,09-04-2023,Cancelled,COD,0,252344.4,Arrah,Arunachal Pradesh
ORD0002597,CUST00584,03-03-2024,Delivered,Debit Card,15,3198.95,Rajahmundry,Odisha
ORD0002598,CUST00584,29-04-2024,Delivered,Credit Card,10,89169.43,Rajahmundry,Odisha
ORD0002599,CUST00585,13-12-2022,Delivered,Net Banking,5,13294.62,Bhiwandi,Tamil Nadu
ORD0002600,CUST00585,25-02-2023,Delivered,COD,0,8696.72,Bhiwandi,Tamil Nadu
ORD0002601,CUST00585,19-02-2023,Delivered,Wallet,0,14391.09,Bhiwandi,Tamil Nadu
ORD0002602,CUST00585,04-02-2023,Delivered,Debit Card,10,3206,Bhiwandi,Tamil Nadu
ORD0002603,CUST00585,26-12-2022,Processing,Debit Card,0,30452.85,Bhiwandi,Tamil Nadu
ORD0002604,CUST00586,19-03-2024,Processing,Net Banking,0,1576.87,Vellore,Sikkim
ORD0002605,CUST00586,01-05-2024,Delivered,Debit Card,0,1974.27,Vellore,Sikkim
ORD0002606,CUST00586,12-10-2023,Delivered,Credit Card,0,15562.08,Vellore,Sikkim
ORD0002607,CUST00586,06-03-2024,Shipped,Credit Card,0,31566.83,Vellore,Sikkim
ORD0002608,CUST00586,15-08-2023,Delivered,UPI,15,7423.48,Vellore,Sikkim
ORD0002609,CUST00586,17-09-2023,Delivered,Net Banking,15,29212.07,Vellore,Sikkim
ORD0002610,CUST00586,03-04-2024,Cancelled,Debit Card,0,24804.6,Vellore,Sikkim
ORD0002611,CUST00586,03-12-2023,Shipped,COD,15,38911.29,Vellore,Sikkim
ORD0002612,CUST00586,01-04-2024,Delivered,Credit Card,25,12339.87,Vellore,Sikkim
ORD0002613,CUST00586,04-09-2023,Delivered,UPI,5,14495.51,Vellore,Sikkim
ORD0002614,CUST00586,24-04-2024,Delivered,UPI,10,188240.84,Vellore,Sikkim
ORD0002615,CUST00586,21-09-2023,Delivered,UPI,5,28418.64,Vellore,Sikkim
ORD0002616,CUST00586,07-04-2024,Returned,Credit Card,0,6333.6,Vellore,Sikkim
ORD0002617,CUST00586,05-03-2024,Delivered,UPI,0,4216.24,Vellore,Sikkim
ORD0002618,CUST00586,22-11-2023,Cancelled,Credit Card,15,10708.92,Vellore,Sikkim
ORD0002619,CUST00586,30-05-2024,Processing,Credit Card,0,1915.44,Vellore,Sikkim
ORD0002620,CUST00587,21-01-2024,Delivered,Debit Card,10,23964.06,Firozabad,Tripura
ORD0002621,CUST00587,24-04-2024,Delivered,Credit Card,5,5552.8,Firozabad,Tripura
ORD0002622,CUST00587,07-05-2024,Delivered,Debit Card,20,65277.98,Firozabad,Tripura
ORD0002623,CUST00587,02-11-2023,Delivered,COD,0,76853.5,Firozabad,Tripura
ORD0002624,CUST00587,06-10-2023,Shipped,UPI,5,5031.28,Firozabad,Tripura
ORD0002625,CUST00587,25-09-2023,Delivered,Debit Card,0,38209.29,Firozabad,Tripura
ORD0002626,CUST00587,28-10-2023,Shipped,Credit Card,0,13815.92,Firozabad,Tripura
ORD0002627,CUST00587,15-09-2023,Delivered,Credit Card,10,190350.17,Firozabad,Tripura
ORD0002628,CUST00587,23-03-2024,Delivered,Credit Card,10,95692.54,Firozabad,Tripura
ORD0002629,CUST00587,23-11-2023,Delivered,UPI,0,6124.52,Firozabad,Tripura
ORD0002630,CUST00588,08-02-2024,Delivered,UPI,0,108174.9,Durg,Bihar
ORD0002631,CUST00588,04-04-2024,Delivered,COD,5,13548.37,Durg,Bihar
ORD0002632,CUST00588,17-05-2024,Delivered,UPI,20,1402.3,Durg,Bihar
ORD0002633,CUST00588,13-02-2024,Delivered,Credit Card,0,4307.31,Durg,Bihar
ORD0002634,CUST00588,15-12-2023,Delivered,Debit Card,15,197028.54,Durg,Bihar
ORD0002635,CUST00588,07-12-2023,Delivered,Debit Card,20,6159.55,Durg,Bihar
ORD0002636,CUST00588,30-11-2023,Delivered,UPI,10,14085.79,Durg,Bihar
ORD0002637,CUST00588,29-11-2023,Delivered,Credit Card,10,70132.58,Durg,Bihar
ORD0002638,CUST00588,09-11-2023,Delivered,COD,0,28284.57,Durg,Bihar
ORD0002639,CUST00588,23-11-2023,Delivered,UPI,5,11087.98,Durg,Bihar
ORD0002640,CUST00589,18-06-2024,Delivered,Net Banking,5,2580.99,Guntakal,Odisha
ORD0002641,CUST00589,23-09-2023,Shipped,Credit Card,15,10081.76,Guntakal,Odisha
ORD0002642,CUST00589,30-08-2023,Delivered,UPI,0,109709.27,Guntakal,Odisha
ORD0002643,CUST00589,24-12-2023,Delivered,Wallet,10,43771.18,Guntakal,Odisha
ORD0002644,CUST00590,23-03-2024,Delivered,COD,15,3843.1,Baranagar,Karnataka
ORD0002645,CUST00590,25-04-2024,Delivered,Net Banking,5,48332.8,Baranagar,Karnataka
ORD0002646,CUST00590,29-06-2024,Delivered,Credit Card,5,127524.72,Baranagar,Karnataka
ORD0002647,CUST00590,28-06-2024,Delivered,Credit Card,20,118681.89,Baranagar,Karnataka
ORD0002648,CUST00590,21-05-2024,Returned,COD,10,37272.21,Baranagar,Karnataka
ORD0002649,CUST00590,14-05-2024,Delivered,UPI,5,10026.01,Baranagar,Karnataka
ORD0002650,CUST00590,01-04-2024,Delivered,Net Banking,5,8685.55,Baranagar,Karnataka
ORD0002651,CUST00590,01-05-2024,Delivered,Credit Card,0,50877.77,Baranagar,Karnataka
ORD0002652,CUST00590,11-04-2024,Delivered,Credit Card,0,24304.78,Baranagar,Karnataka
ORD0002653,CUST00590,31-05-2024,Delivered,Credit Card,15,94704.66,Baranagar,Karnataka
ORD0002654,CUST00590,29-04-2024,Delivered,Credit Card,5,18157.24,Baranagar,Karnataka
ORD0002655,CUST00590,20-04-2024,Delivered,UPI,0,6933.64,Baranagar,Karnataka
ORD0002656,CUST00590,19-04-2024,Shipped,Credit Card,0,20169.52,Baranagar,Karnataka
ORD0002657,CUST00590,03-05-2024,Returned,Credit Card,5,2241.2,Baranagar,Karnataka
ORD0002658,CUST00590,12-05-2024,Delivered,Net Banking,20,371.3,Baranagar,Karnataka
ORD0002659,CUST00591,19-03-2024,Cancelled,Net Banking,15,22243.06,Morbi,Manipur
ORD0002660,CUST00592,21-05-2024,Shipped,UPI,10,35743.96,Unnao,Uttarakhand
ORD0002661,CUST00593,01-12-2023,Cancelled,UPI,5,2979.08,Raichur,Uttar Pradesh
ORD0002662,CUST00593,08-07-2023,Shipped,UPI,0,25917.12,Raichur,Uttar Pradesh
ORD0002663,CUST00593,26-11-2022,Delivered,Credit Card,10,134247.13,Raichur,Uttar Pradesh
ORD0002664,CUST00593,11-05-2024,Shipped,UPI,0,109102.12,Raichur,Uttar Pradesh
ORD0002665,CUST00593,23-11-2023,Delivered,Debit Card,0,223745.22,Raichur,Uttar Pradesh
ORD0002666,CUST00594,18-06-2023,Delivered,Debit Card,0,24848.16,Bangalore,Haryana
ORD0002667,CUST00595,08-05-2024,Delivered,Debit Card,20,198325.58,Pallavaram,Nagaland
ORD0002668,CUST00595,17-04-2023,Delivered,Credit Card,5,12306.25,Pallavaram,Nagaland
ORD0002669,CUST00595,19-03-2024,Returned,UPI,15,7350.9,Pallavaram,Nagaland
ORD0002670,CUST00595,21-06-2023,Returned,Debit Card,25,2340.76,Pallavaram,Nagaland
ORD0002671,CUST00595,21-08-2023,Delivered,Wallet,0,628.8,Pallavaram,Nagaland
ORD0002672,CUST00595,13-08-2023,Shipped,Debit Card,15,19514.15,Pallavaram,Nagaland
ORD0002673,CUST00595,07-11-2023,Shipped,UPI,0,1507.1,Pallavaram,Nagaland
ORD0002674,CUST00595,01-12-2022,Delivered,Credit Card,10,28987.91,Pallavaram,Nagaland
ORD0002675,CUST00595,18-02-2024,Delivered,UPI,0,382.09,Pallavaram,Nagaland
ORD0002676,CUST00595,17-02-2023,Delivered,UPI,0,3062.11,Pallavaram,Nagaland
ORD0002677,CUST00595,04-02-2023,Delivered,COD,10,18724.35,Pallavaram,Nagaland
ORD0002678,CUST00595,16-12-2022,Returned,Credit Card,10,43219.46,Pallavaram,Nagaland
ORD0002679,CUST00595,04-02-2024,Delivered,UPI,0,202383.22,Pallavaram,Nagaland
ORD0002680,CUST00595,25-09-2023,Delivered,Net Banking,5,33933.26,Pallavaram,Nagaland
ORD0002681,CUST00595,09-04-2023,Delivered,UPI,0,18726.87,Pallavaram,Nagaland
ORD0002682,CUST00596,11-01-2024,Cancelled,COD,25,42215.4,Katni,Punjab
ORD0002683,CUST00596,22-05-2024,Delivered,Debit Card,10,15356.95,Katni,Punjab
ORD0002684,CUST00596,03-05-2024,Delivered,Credit Card,0,2981.2,Katni,Punjab
ORD0002685,CUST00596,19-05-2023,Returned,UPI,0,225480.06,Katni,Punjab
ORD0002686,CUST00596,01-09-2023,Shipped,COD,0,22282.86,Katni,Punjab
ORD0002687,CUST00596,12-10-2023,Cancelled,UPI,0,42602.78,Katni,Punjab
ORD0002688,CUST00596,22-03-2023,Delivered,COD,10,14230.57,Katni,Punjab
ORD0002689,CUST00596,10-05-2024,Shipped,Credit Card,5,83056.21,Katni,Punjab
ORD0002690,CUST00596,21-11-2023,Delivered,Credit Card,20,14623.97,Katni,Punjab
ORD0002691,CUST00596,16-02-2023,Delivered,Wallet,0,9623.28,Katni,Punjab
ORD0002692,CUST00596,10-01-2024,Cancelled,Credit Card,5,12748.24,Katni,Punjab
ORD0002693,CUST00597,24-04-2022,Delivered,UPI,10,50991,Warangal,Tripura
ORD0002694,CUST00597,03-10-2023,Returned,UPI,20,10754.29,Warangal,Tripura
ORD0002695,CUST00598,03-03-2024,Delivered,UPI,0,23126.17,Silchar,Himachal Pradesh
ORD0002696,CUST00598,08-02-2024,Cancelled,Debit Card,10,7482.19,Silchar,Himachal Pradesh
ORD0002697,CUST00598,11-11-2023,Shipped,UPI,20,10577.79,Silchar,Himachal Pradesh
ORD0002698,CUST00598,26-12-2023,Delivered,Credit Card,20,12658.22,Silchar,Himachal Pradesh
ORD0002699,CUST00598,11-04-2024,Shipped,Credit Card,0,2670.33,Silchar,Himachal Pradesh
ORD0002700,CUST00599,07-01-2023,Processing,Debit Card,5,17800.91,Mahbubnagar,Nagaland
ORD0002701,CUST00599,13-03-2023,Returned,Debit Card,0,42820.28,Mahbubnagar,Nagaland
ORD0002702,CUST00599,08-02-2024,Returned,Debit Card,20,13081.06,Mahbubnagar,Nagaland
ORD0002703,CUST00599,21-12-2022,Delivered,Credit Card,15,56171.87,Mahbubnagar,Nagaland
ORD0002704,CUST00599,03-03-2023,Delivered,Credit Card,5,4910.85,Mahbubnagar,Nagaland
ORD0002705,CUST00599,19-11-2022,Delivered,Net Banking,0,2688.97,Mahbubnagar,Nagaland
ORD0002706,CUST00599,11-09-2023,Shipped,UPI,5,38275.1,Mahbubnagar,Nagaland
ORD0002707,CUST00599,08-10-2022,Delivered,Credit Card,0,1233.59,Mahbubnagar,Nagaland
ORD0002708,CUST00599,04-01-2023,Delivered,Credit Card,0,20128.8,Mahbubnagar,Nagaland
ORD0002709,CUST00599,21-05-2023,Delivered,UPI,0,64445.18,Mahbubnagar,Nagaland
ORD0002710,CUST00599,22-08-2023,Delivered,Net Banking,20,2683.26,Mahbubnagar,Nagaland
ORD0002711,CUST00599,19-01-2024,Delivered,Credit Card,5,41538.33,Mahbubnagar,Nagaland
ORD0002712,CUST00599,16-11-2022,Delivered,Wallet,5,146021.65,Mahbubnagar,Nagaland
ORD0002713,CUST00599,05-10-2022,Shipped,UPI,0,437.39,Mahbubnagar,Nagaland
ORD0002714,CUST00600,08-04-2024,Delivered,UPI,10,61747.99,Nanded,Kerala
ORD0002715,CUST00600,21-05-2024,Delivered,COD,10,225523.17,Nanded,Kerala
ORD0002716,CUST00600,23-05-2024,Delivered,Credit Card,0,49020.14,Nanded,Kerala
ORD0002717,CUST00600,21-06-2024,Delivered,Credit Card,0,1921.1,Nanded,Kerala
ORD0002718,CUST00600,31-05-2024,Delivered,Credit Card,0,17955.45,Nanded,Kerala
ORD0002719,CUST00600,13-05-2024,Delivered,UPI,15,2868,Nanded,Kerala
ORD0002720,CUST00600,22-03-2024,Returned,COD,5,14783.98,Nanded,Kerala
ORD0002721,CUST00601,29-01-2024,Delivered,Credit Card,20,26295.94,Visakhapatnam,Himachal Pradesh
ORD0002722,CUST00601,19-04-2023,Returned,COD,0,43351.69,Visakhapatnam,Himachal Pradesh
ORD0002723,CUST00601,27-04-2023,Delivered,Credit Card,0,16351.32,Visakhapatnam,Himachal Pradesh
ORD0002724,CUST00601,01-05-2024,Delivered,UPI,0,2925.57,Visakhapatnam,Himachal Pradesh
ORD0002725,CUST00601,08-07-2023,Delivered,Credit Card,0,344633.32,Visakhapatnam,Himachal Pradesh
ORD0002726,CUST00601,12-05-2024,Shipped,Debit Card,15,129494.82,Visakhapatnam,Himachal Pradesh
ORD0002727,CUST00601,14-02-2024,Delivered,UPI,0,1677.04,Visakhapatnam,Himachal Pradesh
ORD0002728,CUST00601,23-04-2024,Delivered,Net Banking,0,2270.25,Visakhapatnam,Himachal Pradesh
ORD0002729,CUST00601,26-07-2023,Delivered,Credit Card,0,357876.37,Visakhapatnam,Himachal Pradesh
ORD0002730,CUST00601,30-04-2023,Processing,Net Banking,0,13454.95,Visakhapatnam,Himachal Pradesh
ORD0002731,CUST00601,22-05-2023,Delivered,Credit Card,5,816.33,Visakhapatnam,Himachal Pradesh
ORD0002732,CUST00601,02-04-2024,Returned,Net Banking,5,993.03,Visakhapatnam,Himachal Pradesh
ORD0002733,CUST00601,10-06-2023,Shipped,Credit Card,5,36832.72,Visakhapatnam,Himachal Pradesh
ORD0002734,CUST00601,21-06-2023,Returned,COD,0,173325.24,Visakhapatnam,Himachal Pradesh
ORD0002735,CUST00602,05-08-2022,Delivered,UPI,0,15957.86,Medininagar,West Bengal
ORD0002736,CUST00602,12-08-2023,Shipped,UPI,15,2005.29,Medininagar,West Bengal
ORD0002737,CUST00602,13-12-2022,Delivered,UPI,0,108950.32,Medininagar,West Bengal
ORD0002738,CUST00602,02-12-2023,Shipped,UPI,0,7928.83,Medininagar,West Bengal
ORD0002739,CUST00602,14-04-2024,Delivered,COD,0,15601.9,Medininagar,West Bengal
ORD0002740,CUST00602,02-04-2024,Returned,UPI,10,14085.79,Medininagar,West Bengal
ORD0002741,CUST00602,19-04-2022,Delivered,Debit Card,0,11862.11,Medininagar,West Bengal
ORD0002742,CUST00602,26-04-2023,Delivered,UPI,0,3861.74,Medininagar,West Bengal
ORD0002743,CUST00602,02-05-2024,Delivered,Debit Card,0,84140.79,Medininagar,West Bengal
ORD0002744,CUST00602,20-05-2023,Returned,Credit Card,0,253741.42,Medininagar,West Bengal
ORD0002745,CUST00602,18-04-2022,Delivered,UPI,10,93962.9,Medininagar,West Bengal
ORD0002746,CUST00602,10-03-2024,Delivered,Debit Card,5,120132.42,Medininagar,West Bengal
ORD0002747,CUST00602,04-05-2022,Delivered,Credit Card,0,183215.28,Medininagar,West Bengal
ORD0002748,CUST00602,02-06-2024,Delivered,COD,0,12215.34,Medininagar,West Bengal
ORD0002749,CUST00602,22-03-2022,Delivered,UPI,15,103668.74,Medininagar,West Bengal
ORD0002750,CUST00602,04-03-2023,Delivered,Credit Card,10,41956.27,Medininagar,West Bengal
ORD0002751,CUST00602,29-05-2022,Delivered,UPI,5,168937.91,Medininagar,West Bengal
ORD0002752,CUST00602,10-07-2022,Shipped,Debit Card,10,6378.07,Medininagar,West Bengal
ORD0002753,CUST00602,03-04-2024,Cancelled,UPI,20,193630.79,Medininagar,West Bengal
ORD0002754,CUST00603,20-04-2024,Delivered,Debit Card,20,3617.04,Karawal Nagar,Jharkhand
ORD0002755,CUST00603,11-07-2023,Delivered,UPI,10,5497,Karawal Nagar,Jharkhand
ORD0002756,CUST00603,03-04-2023,Delivered,Credit Card,15,59045.88,Karawal Nagar,Jharkhand
ORD0002757,CUST00603,17-02-2024,Delivered,COD,10,631.39,Karawal Nagar,Jharkhand
ORD0002758,CUST00603,09-06-2023,Returned,UPI,25,71933.33,Karawal Nagar,Jharkhand
ORD0002759,CUST00603,02-03-2023,Delivered,Debit Card,0,19097.96,Karawal Nagar,Jharkhand
ORD0002760,CUST00604,09-12-2023,Delivered,Wallet,0,7284.72,Bijapur,Karnataka
ORD0002761,CUST00604,07-06-2024,Delivered,UPI,5,15429.39,Bijapur,Karnataka
ORD0002762,CUST00604,03-10-2022,Returned,UPI,20,5599.92,Bijapur,Karnataka
ORD0002763,CUST00604,11-09-2023,Delivered,Net Banking,15,258746.15,Bijapur,Karnataka
ORD0002764,CUST00604,26-10-2022,Delivered,Net Banking,0,12560.25,Bijapur,Karnataka
ORD0002765,CUST00604,12-09-2023,Delivered,Net Banking,5,13536.44,Bijapur,Karnataka
ORD0002766,CUST00604,07-01-2023,Delivered,Credit Card,10,4246.49,Bijapur,Karnataka
ORD0002767,CUST00604,24-12-2022,Delivered,UPI,10,22500.5,Bijapur,Karnataka
ORD0002768,CUST00604,04-11-2023,Delivered,UPI,0,178143.54,Bijapur,Karnataka
ORD0002769,CUST00604,10-11-2022,Delivered,Debit Card,0,6869.9,Bijapur,Karnataka
ORD0002770,CUST00604,16-04-2024,Delivered,Wallet,15,86787.71,Bijapur,Karnataka
ORD0002771,CUST00604,02-01-2024,Delivered,Credit Card,15,24368.92,Bijapur,Karnataka
ORD0002772,CUST00605,10-01-2024,Delivered,Debit Card,5,143905.02,Bulandshahr,Jharkhand
ORD0002773,CUST00605,19-04-2024,Delivered,Credit Card,20,1110.05,Bulandshahr,Jharkhand
ORD0002774,CUST00606,06-11-2022,Delivered,Credit Card,5,81437.29,Vasai-Virar,Maharashtra
ORD0002775,CUST00606,23-10-2022,Delivered,Credit Card,15,70678.89,Vasai-Virar,Maharashtra
ORD0002776,CUST00606,04-04-2024,Delivered,Credit Card,5,68692.85,Vasai-Virar,Maharashtra
ORD0002777,CUST00606,25-12-2022,Cancelled,UPI,10,4191.08,Vasai-Virar,Maharashtra
ORD0002778,CUST00606,02-12-2023,Returned,Credit Card,25,49788.11,Vasai-Virar,Maharashtra
ORD0002779,CUST00606,23-07-2022,Delivered,Credit Card,10,47703.49,Vasai-Virar,Maharashtra
ORD0002780,CUST00606,03-07-2022,Delivered,UPI,0,81867.65,Vasai-Virar,Maharashtra
ORD0002781,CUST00606,20-09-2023,Delivered,COD,15,25236.36,Vasai-Virar,Maharashtra
ORD0002782,CUST00606,22-08-2022,Returned,UPI,0,38426.75,Vasai-Virar,Maharashtra
ORD0002783,CUST00606,21-02-2023,Delivered,Debit Card,15,124431.1,Vasai-Virar,Maharashtra
ORD0002784,CUST00606,10-05-2023,Delivered,COD,10,131941.29,Vasai-Virar,Maharashtra
ORD0002785,CUST00606,08-09-2023,Delivered,Debit Card,0,2316.56,Vasai-Virar,Maharashtra
ORD0002786,CUST00607,13-05-2024,Delivered,Credit Card,0,19793.22,Motihari,Maharashtra
ORD0002787,CUST00607,14-01-2024,Delivered,Debit Card,5,23032.22,Motihari,Maharashtra
ORD0002788,CUST00607,31-05-2024,Shipped,UPI,0,67933.16,Motihari,Maharashtra
ORD0002789,CUST00607,07-02-2024,Delivered,UPI,0,109196.64,Motihari,Maharashtra
ORD0002790,CUST00607,23-12-2023,Delivered,Credit Card,10,92222.13,Motihari,Maharashtra
ORD0002791,CUST00607,30-05-2024,Delivered,COD,0,410428.86,Motihari,Maharashtra
ORD0002792,CUST00608,19-12-2023,Delivered,COD,0,10122.36,Srikakulam,Tamil Nadu
ORD0002793,CUST00608,19-04-2024,Shipped,UPI,10,25672.24,Srikakulam,Tamil Nadu
ORD0002794,CUST00608,01-10-2023,Delivered,Credit Card,15,21773.18,Srikakulam,Tamil Nadu
ORD0002795,CUST00608,12-10-2023,Delivered,UPI,5,8616.04,Srikakulam,Tamil Nadu
ORD0002796,CUST00608,16-02-2024,Delivered,Debit Card,0,59227.48,Srikakulam,Tamil Nadu
ORD0002797,CUST00608,23-05-2024,Delivered,UPI,0,12759.8,Srikakulam,Tamil Nadu
ORD0002798,CUST00608,03-12-2023,Delivered,Debit Card,0,39327.32,Srikakulam,Tamil Nadu
ORD0002799,CUST00608,26-03-2024,Delivered,Debit Card,0,2543.16,Srikakulam,Tamil Nadu
ORD0002800,CUST00608,17-11-2023,Delivered,Credit Card,0,21504.79,Srikakulam,Tamil Nadu
ORD0002801,CUST00608,25-09-2023,Delivered,UPI,5,95563.75,Srikakulam,Tamil Nadu
ORD0002802,CUST00609,03-10-2023,Delivered,UPI,15,171221.13,Kolkata,Jharkhand
ORD0002803,CUST00609,06-08-2023,Delivered,Debit Card,0,5404.76,Kolkata,Jharkhand
ORD0002804,CUST00609,30-06-2023,Delivered,COD,0,27299.16,Kolkata,Jharkhand
ORD0002805,CUST00609,02-09-2023,Delivered,Wallet,0,3955.98,Kolkata,Jharkhand
ORD0002806,CUST00609,17-11-2023,Shipped,Credit Card,0,31651.8,Kolkata,Jharkhand
ORD0002807,CUST00609,15-04-2024,Delivered,UPI,5,3441.32,Kolkata,Jharkhand
ORD0002808,CUST00610,26-04-2024,Shipped,Net Banking,5,3705.72,Anantapuram,Uttarakhand
ORD0002809,CUST00610,01-04-2024,Delivered,COD,15,8385.82,Anantapuram,Uttarakhand
ORD0002810,CUST00610,10-04-2024,Delivered,UPI,0,7343.81,Anantapuram,Uttarakhand
ORD0002811,CUST00611,20-01-2024,Cancelled,UPI,10,13280.79,Cuttack,Uttar Pradesh
ORD0002812,CUST00612,12-06-2024,Shipped,Debit Card,5,5655.39,Durgapur,Mizoram
ORD0002813,CUST00612,08-02-2023,Delivered,UPI,0,419800.92,Durgapur,Mizoram
ORD0002814,CUST00612,09-10-2023,Delivered,Net Banking,25,76530.48,Durgapur,Mizoram
ORD0002815,CUST00612,04-04-2023,Returned,UPI,10,22518.48,Durgapur,Mizoram
ORD0002816,CUST00612,03-10-2022,Delivered,UPI,10,52247.95,Durgapur,Mizoram
ORD0002817,CUST00612,12-12-2022,Cancelled,UPI,0,27095.71,Durgapur,Mizoram
ORD0002818,CUST00612,25-10-2022,Delivered,Net Banking,5,15031.64,Durgapur,Mizoram
ORD0002819,CUST00612,16-12-2022,Delivered,Credit Card,10,6073.42,Durgapur,Mizoram
ORD0002820,CUST00612,21-09-2022,Delivered,Debit Card,15,8361.98,Durgapur,Mizoram
ORD0002821,CUST00613,15-01-2024,Shipped,Wallet,0,37558.65,Rourkela,Rajasthan
ORD0002822,CUST00613,06-09-2023,Delivered,Credit Card,10,936.6,Rourkela,Rajasthan
ORD0002823,CUST00613,18-11-2023,Delivered,Debit Card,5,9575.6,Rourkela,Rajasthan
ORD0002824,CUST00613,16-01-2024,Delivered,Credit Card,10,57042.87,Rourkela,Rajasthan
ORD0002825,CUST00613,28-11-2023,Delivered,Credit Card,5,1819.67,Rourkela,Rajasthan
ORD0002826,CUST00613,16-10-2023,Delivered,Credit Card,0,44561.08,Rourkela,Rajasthan
ORD0002827,CUST00613,23-11-2023,Shipped,UPI,0,54598.32,Rourkela,Rajasthan
ORD0002828,CUST00613,09-02-2024,Shipped,Debit Card,0,51769.36,Rourkela,Rajasthan
ORD0002829,CUST00614,12-10-2022,Delivered,UPI,0,3986.18,Tadepalligudem,Nagaland
ORD0002830,CUST00615,29-08-2023,Delivered,UPI,0,156219.26,Medininagar,Himachal Pradesh
ORD0002831,CUST00615,05-09-2023,Cancelled,Debit Card,0,12940.42,Medininagar,Himachal Pradesh
ORD0002832,CUST00615,17-12-2023,Delivered,UPI,15,172280.87,Medininagar,Himachal Pradesh
ORD0002833,CUST00615,07-06-2024,Delivered,Debit Card,5,15795.56,Medininagar,Himachal Pradesh
ORD0002834,CUST00615,21-10-2023,Delivered,Credit Card,5,2407.54,Medininagar,Himachal Pradesh
ORD0002835,CUST00615,26-11-2023,Shipped,COD,0,3166.8,Medininagar,Himachal Pradesh
ORD0002836,CUST00615,06-06-2024,Cancelled,Debit Card,10,18335.74,Medininagar,Himachal Pradesh
ORD0002837,CUST00615,13-11-2023,Delivered,Debit Card,5,1875.56,Medininagar,Himachal Pradesh
ORD0002838,CUST00615,07-11-2023,Delivered,Credit Card,0,756.75,Medininagar,Himachal Pradesh
ORD0002839,CUST00616,10-03-2024,Delivered,UPI,10,52517.86,Agra,Kerala
ORD0002840,CUST00616,27-05-2024,Delivered,Wallet,5,30065.76,Agra,Kerala
ORD0002841,CUST00616,22-06-2024,Delivered,Debit Card,0,1436.58,Agra,Kerala
ORD0002842,CUST00616,20-04-2024,Delivered,Debit Card,5,15031.64,Agra,Kerala
ORD0002843,CUST00616,08-05-2024,Delivered,UPI,5,136696.34,Agra,Kerala
ORD0002844,CUST00616,21-04-2024,Shipped,Debit Card,20,41247.17,Agra,Kerala
ORD0002845,CUST00616,22-03-2024,Processing,Credit Card,15,128757.12,Agra,Kerala
ORD0002846,CUST00616,03-03-2024,Delivered,COD,15,121867.29,Agra,Kerala
ORD0002847,CUST00616,07-05-2024,Returned,Wallet,15,65650.26,Agra,Kerala
ORD0002848,CUST00616,24-04-2024,Returned,Credit Card,10,47371.43,Agra,Kerala
ORD0002849,CUST00616,15-04-2024,Shipped,UPI,10,47529.77,Agra,Kerala
ORD0002850,CUST00617,17-02-2024,Delivered,UPI,15,26375.07,Gulbarga,Odisha
ORD0002851,CUST00617,05-11-2022,Delivered,Credit Card,0,42859.72,Gulbarga,Odisha
ORD0002852,CUST00617,03-04-2023,Returned,Net Banking,5,30537.55,Gulbarga,Odisha
ORD0002853,CUST00618,14-06-2023,Delivered,UPI,20,85929.06,Dibrugarh,Maharashtra
ORD0002854,CUST00619,13-05-2023,Delivered,Credit Card,0,11484.1,Gulbarga,Uttar Pradesh
ORD0002855,CUST00619,28-12-2022,Delivered,Debit Card,5,27321.07,Gulbarga,Uttar Pradesh
ORD0002856,CUST00619,20-06-2023,Delivered,Debit Card,20,78736.28,Gulbarga,Uttar Pradesh
ORD0002857,CUST00619,24-03-2024,Delivered,Net Banking,25,10696.08,Gulbarga,Uttar Pradesh
ORD0002858,CUST00619,01-07-2023,Delivered,Credit Card,20,18689.36,Gulbarga,Uttar Pradesh
ORD0002859,CUST00620,02-11-2023,Shipped,UPI,0,32727.02,Haridwar,Haryana
ORD0002860,CUST00621,08-06-2024,Delivered,UPI,15,2706.09,Bhimavaram,Madhya Pradesh
ORD0002861,CUST00621,03-06-2024,Delivered,COD,10,20747.56,Bhimavaram,Madhya Pradesh
ORD0002862,CUST00622,08-12-2023,Cancelled,Debit Card,25,179851.64,Hazaribagh,Sikkim
ORD0002863,CUST00623,22-03-2024,Delivered,UPI,15,6949.31,Salem,Goa
ORD0002864,CUST00623,12-05-2023,Cancelled,UPI,10,14672.26,Salem,Goa
ORD0002865,CUST00623,24-10-2023,Delivered,Credit Card,15,114880.14,Salem,Goa
ORD0002866,CUST00624,06-08-2022,Delivered,Credit Card,25,206606.02,Karawal Nagar,Sikkim
ORD0002867,CUST00625,29-06-2024,Delivered,UPI,10,6587.57,Tezpur,Tripura
ORD0002868,CUST00626,03-11-2023,Delivered,Debit Card,0,25357.09,Udaipur,Haryana
ORD0002869,CUST00626,12-12-2023,Delivered,Credit Card,0,1915.44,Udaipur,Haryana
ORD0002870,CUST00626,28-01-2024,Delivered,COD,0,169061.07,Udaipur,Haryana
ORD0002871,CUST00626,28-06-2023,Processing,Debit Card,20,29831.5,Udaipur,Haryana
ORD0002872,CUST00626,11-01-2024,Delivered,Credit Card,5,9261.59,Udaipur,Haryana
ORD0002873,CUST00626,17-03-2023,Delivered,UPI,0,3166.8,Udaipur,Haryana
ORD0002874,CUST00626,14-06-2024,Shipped,Debit Card,0,188623.5,Udaipur,Haryana
ORD0002875,CUST00626,01-12-2023,Returned,Credit Card,0,41863.78,Udaipur,Haryana
ORD0002876,CUST00626,02-09-2023,Cancelled,Debit Card,10,11024.14,Udaipur,Haryana
ORD0002877,CUST00626,23-03-2023,Delivered,Debit Card,0,55868,Udaipur,Haryana
ORD0002878,CUST00626,19-11-2023,Delivered,UPI,0,54598.32,Udaipur,Haryana
ORD0002879,CUST00626,14-12-2023,Delivered,Debit Card,5,24461.44,Udaipur,Haryana
ORD0002880,CUST00626,04-02-2023,Delivered,Debit Card,5,124566.03,Udaipur,Haryana
ORD0002881,CUST00626,12-03-2023,Returned,Credit Card,5,8050.68,Udaipur,Haryana
ORD0002882,CUST00626,29-03-2023,Delivered,Credit Card,0,157661.75,Udaipur,Haryana
ORD0002883,CUST00627,21-06-2024,Delivered,Net Banking,5,3719.24,Jalandhar,Madhya Pradesh
ORD0002884,CUST00627,05-04-2024,Returned,UPI,15,10599.29,Jalandhar,Madhya Pradesh
ORD0002885,CUST00628,15-11-2023,Delivered,UPI,0,17955.45,Noida,Kerala
ORD0002886,CUST00629,30-12-2023,Cancelled,Debit Card,5,4832,Khandwa,Chhattisgarh
ORD0002887,CUST00630,12-02-2024,Shipped,Credit Card,0,40491.32,Imphal,Chhattisgarh
ORD0002888,CUST00631,22-05-2023,Delivered,UPI,0,38750.4,Gorakhpur,Uttar Pradesh
ORD0002889,CUST00632,29-04-2024,Delivered,Credit Card,0,25384.02,Bhilai,West Bengal
ORD0002890,CUST00632,29-11-2023,Delivered,Credit Card,5,142991.95,Bhilai,West Bengal
ORD0002891,CUST00632,18-05-2024,Shipped,Credit Card,20,9798.75,Bhilai,West Bengal
ORD0002892,CUST00633,02-11-2023,Returned,UPI,10,15720.32,Bihar Sharif,Rajasthan
ORD0002893,CUST00633,11-12-2023,Delivered,Net Banking,0,3437.16,Bihar Sharif,Rajasthan
ORD0002894,CUST00634,02-02-2024,Shipped,UPI,0,17041.81,Loni,Odisha
ORD0002895,CUST00634,07-11-2023,Delivered,COD,0,47448.44,Loni,Odisha
ORD0002896,CUST00635,14-06-2024,Delivered,UPI,0,69194.69,Vijayawada,Uttarakhand
ORD0002897,CUST00635,24-05-2024,Returned,Debit Card,10,126092.63,Vijayawada,Uttarakhand
ORD0002898,CUST00635,14-05-2024,Shipped,UPI,15,196165.2,Vijayawada,Uttarakhand
ORD0002899,CUST00635,29-04-2024,Delivered,UPI,0,189052.3,Vijayawada,Uttarakhand
ORD0002900,CUST00635,08-05-2024,Shipped,UPI,0,12606.04,Vijayawada,Uttarakhand
ORD0002901,CUST00635,18-04-2024,Delivered,UPI,0,68568.24,Vijayawada,Uttarakhand
ORD0002902,CUST00635,08-05-2024,Delivered,COD,0,201358.66,Vijayawada,Uttarakhand
ORD0002903,CUST00635,06-04-2024,Delivered,Wallet,5,11214.54,Vijayawada,Uttarakhand
ORD0002904,CUST00635,03-06-2024,Delivered,UPI,0,47058.9,Vijayawada,Uttarakhand
ORD0002905,CUST00635,15-05-2024,Delivered,Credit Card,0,7514.16,Vijayawada,Uttarakhand
ORD0002906,CUST00635,15-06-2024,Delivered,UPI,0,54598.32,Vijayawada,Uttarakhand
ORD0002907,CUST00635,27-04-2024,Processing,Debit Card,10,3133.65,Vijayawada,Uttarakhand
ORD0002908,CUST00635,02-06-2024,Delivered,Net Banking,0,5650.73,Vijayawada,Uttarakhand
ORD0002909,CUST00635,05-04-2024,Delivered,Credit Card,10,31937.71,Vijayawada,Uttarakhand
ORD0002910,CUST00636,10-11-2023,Delivered,UPI,0,87790.49,Mahbubnagar,Madhya Pradesh
ORD0002911,CUST00636,17-03-2024,Delivered,Credit Card,10,30777.76,Mahbubnagar,Madhya Pradesh
ORD0002912,CUST00636,01-01-2024,Processing,UPI,0,214595.72,Mahbubnagar,Madhya Pradesh
ORD0002913,CUST00637,05-05-2024,Delivered,COD,10,525.86,Korba,Assam
ORD0002914,CUST00638,01-06-2024,Delivered,Net Banking,0,43376.76,Rohtak,Madhya Pradesh
ORD0002915,CUST00638,14-03-2024,Returned,UPI,0,57934.99,Rohtak,Madhya Pradesh
ORD0002916,CUST00638,11-12-2023,Delivered,Net Banking,0,30789.59,Rohtak,Madhya Pradesh
ORD0002917,CUST00638,12-06-2023,Delivered,Credit Card,0,8917.83,Rohtak,Madhya Pradesh
ORD0002918,CUST00638,20-01-2024,Delivered,Debit Card,10,1574.6,Rohtak,Madhya Pradesh
ORD0002919,CUST00638,10-01-2024,Delivered,Credit Card,10,11208.68,Rohtak,Madhya Pradesh
ORD0002920,CUST00638,11-04-2024,Delivered,UPI,20,10508.65,Rohtak,Madhya Pradesh
ORD0002921,CUST00638,26-09-2023,Delivered,Debit Card,5,17057.68,Rohtak,Madhya Pradesh
ORD0002922,CUST00638,14-11-2023,Cancelled,COD,0,63510.81,Rohtak,Madhya Pradesh
ORD0002923,CUST00638,17-06-2024,Delivered,Credit Card,0,15973.91,Rohtak,Madhya Pradesh
ORD0002924,CUST00638,03-09-2023,Delivered,UPI,0,149137.26,Rohtak,Madhya Pradesh
ORD0002925,CUST00638,21-01-2024,Delivered,Wallet,5,23898.27,Rohtak,Madhya Pradesh
ORD0002926,CUST00638,09-04-2023,Delivered,COD,5,944.49,Rohtak,Madhya Pradesh
ORD0002927,CUST00638,26-03-2023,Returned,Credit Card,0,10155.39,Rohtak,Madhya Pradesh
ORD0002928,CUST00638,06-05-2023,Delivered,Debit Card,5,241379.87,Rohtak,Madhya Pradesh
ORD0002929,CUST00638,03-05-2023,Shipped,Credit Card,5,3382.42,Rohtak,Madhya Pradesh
ORD0002930,CUST00638,04-05-2024,Returned,Credit Card,0,1135.44,Rohtak,Madhya Pradesh
ORD0002931,CUST00638,06-11-2023,Returned,Net Banking,10,133585.76,Rohtak,Madhya Pradesh
ORD0002932,CUST00638,29-05-2023,Shipped,Wallet,25,3076.38,Rohtak,Madhya Pradesh
ORD0002933,CUST00639,07-02-2023,Returned,UPI,0,27182.88,Buxar,Maharashtra
ORD0002934,CUST00639,05-12-2023,Delivered,UPI,5,10269.04,Buxar,Maharashtra
ORD0002935,CUST00640,02-10-2023,Delivered,Credit Card,20,305.67,Kozhikode,Tripura
ORD0002936,CUST00640,25-03-2024,Returned,COD,0,27448.91,Kozhikode,Tripura
ORD0002937,CUST00640,03-06-2023,Delivered,UPI,0,56683.84,Kozhikode,Tripura
ORD0002938,CUST00641,27-12-2023,Delivered,UPI,15,205901.74,Hospet,Goa
ORD0002939,CUST00641,23-01-2023,Shipped,UPI,0,35429.35,Hospet,Goa
ORD0002940,CUST00641,16-04-2024,Delivered,Debit Card,0,96014.71,Hospet,Goa
ORD0002941,CUST00641,07-01-2023,Delivered,Net Banking,0,9586.34,Hospet,Goa
ORD0002942,CUST00641,20-09-2023,Shipped,Debit Card,0,490.98,Hospet,Goa
ORD0002943,CUST00641,02-12-2023,Delivered,Credit Card,15,1930.25,Hospet,Goa
ORD0002944,CUST00642,19-12-2023,Delivered,UPI,0,3023.4,Durgapur,Punjab
ORD0002945,CUST00642,03-04-2024,Shipped,UPI,0,34843.53,Durgapur,Punjab
ORD0002946,CUST00642,17-02-2024,Delivered,Debit Card,15,46208.95,Durgapur,Punjab
ORD0002947,CUST00642,29-09-2023,Delivered,Debit Card,10,30558.07,Durgapur,Punjab
ORD0002948,CUST00642,19-06-2023,Delivered,Wallet,15,15451.02,Durgapur,Punjab
ORD0002949,CUST00642,08-12-2023,Delivered,Credit Card,0,497.1,Durgapur,Punjab
ORD0002950,CUST00642,03-11-2023,Delivered,Credit Card,10,8355.2,Durgapur,Punjab
ORD0002951,CUST00642,13-07-2023,Shipped,Credit Card,0,162046.05,Durgapur,Punjab
ORD0002952,CUST00642,26-04-2023,Shipped,Credit Card,5,1948.37,Durgapur,Punjab
ORD0002953,CUST00642,31-05-2023,Delivered,Credit Card,5,27251.19,Durgapur,Punjab
ORD0002954,CUST00642,26-05-2024,Delivered,Credit Card,5,11975.74,Durgapur,Punjab
ORD0002955,CUST00642,29-07-2023,Shipped,Credit Card,0,230487.9,Durgapur,Punjab
ORD0002956,CUST00642,25-05-2023,Delivered,UPI,0,55781.46,Durgapur,Punjab
ORD0002957,CUST00642,21-03-2024,Delivered,Wallet,15,4880.74,Durgapur,Punjab
ORD0002958,CUST00642,29-05-2024,Delivered,Debit Card,10,105493.39,Durgapur,Punjab
ORD0002959,CUST00642,10-07-2023,Delivered,UPI,5,415.52,Durgapur,Punjab
ORD0002960,CUST00642,12-06-2023,Delivered,Credit Card,10,62693.62,Durgapur,Punjab
ORD0002961,CUST00642,23-10-2023,Delivered,Debit Card,15,12014.04,Durgapur,Punjab
ORD0002962,CUST00642,25-11-2023,Delivered,UPI,10,49040.59,Durgapur,Punjab
ORD0002963,CUST00643,07-04-2023,Delivered,Net Banking,5,20423.08,Mathura,Goa
ORD0002964,CUST00643,04-06-2024,Cancelled,UPI,15,965.12,Mathura,Goa
ORD0002965,CUST00643,22-03-2023,Delivered,UPI,10,48410.31,Mathura,Goa
ORD0002966,CUST00644,25-03-2024,Delivered,Credit Card,15,117906.71,Mahbubnagar,Uttarakhand
ORD0002967,CUST00644,18-08-2023,Delivered,Credit Card,10,4516.16,Mahbubnagar,Uttarakhand
ORD0002968,CUST00644,06-07-2023,Delivered,Debit Card,10,60635.56,Mahbubnagar,Uttarakhand
ORD0002969,CUST00644,03-12-2023,Shipped,Debit Card,20,9703.65,Mahbubnagar,Uttarakhand
ORD0002970,CUST00644,27-11-2023,Delivered,COD,15,16826.91,Mahbubnagar,Uttarakhand
ORD0002971,CUST00644,04-06-2023,Delivered,UPI,5,223992.06,Mahbubnagar,Uttarakhand
ORD0002972,CUST00644,01-05-2024,Delivered,COD,5,1691.21,Mahbubnagar,Uttarakhand
ORD0002973,CUST00645,24-02-2024,Cancelled,Credit Card,0,745.3,Bahraich,Meghalaya
ORD0002974,CUST00645,23-05-2024,Delivered,UPI,10,187706.63,Bahraich,Meghalaya
ORD0002975,CUST00645,17-06-2024,Delivered,UPI,0,38523.66,Bahraich,Meghalaya
ORD0002976,CUST00645,07-06-2024,Returned,UPI,5,26712.21,Bahraich,Meghalaya
ORD0002977,CUST00645,12-05-2024,Shipped,Net Banking,10,30662.53,Bahraich,Meghalaya
ORD0002978,CUST00645,05-03-2024,Delivered,UPI,0,48623.68,Bahraich,Meghalaya
ORD0002979,CUST00645,25-02-2024,Shipped,Credit Card,15,8759.31,Bahraich,Meghalaya
ORD0002980,CUST00645,27-05-2024,Delivered,UPI,5,31208.38,Bahraich,Meghalaya
ORD0002981,CUST00645,21-06-2024,Delivered,Debit Card,0,11526.42,Bahraich,Meghalaya
ORD0002982,CUST00645,10-04-2024,Delivered,Credit Card,10,89059.12,Bahraich,Meghalaya
ORD0002983,CUST00645,07-01-2024,Delivered,Net Banking,15,13518.58,Bahraich,Meghalaya
ORD0002984,CUST00645,24-05-2024,Delivered,UPI,0,2601.32,Bahraich,Meghalaya
ORD0002985,CUST00645,25-05-2024,Delivered,Debit Card,5,101035.2,Bahraich,Meghalaya
ORD0002986,CUST00646,30-01-2024,Cancelled,UPI,10,34525.26,Sonipat,Chhattisgarh
ORD0002987,CUST00646,29-07-2023,Cancelled,Credit Card,10,2724.3,Sonipat,Chhattisgarh
ORD0002988,CUST00646,10-02-2024,Delivered,Net Banking,0,22404.42,Sonipat,Chhattisgarh
ORD0002989,CUST00646,05-02-2023,Delivered,UPI,0,11758.53,Sonipat,Chhattisgarh
ORD0002990,CUST00646,26-01-2024,Delivered,UPI,0,12190.24,Sonipat,Chhattisgarh
ORD0002991,CUST00646,18-09-2022,Shipped,UPI,10,12934.51,Sonipat,Chhattisgarh
ORD0002992,CUST00646,12-12-2023,Delivered,Net Banking,5,30858.77,Sonipat,Chhattisgarh
ORD0002993,CUST00646,31-10-2023,Delivered,Net Banking,10,3204.4,Sonipat,Chhattisgarh
ORD0002994,CUST00646,09-04-2022,Delivered,COD,0,85905.75,Sonipat,Chhattisgarh
ORD0002995,CUST00646,16-11-2022,Delivered,UPI,0,13181.55,Sonipat,Chhattisgarh
ORD0002996,CUST00646,14-03-2023,Cancelled,Net Banking,0,48796.51,Sonipat,Chhattisgarh
ORD0002997,CUST00646,29-01-2024,Delivered,Credit Card,10,12010.97,Sonipat,Chhattisgarh
ORD0002998,CUST00647,17-12-2023,Delivered,COD,10,23466.6,Hindupur,Arunachal Pradesh
ORD0002999,CUST00647,11-02-2024,Delivered,Wallet,0,3452.18,Hindupur,Arunachal Pradesh
ORD0003000,CUST00647,01-05-2024,Shipped,Debit Card,15,29645.21,Hindupur,Arunachal Pradesh
ORD0003001,CUST00648,06-12-2023,Delivered,UPI,0,3137.04,Narasaraopet,Jharkhand
ORD0003002,CUST00648,28-10-2023,Delivered,UPI,0,17285.12,Narasaraopet,Jharkhand
ORD0003003,CUST00649,24-05-2024,Delivered,UPI,10,7284.08,Dharmavaram,West Bengal
ORD0003004,CUST00649,30-03-2024,Delivered,Debit Card,0,16356.25,Dharmavaram,West Bengal
ORD0003005,CUST00649,28-05-2024,Cancelled,Debit Card,10,133111.09,Dharmavaram,West Bengal
ORD0003006,CUST00650,21-06-2024,Delivered,Credit Card,0,11703.06,Narasaraopet,Tripura
ORD0003007,CUST00650,11-02-2023,Delivered,UPI,15,1628.12,Narasaraopet,Tripura
ORD0003008,CUST00650,25-04-2022,Returned,Credit Card,0,57652.98,Narasaraopet,Tripura
ORD0003009,CUST00650,24-06-2022,Returned,Credit Card,10,21775.94,Narasaraopet,Tripura
ORD0003010,CUST00650,23-12-2022,Delivered,Debit Card,10,10675.9,Narasaraopet,Tripura
ORD0003011,CUST00650,15-11-2022,Returned,UPI,20,28469.06,Narasaraopet,Tripura
ORD0003012,CUST00651,21-09-2023,Delivered,Credit Card,5,130284.79,Begusarai,Nagaland
ORD0003013,CUST00651,10-10-2023,Delivered,Credit Card,5,25156.33,Begusarai,Nagaland
ORD0003014,CUST00651,01-09-2023,Delivered,UPI,10,30449.15,Begusarai,Nagaland
ORD0003015,CUST00651,31-05-2024,Delivered,UPI,15,9525.8,Begusarai,Nagaland
ORD0003016,CUST00651,23-03-2024,Delivered,UPI,5,8580.9,Begusarai,Nagaland
ORD0003017,CUST00651,02-06-2024,Delivered,Net Banking,15,63394.48,Begusarai,Nagaland
ORD0003018,CUST00651,13-03-2024,Delivered,UPI,0,33378.38,Begusarai,Nagaland
ORD0003019,CUST00651,07-02-2024,Delivered,UPI,0,3014.2,Begusarai,Nagaland
ORD0003020,CUST00651,10-09-2023,Delivered,UPI,0,11799.64,Begusarai,Nagaland
ORD0003021,CUST00651,24-12-2023,Cancelled,UPI,10,41046.84,Begusarai,Nagaland
ORD0003022,CUST00651,07-11-2023,Shipped,UPI,5,454.92,Begusarai,Nagaland
ORD0003023,CUST00651,29-05-2024,Delivered,UPI,15,6535.52,Begusarai,Nagaland
ORD0003024,CUST00651,28-09-2023,Delivered,UPI,0,11967.24,Begusarai,Nagaland
ORD0003025,CUST00652,27-09-2022,Delivered,UPI,5,1639.79,Rajkot,Chhattisgarh
ORD0003026,CUST00652,01-05-2023,Delivered,Credit Card,0,13540.52,Rajkot,Chhattisgarh
ORD0003027,CUST00652,18-01-2024,Returned,Credit Card,5,28187.09,Rajkot,Chhattisgarh
ORD0003028,CUST00652,25-09-2023,Delivered,UPI,10,80683.48,Rajkot,Chhattisgarh
ORD0003029,CUST00652,10-08-2022,Delivered,Net Banking,10,19739.98,Rajkot,Chhattisgarh
ORD0003030,CUST00652,04-07-2022,Delivered,UPI,5,101011.64,Rajkot,Chhattisgarh
ORD0003031,CUST00653,17-05-2023,Delivered,Credit Card,0,10122.36,Salem,Nagaland
ORD0003032,CUST00653,01-07-2023,Delivered,UPI,15,3474.66,Salem,Nagaland
ORD0003033,CUST00653,10-12-2023,Delivered,Credit Card,0,59719.08,Salem,Nagaland
ORD0003034,CUST00653,24-11-2023,Returned,UPI,10,11162.07,Salem,Nagaland
ORD0003035,CUST00653,30-07-2023,Shipped,Net Banking,0,23406.12,Salem,Nagaland
ORD0003036,CUST00653,21-01-2023,Delivered,Wallet,0,27163.87,Salem,Nagaland
ORD0003037,CUST00653,22-03-2024,Delivered,Debit Card,0,1503.94,Salem,Nagaland
ORD0003038,CUST00653,07-11-2022,Cancelled,Credit Card,15,59320.33,Salem,Nagaland
ORD0003039,CUST00653,10-09-2023,Delivered,COD,0,23689.24,Salem,Nagaland
ORD0003040,CUST00653,10-06-2024,Delivered,Debit Card,0,27330.12,Salem,Nagaland
ORD0003041,CUST00653,08-12-2023,Delivered,Debit Card,20,4825.01,Salem,Nagaland
ORD0003042,CUST00654,21-04-2024,Delivered,UPI,20,8309.81,Ozhukarai,Mizoram
ORD0003043,CUST00655,03-05-2024,Delivered,Debit Card,0,8120.73,Shimla,Goa
ORD0003044,CUST00655,16-12-2023,Delivered,Net Banking,0,24848.16,Shimla,Goa
ORD0003045,CUST00655,04-03-2024,Shipped,Credit Card,0,7897.08,Shimla,Goa
ORD0003046,CUST00655,18-04-2024,Delivered,Net Banking,20,43678.66,Shimla,Goa
ORD0003047,CUST00655,17-02-2024,Delivered,Credit Card,0,76853.5,Shimla,Goa
ORD0003048,CUST00655,06-01-2024,Delivered,UPI,5,34425.72,Shimla,Goa
ORD0003049,CUST00655,23-05-2024,Delivered,Credit Card,0,9837.62,Shimla,Goa
ORD0003050,CUST00655,09-01-2024,Cancelled,Debit Card,15,9416.39,Shimla,Goa
ORD0003051,CUST00655,16-12-2023,Delivered,Credit Card,0,111760.54,Shimla,Goa
ORD0003052,CUST00656,09-07-2023,Cancelled,Debit Card,0,246666.04,Kota,Sikkim
ORD0003053,CUST00656,07-12-2023,Delivered,UPI,10,24639.98,Kota,Sikkim
ORD0003054,CUST00656,04-10-2023,Delivered,Credit Card,10,19878.2,Kota,Sikkim
ORD0003055,CUST00656,01-03-2023,Returned,Net Banking,5,34239.08,Kota,Sikkim
ORD0003056,CUST00656,27-06-2024,Delivered,Credit Card,0,17337.48,Kota,Sikkim
ORD0003057,CUST00656,22-10-2023,Delivered,Net Banking,5,12183.41,Kota,Sikkim
ORD0003058,CUST00656,13-03-2023,Processing,Credit Card,5,14783.98,Kota,Sikkim
ORD0003059,CUST00656,26-04-2023,Delivered,Debit Card,0,52108.12,Kota,Sikkim
ORD0003060,CUST00656,29-01-2024,Returned,COD,10,35870.54,Kota,Sikkim
ORD0003061,CUST00656,02-06-2023,Cancelled,UPI,15,10411.17,Kota,Sikkim
ORD0003062,CUST00656,02-10-2023,Shipped,Debit Card,15,125276.17,Kota,Sikkim
ORD0003063,CUST00657,29-10-2023,Shipped,Credit Card,15,33614.99,Avadi,Kerala
ORD0003064,CUST00657,19-06-2024,Delivered,COD,25,13952.59,Avadi,Kerala
ORD0003065,CUST00657,12-03-2024,Returned,COD,5,904.86,Avadi,Kerala
ORD0003066,CUST00657,06-02-2024,Delivered,COD,5,56899.05,Avadi,Kerala
ORD0003067,CUST00657,20-09-2022,Returned,Credit Card,0,24259.23,Avadi,Kerala
ORD0003068,CUST00658,09-05-2024,Delivered,Credit Card,20,43005.77,Panihati,Gujarat
ORD0003069,CUST00659,15-09-2023,Delivered,UPI,10,23563.62,Nanded,Karnataka
ORD0003070,CUST00660,06-12-2023,Delivered,UPI,0,540.59,Bhubaneswar,Meghalaya
ORD0003071,CUST00660,24-03-2024,Shipped,Debit Card,25,8406.03,Bhubaneswar,Meghalaya
ORD0003072,CUST00660,22-04-2024,Cancelled,Credit Card,15,1544.81,Bhubaneswar,Meghalaya
ORD0003073,CUST00660,08-09-2023,Delivered,Debit Card,5,135489.74,Bhubaneswar,Meghalaya
ORD0003074,CUST00661,06-10-2023,Delivered,Credit Card,10,90207.7,Lucknow,Chhattisgarh
ORD0003075,CUST00661,08-06-2024,Delivered,Debit Card,20,35059.2,Lucknow,Chhattisgarh
ORD0003076,CUST00661,17-02-2024,Delivered,UPI,15,116635.1,Lucknow,Chhattisgarh
ORD0003077,CUST00662,17-06-2024,Delivered,Net Banking,5,21433.71,Bulandshahr,Maharashtra
ORD0003078,CUST00662,07-06-2024,Shipped,UPI,15,128918.31,Bulandshahr,Maharashtra
ORD0003079,CUST00662,08-06-2024,Delivered,Credit Card,0,1821.18,Bulandshahr,Maharashtra
ORD0003080,CUST00662,23-06-2024,Delivered,Credit Card,5,5898.55,Bulandshahr,Maharashtra
ORD0003081,CUST00662,15-06-2024,Delivered,UPI,0,307753.62,Bulandshahr,Maharashtra
ORD0003082,CUST00662,20-06-2024,Delivered,UPI,5,62496.43,Bulandshahr,Maharashtra
ORD0003083,CUST00662,22-05-2024,Delivered,UPI,5,9345.74,Bulandshahr,Maharashtra
ORD0003084,CUST00662,11-06-2024,Delivered,Debit Card,15,38149.87,Bulandshahr,Maharashtra
ORD0003085,CUST00662,13-06-2024,Delivered,COD,10,9277.13,Bulandshahr,Maharashtra
ORD0003086,CUST00662,19-05-2024,Cancelled,Debit Card,0,3343.16,Bulandshahr,Maharashtra
ORD0003087,CUST00662,07-06-2024,Shipped,UPI,5,2473.03,Bulandshahr,Maharashtra
ORD0003088,CUST00662,08-06-2024,Returned,Net Banking,0,45002.82,Bulandshahr,Maharashtra
ORD0003089,CUST00662,04-06-2024,Delivered,Debit Card,15,26644.08,Bulandshahr,Maharashtra
ORD0003090,CUST00662,28-05-2024,Delivered,UPI,0,12212.88,Bulandshahr,Maharashtra
ORD0003091,CUST00662,03-06-2024,Cancelled,UPI,25,1874.8,Bulandshahr,Maharashtra
ORD0003092,CUST00662,27-06-2024,Returned,Credit Card,5,1416.74,Bulandshahr,Maharashtra
ORD0003093,CUST00663,30-05-2024,Delivered,COD,0,281242,Buxar,Assam
ORD0003094,CUST00663,29-06-2024,Delivered,Credit Card,15,14846.97,Buxar,Assam
ORD0003095,CUST00663,25-06-2024,Shipped,UPI,10,2115.29,Buxar,Assam
ORD0003096,CUST00664,06-04-2024,Shipped,Debit Card,0,305109.64,Dehri,Tripura
ORD0003097,CUST00665,26-12-2023,Returned,UPI,0,82665.68,Ramgarh,Kerala
ORD0003098,CUST00665,08-04-2024,Delivered,Debit Card,0,45448.28,Ramgarh,Kerala
ORD0003099,CUST00665,12-04-2024,Delivered,Net Banking,0,36891.74,Ramgarh,Kerala
ORD0003100,CUST00666,03-01-2024,Delivered,Credit Card,10,105727.28,Panihati,Jharkhand
ORD0003101,CUST00666,03-12-2023,Shipped,UPI,0,19320.77,Panihati,Jharkhand
ORD0003102,CUST00667,14-09-2023,Processing,Credit Card,0,57204.65,Davanagere,Gujarat
ORD0003103,CUST00667,10-09-2023,Delivered,Debit Card,15,2811.51,Davanagere,Gujarat
ORD0003104,CUST00667,28-04-2024,Delivered,Credit Card,0,34679.54,Davanagere,Gujarat
ORD0003105,CUST00667,05-02-2023,Delivered,Net Banking,0,178641.32,Davanagere,Gujarat
ORD0003106,CUST00667,02-06-2023,Delivered,Net Banking,0,1312.17,Davanagere,Gujarat
ORD0003107,CUST00668,04-06-2023,Delivered,Credit Card,20,4135.46,Morena,Himachal Pradesh
ORD0003108,CUST00668,28-01-2023,Delivered,COD,0,84105.3,Morena,Himachal Pradesh
ORD0003109,CUST00668,31-01-2023,Delivered,UPI,10,12464.71,Morena,Himachal Pradesh
ORD0003110,CUST00668,29-04-2024,Delivered,Credit Card,5,66669.88,Morena,Himachal Pradesh
ORD0003111,CUST00668,09-04-2023,Delivered,UPI,0,57369.56,Morena,Himachal Pradesh
ORD0003112,CUST00668,30-11-2023,Delivered,Credit Card,10,10770.52,Morena,Himachal Pradesh
ORD0003113,CUST00668,03-02-2024,Shipped,Credit Card,0,12506.28,Morena,Himachal Pradesh
ORD0003114,CUST00668,03-09-2023,Delivered,Credit Card,15,6655.48,Morena,Himachal Pradesh
ORD0003115,CUST00668,07-02-2024,Delivered,Debit Card,15,1997.77,Morena,Himachal Pradesh
ORD0003116,CUST00669,31-12-2022,Returned,COD,0,3374.12,Panipat,Telangana
ORD0003117,CUST00669,24-05-2023,Delivered,UPI,0,8029.11,Panipat,Telangana
ORD0003118,CUST00669,06-05-2023,Delivered,Debit Card,10,8261.37,Panipat,Telangana
ORD0003119,CUST00669,12-03-2024,Delivered,COD,0,37589.79,Panipat,Telangana
ORD0003120,CUST00669,09-03-2024,Delivered,Credit Card,20,22818.3,Panipat,Telangana
ORD0003121,CUST00669,21-10-2023,Delivered,Credit Card,15,4935.2,Panipat,Telangana
ORD0003122,CUST00669,07-04-2024,Delivered,UPI,0,12529.93,Panipat,Telangana
ORD0003123,CUST00669,24-12-2023,Delivered,UPI,15,8401.94,Panipat,Telangana
ORD0003124,CUST00669,29-07-2023,Delivered,Net Banking,10,22309.91,Panipat,Telangana
ORD0003125,CUST00669,14-06-2023,Delivered,Credit Card,15,27874.41,Panipat,Telangana
ORD0003126,CUST00669,23-10-2023,Delivered,UPI,0,24357.64,Panipat,Telangana
ORD0003127,CUST00669,05-12-2022,Returned,Debit Card,0,45785.1,Panipat,Telangana
ORD0003128,CUST00669,16-01-2023,Delivered,UPI,0,2405.82,Panipat,Telangana
ORD0003129,CUST00669,24-02-2024,Returned,UPI,0,1549.94,Panipat,Telangana
ORD0003130,CUST00669,06-09-2022,Delivered,Debit Card,0,123876.62,Panipat,Telangana
ORD0003131,CUST00670,06-04-2024,Delivered,UPI,0,4319.92,Sangli-Miraj & Kupwad,Maharashtra
ORD0003132,CUST00670,14-03-2024,Delivered,Net Banking,5,36180.04,Sangli-Miraj & Kupwad,Maharashtra
ORD0003133,CUST00670,17-06-2024,Delivered,Wallet,0,585.01,Sangli-Miraj & Kupwad,Maharashtra
ORD0003134,CUST00670,29-06-2024,Delivered,Credit Card,10,10856.94,Sangli-Miraj & Kupwad,Maharashtra
ORD0003135,CUST00670,20-03-2024,Delivered,UPI,0,16172.82,Sangli-Miraj & Kupwad,Maharashtra
ORD0003136,CUST00670,04-05-2024,Delivered,Debit Card,10,19084.29,Sangli-Miraj & Kupwad,Maharashtra
ORD0003137,CUST00671,07-10-2022,Delivered,COD,10,4777.11,Bathinda,Andhra Pradesh
ORD0003138,CUST00671,07-02-2022,Delivered,UPI,0,5330.43,Bathinda,Andhra Pradesh
ORD0003139,CUST00671,09-03-2022,Delivered,Debit Card,20,54342.4,Bathinda,Andhra Pradesh
ORD0003140,CUST00672,13-05-2023,Cancelled,Credit Card,0,136246.94,Fatehpur,Manipur
ORD0003141,CUST00672,21-03-2024,Delivered,Credit Card,0,23060.04,Fatehpur,Manipur
ORD0003142,CUST00672,22-10-2023,Cancelled,UPI,15,10155.6,Fatehpur,Manipur
ORD0003143,CUST00672,29-04-2024,Returned,Credit Card,15,3854.84,Fatehpur,Manipur
ORD0003144,CUST00672,07-09-2023,Delivered,UPI,0,5404.76,Fatehpur,Manipur
ORD0003145,CUST00672,05-04-2023,Delivered,Credit Card,0,107689.4,Fatehpur,Manipur
ORD0003146,CUST00672,20-08-2023,Delivered,COD,0,49616.16,Fatehpur,Manipur
ORD0003147,CUST00672,06-10-2023,Delivered,UPI,15,175621.33,Fatehpur,Manipur
ORD0003148,CUST00672,13-06-2024,Delivered,UPI,0,35757.8,Fatehpur,Manipur
ORD0003149,CUST00673,20-06-2024,Delivered,UPI,0,159174.14,Muzaffarnagar,Mizoram
ORD0003150,CUST00674,07-04-2023,Cancelled,Credit Card,20,4738.25,Mira-Bhayandar,Karnataka
ORD0003151,CUST00675,21-11-2023,Delivered,Net Banking,0,15196.47,Hapur,Gujarat
ORD0003152,CUST00675,16-10-2023,Delivered,COD,5,7897.86,Hapur,Gujarat
ORD0003153,CUST00675,24-02-2023,Delivered,Credit Card,0,142038.6,Hapur,Gujarat
ORD0003154,CUST00675,04-11-2023,Returned,Credit Card,5,390693.68,Hapur,Gujarat
ORD0003155,CUST00675,04-08-2022,Processing,COD,0,41883.96,Hapur,Gujarat
ORD0003156,CUST00675,20-05-2024,Delivered,Credit Card,0,62923.62,Hapur,Gujarat
ORD0003157,CUST00675,26-05-2024,Delivered,UPI,0,12529.93,Hapur,Gujarat
ORD0003158,CUST00675,15-04-2023,Delivered,Credit Card,25,50329.94,Hapur,Gujarat
ORD0003159,CUST00675,16-10-2022,Delivered,UPI,5,77218.73,Hapur,Gujarat
ORD0003160,CUST00675,30-11-2023,Delivered,UPI,0,2090.58,Hapur,Gujarat
ORD0003161,CUST00675,01-09-2023,Delivered,UPI,25,178712.25,Hapur,Gujarat
ORD0003162,CUST00675,04-04-2024,Delivered,Debit Card,15,15961.12,Hapur,Gujarat
ORD0003163,CUST00676,11-12-2023,Delivered,Credit Card,0,177339.72,Tiruvottiyur,Tripura
ORD0003164,CUST00676,03-02-2024,Delivered,UPI,10,17232.49,Tiruvottiyur,Tripura
ORD0003165,CUST00676,16-04-2024,Delivered,UPI,0,4319.92,Tiruvottiyur,Tripura
ORD0003166,CUST00676,24-03-2024,Delivered,Credit Card,20,19486.11,Tiruvottiyur,Tripura
ORD0003167,CUST00676,06-04-2024,Delivered,COD,0,26203.32,Tiruvottiyur,Tripura
ORD0003168,CUST00676,22-10-2023,Returned,UPI,10,13175.14,Tiruvottiyur,Tripura
ORD0003169,CUST00676,25-06-2023,Delivered,Debit Card,0,46812.24,Tiruvottiyur,Tripura
ORD0003170,CUST00677,18-06-2024,Shipped,COD,0,4874.52,Begusarai,Assam
ORD0003171,CUST00677,03-05-2024,Cancelled,Wallet,5,68082.15,Begusarai,Assam
ORD0003172,CUST00678,31-08-2022,Cancelled,Credit Card,15,201298.74,Bettiah,Goa
ORD0003173,CUST00679,15-01-2023,Delivered,Credit Card,0,35109.18,Pondicherry,Chhattisgarh
ORD0003174,CUST00680,17-11-2022,Delivered,Net Banking,10,246680.66,Gudivada,Gujarat
ORD0003175,CUST00681,01-06-2024,Cancelled,Wallet,5,4103.92,Loni,Bihar
ORD0003176,CUST00682,22-06-2023,Processing,Credit Card,20,10084.83,Morbi,Tripura
ORD0003177,CUST00682,29-07-2023,Delivered,UPI,20,12938.26,Morbi,Tripura
ORD0003178,CUST00682,04-05-2024,Delivered,COD,5,13961.73,Morbi,Tripura
ORD0003179,CUST00682,05-03-2024,Shipped,UPI,20,15608.72,Morbi,Tripura
ORD0003180,CUST00682,27-03-2024,Cancelled,Debit Card,10,4177.6,Morbi,Tripura
ORD0003181,CUST00682,29-05-2023,Delivered,UPI,5,40957.07,Morbi,Tripura
ORD0003182,CUST00682,07-01-2024,Delivered,UPI,0,98678.58,Morbi,Tripura
ORD0003183,CUST00682,29-05-2024,Delivered,Credit Card,15,10308.24,Morbi,Tripura
ORD0003184,CUST00682,25-10-2023,Delivered,Net Banking,0,47712.63,Morbi,Tripura
ORD0003185,CUST00683,11-01-2024,Delivered,Net Banking,0,112159.4,Chandrapur,Kerala
ORD0003186,CUST00683,27-06-2024,Returned,Wallet,10,18987.34,Chandrapur,Kerala
ORD0003187,CUST00683,08-05-2024,Returned,Debit Card,25,22117.23,Chandrapur,Kerala
ORD0003188,CUST00683,28-01-2024,Shipped,Debit Card,20,22263.35,Chandrapur,Kerala
ORD0003189,CUST00683,29-03-2024,Shipped,Debit Card,20,1869.73,Chandrapur,Kerala
ORD0003190,CUST00683,23-11-2023,Delivered,UPI,0,28136.73,Chandrapur,Kerala
ORD0003191,CUST00684,03-06-2023,Delivered,Net Banking,20,24358.7,Kalyan-Dombivli,Punjab
ORD0003192,CUST00684,17-02-2024,Delivered,Debit Card,0,18042.39,Kalyan-Dombivli,Punjab
ORD0003193,CUST00684,06-07-2023,Delivered,COD,0,6924.84,Kalyan-Dombivli,Punjab
ORD0003194,CUST00684,19-10-2023,Delivered,UPI,5,90326.49,Kalyan-Dombivli,Punjab
ORD0003195,CUST00684,28-05-2024,Delivered,Credit Card,5,22743.57,Kalyan-Dombivli,Punjab
ORD0003196,CUST00684,16-04-2023,Delivered,Debit Card,0,23721.8,Kalyan-Dombivli,Punjab
ORD0003197,CUST00684,12-05-2023,Delivered,UPI,10,89634.22,Kalyan-Dombivli,Punjab
ORD0003198,CUST00684,14-11-2023,Delivered,UPI,0,8232.75,Kalyan-Dombivli,Punjab
ORD0003199,CUST00684,24-04-2023,Delivered,Credit Card,20,255639.69,Kalyan-Dombivli,Punjab
ORD0003200,CUST00685,29-02-2024,Delivered,Wallet,0,279524.84,Bhiwani,Sikkim
ORD0003201,CUST00686,07-05-2024,Cancelled,Wallet,20,34407.66,Berhampore,Tamil Nadu
ORD0003202,CUST00686,26-05-2024,Shipped,UPI,0,53345.71,Berhampore,Tamil Nadu
ORD0003203,CUST00686,21-05-2024,Delivered,Credit Card,5,740357.05,Berhampore,Tamil Nadu
ORD0003204,CUST00686,19-06-2024,Delivered,Net Banking,5,18344.24,Berhampore,Tamil Nadu
ORD0003205,CUST00686,13-06-2024,Shipped,Debit Card,0,95080.52,Berhampore,Tamil Nadu
ORD0003206,CUST00686,29-05-2024,Delivered,Credit Card,0,5985.15,Berhampore,Tamil Nadu
ORD0003207,CUST00686,23-06-2024,Delivered,UPI,0,301025.5,Berhampore,Tamil Nadu
ORD0003208,CUST00686,06-05-2024,Delivered,Credit Card,0,77186.98,Berhampore,Tamil Nadu
ORD0003209,CUST00686,17-06-2024,Shipped,UPI,5,9880.44,Berhampore,Tamil Nadu
ORD0003210,CUST00686,23-06-2024,Cancelled,Debit Card,20,18559.94,Berhampore,Tamil Nadu
ORD0003211,CUST00686,29-06-2024,Delivered,UPI,0,27901.83,Berhampore,Tamil Nadu
ORD0003212,CUST00686,22-05-2024,Delivered,Credit Card,10,1024.8,Berhampore,Tamil Nadu
ORD0003213,CUST00686,13-05-2024,Delivered,UPI,25,1162.46,Berhampore,Tamil Nadu
ORD0003214,CUST00686,29-06-2024,Processing,Credit Card,5,19070.19,Berhampore,Tamil Nadu
ORD0003215,CUST00687,21-12-2023,Cancelled,UPI,25,356309.91,Mehsana,Rajasthan
ORD0003216,CUST00687,24-08-2023,Processing,Debit Card,0,19493.89,Mehsana,Rajasthan
ORD0003217,CUST00687,03-09-2023,Delivered,Wallet,25,650.8,Mehsana,Rajasthan
ORD0003218,CUST00687,30-01-2024,Cancelled,Wallet,10,43905.67,Mehsana,Rajasthan
ORD0003219,CUST00687,22-12-2023,Shipped,Credit Card,0,44648.01,Mehsana,Rajasthan
ORD0003220,CUST00687,18-10-2023,Delivered,Credit Card,0,51927.96,Mehsana,Rajasthan
ORD0003221,CUST00687,25-02-2024,Delivered,UPI,5,21809.93,Mehsana,Rajasthan
ORD0003222,CUST00688,27-04-2023,Delivered,Credit Card,10,107571.44,Karaikudi,Nagaland
ORD0003223,CUST00688,09-02-2024,Shipped,Credit Card,0,11967.24,Karaikudi,Nagaland
ORD0003224,CUST00688,02-05-2024,Cancelled,UPI,25,19792.59,Karaikudi,Nagaland
ORD0003225,CUST00688,27-03-2024,Delivered,Debit Card,0,2543.16,Karaikudi,Nagaland
ORD0003226,CUST00689,11-09-2023,Delivered,Credit Card,15,1329.79,Srikakulam,Odisha
ORD0003227,CUST00689,20-11-2022,Processing,UPI,10,118865.12,Srikakulam,Odisha
ORD0003228,CUST00689,16-06-2023,Delivered,UPI,5,4482.4,Srikakulam,Odisha
ORD0003229,CUST00690,26-06-2023,Delivered,UPI,5,39702.92,Sagar,Haryana
ORD0003230,CUST00691,18-02-2023,Delivered,UPI,10,20151.86,Imphal,Nagaland
ORD0003231,CUST00692,29-06-2024,Delivered,Credit Card,5,8981.8,Agartala,Odisha
ORD0003232,CUST00692,07-06-2024,Processing,UPI,0,205299.37,Agartala,Odisha
ORD0003233,CUST00692,03-06-2024,Delivered,Debit Card,10,34403.18,Agartala,Odisha
ORD0003234,CUST00692,02-06-2024,Delivered,Net Banking,0,9379.71,Agartala,Odisha
ORD0003235,CUST00692,24-06-2024,Shipped,UPI,5,77802.61,Agartala,Odisha
ORD0003236,CUST00692,06-06-2024,Delivered,Net Banking,5,161071.44,Agartala,Odisha
ORD0003237,CUST00692,18-06-2024,Shipped,Credit Card,20,3457.02,Agartala,Odisha
ORD0003238,CUST00693,20-06-2024,Delivered,Credit Card,0,13104.18,Jehanabad,Himachal Pradesh
ORD0003239,CUST00694,01-11-2023,Delivered,UPI,5,20750.98,Chennai,Punjab
ORD0003240,CUST00695,13-03-2024,Shipped,Net Banking,0,101966.28,Sambhal,Odisha
ORD0003241,CUST00695,21-06-2024,Shipped,UPI,5,146021.65,Sambhal,Odisha
ORD0003242,CUST00695,16-06-2024,Delivered,Net Banking,15,2946.8,Sambhal,Odisha
ORD0003243,CUST00696,21-10-2023,Delivered,Credit Card,25,14090.74,Ambattur,Kerala
ORD0003244,CUST00696,21-11-2023,Delivered,Credit Card,0,129993.93,Ambattur,Kerala
ORD0003245,CUST00696,01-10-2023,Delivered,COD,0,31691.23,Ambattur,Kerala
ORD0003246,CUST00696,08-11-2023,Cancelled,Wallet,10,144677.71,Ambattur,Kerala
ORD0003247,CUST00696,19-04-2024,Delivered,Wallet,5,4301.11,Ambattur,Kerala
ORD0003248,CUST00696,02-11-2023,Delivered,UPI,0,252741.26,Ambattur,Kerala
ORD0003249,CUST00696,07-11-2023,Delivered,Net Banking,0,9142.68,Ambattur,Kerala
ORD0003250,CUST00696,18-03-2024,Delivered,Credit Card,0,3327.41,Ambattur,Kerala
ORD0003251,CUST00696,12-01-2024,Delivered,UPI,5,22197.61,Ambattur,Kerala
ORD0003252,CUST00696,25-06-2024,Delivered,UPI,0,6124.52,Ambattur,Kerala
ORD0003253,CUST00696,23-06-2024,Shipped,Credit Card,15,123067.86,Ambattur,Kerala
ORD0003254,CUST00696,22-11-2023,Shipped,COD,0,24375.85,Ambattur,Kerala
ORD0003255,CUST00696,02-10-2023,Delivered,UPI,0,10548.52,Ambattur,Kerala
ORD0003256,CUST00696,23-08-2023,Cancelled,Credit Card,0,22952.85,Ambattur,Kerala
ORD0003257,CUST00696,28-12-2023,Delivered,UPI,5,48852.73,Ambattur,Kerala
ORD0003258,CUST00696,10-03-2024,Delivered,Wallet,20,2496.82,Ambattur,Kerala
ORD0003259,CUST00696,10-05-2024,Delivered,Credit Card,0,221970.22,Ambattur,Kerala
ORD0003260,CUST00697,22-04-2024,Delivered,Net Banking,5,55013.72,Yamunanagar,Jharkhand
ORD0003261,CUST00698,09-01-2023,Delivered,UPI,20,12151.83,Raiganj,Andhra Pradesh
ORD0003262,CUST00699,06-02-2024,Returned,Debit Card,0,203206.76,Sultan Pur Majra,Bihar
ORD0003263,CUST00700,05-02-2024,Processing,UPI,10,86537.48,Bongaigaon,Rajasthan
ORD0003264,CUST00700,24-01-2024,Delivered,UPI,15,15528,Bongaigaon,Rajasthan
ORD0003265,CUST00700,10-06-2024,Delivered,Credit Card,0,10686.66,Bongaigaon,Rajasthan
ORD0003266,CUST00700,22-05-2024,Cancelled,Credit Card,25,59584.14,Bongaigaon,Rajasthan
ORD0003267,CUST00700,17-01-2024,Delivered,UPI,20,323687.1,Bongaigaon,Rajasthan
ORD0003268,CUST00700,08-03-2024,Delivered,UPI,0,109072,Bongaigaon,Rajasthan
ORD0003269,CUST00700,27-02-2024,Delivered,UPI,20,1049.74,Bongaigaon,Rajasthan
ORD0003270,CUST00700,09-01-2024,Delivered,COD,0,173325.24,Bongaigaon,Rajasthan
ORD0003271,CUST00700,23-06-2024,Delivered,Wallet,20,244243.77,Bongaigaon,Rajasthan
ORD0003272,CUST00700,12-01-2024,Delivered,Net Banking,0,219539.65,Bongaigaon,Rajasthan
ORD0003273,CUST00701,29-03-2024,Delivered,Credit Card,20,12686.13,Phagwara,Madhya Pradesh
ORD0003274,CUST00702,12-06-2024,Delivered,Credit Card,20,9629.14,Kharagpur,Gujarat
ORD0003275,CUST00702,02-05-2024,Delivered,Debit Card,0,14261.44,Kharagpur,Gujarat
ORD0003276,CUST00702,18-02-2024,Shipped,Wallet,20,358098.87,Kharagpur,Gujarat
ORD0003277,CUST00703,11-02-2023,Delivered,UPI,15,828.91,Aurangabad,Rajasthan
ORD0003278,CUST00703,15-05-2024,Delivered,Net Banking,0,3327.41,Aurangabad,Rajasthan
ORD0003279,CUST00704,25-08-2022,Delivered,UPI,0,119939.4,Rampur,Maharashtra
ORD0003280,CUST00705,02-06-2024,Returned,Debit Card,0,366.5,Madurai,Rajasthan
ORD0003281,CUST00705,19-06-2024,Delivered,Credit Card,10,9188.26,Madurai,Rajasthan
ORD0003282,CUST00705,11-04-2024,Delivered,UPI,15,3523.85,Madurai,Rajasthan
ORD0003283,CUST00705,09-06-2024,Returned,Wallet,0,9576.76,Madurai,Rajasthan
ORD0003284,CUST00705,12-05-2024,Shipped,COD,10,210808.42,Madurai,Rajasthan
ORD0003285,CUST00705,12-04-2024,Delivered,UPI,0,874.78,Madurai,Rajasthan
ORD0003286,CUST00705,01-05-2024,Delivered,UPI,0,190161.04,Madurai,Rajasthan
ORD0003287,CUST00705,21-05-2024,Delivered,UPI,0,72838.72,Madurai,Rajasthan
ORD0003288,CUST00705,25-06-2024,Delivered,Wallet,0,21735.11,Madurai,Rajasthan
ORD0003289,CUST00705,08-05-2024,Delivered,COD,5,22901,Madurai,Rajasthan
ORD0003290,CUST00705,31-03-2024,Returned,UPI,0,82608.65,Madurai,Rajasthan
ORD0003291,CUST00705,08-05-2024,Cancelled,Net Banking,0,1007.74,Madurai,Rajasthan
ORD0003292,CUST00706,15-04-2023,Delivered,Net Banking,0,29250.03,Tenali,Uttarakhand
ORD0003293,CUST00707,11-01-2023,Delivered,Debit Card,0,53439.89,Tadepalligudem,Kerala
ORD0003294,CUST00707,28-01-2023,Returned,Credit Card,20,22760.46,Tadepalligudem,Kerala
ORD0003295,CUST00707,29-11-2022,Shipped,Net Banking,0,8736.12,Tadepalligudem,Kerala
ORD0003296,CUST00708,10-05-2024,Cancelled,UPI,15,9003.34,Pimpri-Chinchwad,Madhya Pradesh
ORD0003297,CUST00708,05-07-2023,Delivered,COD,10,5263.76,Pimpri-Chinchwad,Madhya Pradesh
ORD0003298,CUST00708,19-05-2024,Delivered,UPI,10,98055.29,Pimpri-Chinchwad,Madhya Pradesh
ORD0003299,CUST00708,20-12-2023,Processing,Credit Card,20,25032.67,Pimpri-Chinchwad,Madhya Pradesh
ORD0003300,CUST00708,27-01-2024,Delivered,Credit Card,10,2288.84,Pimpri-Chinchwad,Madhya Pradesh
ORD0003301,CUST00708,21-03-2024,Cancelled,Credit Card,0,9725.18,Pimpri-Chinchwad,Madhya Pradesh
ORD0003302,CUST00708,30-06-2023,Processing,COD,0,150298.64,Pimpri-Chinchwad,Madhya Pradesh
ORD0003303,CUST00708,04-12-2023,Cancelled,Net Banking,15,87476.32,Pimpri-Chinchwad,Madhya Pradesh
ORD0003304,CUST00708,28-09-2023,Delivered,Credit Card,0,17680.58,Pimpri-Chinchwad,Madhya Pradesh
ORD0003305,CUST00709,27-06-2022,Delivered,Wallet,0,201319.74,Asansol,Nagaland
ORD0003306,CUST00709,06-08-2022,Delivered,UPI,15,21590.91,Asansol,Nagaland
ORD0003307,CUST00709,19-12-2023,Delivered,Credit Card,25,6131.74,Asansol,Nagaland
ORD0003308,CUST00709,13-05-2023,Delivered,Credit Card,10,61777.72,Asansol,Nagaland
ORD0003309,CUST00709,18-01-2024,Returned,Debit Card,5,904.86,Asansol,Nagaland
ORD0003310,CUST00709,05-07-2023,Delivered,Net Banking,0,6015.76,Asansol,Nagaland
ORD0003311,CUST00709,22-10-2023,Processing,Credit Card,20,4675.58,Asansol,Nagaland
ORD0003312,CUST00709,03-05-2023,Shipped,Debit Card,5,154547.92,Asansol,Nagaland
ORD0003313,CUST00710,06-06-2024,Returned,Credit Card,0,34579.26,Phusro,Arunachal Pradesh
ORD0003314,CUST00711,27-09-2023,Delivered,COD,5,16426.86,Malda,Meghalaya
ORD0003315,CUST00712,20-08-2022,Shipped,Credit Card,5,141705.31,Bulandshahr,Tamil Nadu
ORD0003316,CUST00712,08-01-2024,Returned,COD,10,8984.01,Bulandshahr,Tamil Nadu
ORD0003317,CUST00712,06-05-2023,Delivered,UPI,15,9916.07,Bulandshahr,Tamil Nadu
ORD0003318,CUST00712,22-12-2022,Cancelled,UPI,0,34616.52,Bulandshahr,Tamil Nadu
ORD0003319,CUST00713,22-01-2024,Delivered,UPI,25,12914.26,Sambalpur,Gujarat
ORD0003320,CUST00714,26-11-2022,Delivered,Net Banking,5,19354.39,Kollam,Gujarat
ORD0003321,CUST00714,02-09-2023,Shipped,Credit Card,0,1507.1,Kollam,Gujarat
ORD0003322,CUST00714,13-05-2022,Delivered,Debit Card,10,40223.54,Kollam,Gujarat
ORD0003323,CUST00714,11-07-2022,Cancelled,Net Banking,15,2652.87,Kollam,Gujarat
ORD0003324,CUST00714,07-07-2023,Delivered,COD,15,24639.49,Kollam,Gujarat
ORD0003325,CUST00714,02-03-2023,Delivered,UPI,5,7356.23,Kollam,Gujarat
ORD0003326,CUST00715,04-05-2024,Delivered,COD,10,5627.83,Bulandshahr,Karnataka
ORD0003327,CUST00715,26-07-2023,Delivered,COD,0,95004.89,Bulandshahr,Karnataka
ORD0003328,CUST00715,27-02-2024,Delivered,UPI,0,150846.34,Bulandshahr,Karnataka
ORD0003329,CUST00715,26-12-2023,Delivered,COD,5,2549.38,Bulandshahr,Karnataka
ORD0003330,CUST00715,27-08-2023,Cancelled,COD,15,6138.26,Bulandshahr,Karnataka
ORD0003331,CUST00715,31-07-2023,Delivered,COD,5,47779.13,Bulandshahr,Karnataka
ORD0003332,CUST00715,22-12-2023,Delivered,Credit Card,5,7701.78,Bulandshahr,Karnataka
ORD0003333,CUST00715,18-06-2024,Delivered,Credit Card,10,11153.43,Bulandshahr,Karnataka
ORD0003334,CUST00715,08-02-2024,Delivered,Debit Card,5,3361.8,Bulandshahr,Karnataka
ORD0003335,CUST00715,12-09-2023,Delivered,UPI,0,62023.45,Bulandshahr,Karnataka
ORD0003336,CUST00715,15-11-2023,Delivered,Net Banking,5,61925.63,Bulandshahr,Karnataka
ORD0003337,CUST00715,31-03-2024,Delivered,Net Banking,5,12483.26,Bulandshahr,Karnataka
ORD0003338,CUST00715,13-09-2023,Delivered,Credit Card,10,19563.01,Bulandshahr,Karnataka
ORD0003339,CUST00716,24-11-2022,Delivered,Wallet,0,134213.16,Panihati,Telangana
ORD0003340,CUST00717,10-10-2023,Delivered,Credit Card,20,233745.47,Kochi,Nagaland
ORD0003341,CUST00717,07-10-2023,Delivered,Net Banking,5,12432.41,Kochi,Nagaland
ORD0003342,CUST00718,17-12-2023,Delivered,Net Banking,0,6654.82,Bhimavaram,Odisha
ORD0003343,CUST00718,30-11-2023,Shipped,UPI,5,69341.74,Bhimavaram,Odisha
ORD0003344,CUST00719,01-06-2024,Shipped,Credit Card,0,17533.41,Gwalior,Kerala
ORD0003345,CUST00719,21-02-2024,Delivered,UPI,0,30440.1,Gwalior,Kerala
ORD0003346,CUST00720,28-01-2024,Delivered,Debit Card,0,19088.04,Bhiwani,Karnataka
ORD0003347,CUST00721,27-01-2024,Shipped,COD,0,76775.19,Gandhinagar,Karnataka
ORD0003348,CUST00721,28-02-2023,Cancelled,Credit Card,0,194213.6,Gandhinagar,Karnataka
ORD0003349,CUST00722,19-03-2024,Delivered,UPI,10,1897.31,Lucknow,Uttar Pradesh
ORD0003350,CUST00722,12-03-2024,Delivered,Credit Card,0,60538.82,Lucknow,Uttar Pradesh
ORD0003351,CUST00723,07-08-2023,Shipped,Debit Card,10,16012.21,Bathinda,Uttar Pradesh
ORD0003352,CUST00723,23-11-2023,Delivered,UPI,0,350.77,Bathinda,Uttar Pradesh
ORD0003353,CUST00724,11-02-2024,Delivered,UPI,15,5703.16,Fatehpur,Uttarakhand
ORD0003354,CUST00724,19-11-2023,Shipped,UPI,0,33031.21,Fatehpur,Uttarakhand
ORD0003355,CUST00724,30-04-2024,Delivered,UPI,0,34579.26,Fatehpur,Uttarakhand
ORD0003356,CUST00725,18-11-2022,Delivered,Debit Card,10,8441.74,Amravati,Tamil Nadu
ORD0003357,CUST00725,18-12-2022,Delivered,Debit Card,10,78072.89,Amravati,Tamil Nadu
ORD0003358,CUST00726,23-09-2023,Delivered,Debit Card,10,12020.28,Chandrapur,Jharkhand
ORD0003359,CUST00726,15-08-2023,Delivered,Wallet,20,34448.58,Chandrapur,Jharkhand
ORD0003360,CUST00726,04-04-2024,Delivered,Credit Card,5,1120.6,Chandrapur,Jharkhand
ORD0003361,CUST00726,10-12-2023,Returned,UPI,0,3668.04,Chandrapur,Jharkhand
ORD0003362,CUST00726,15-12-2023,Returned,Credit Card,5,1680.83,Chandrapur,Jharkhand
ORD0003363,CUST00726,14-10-2023,Delivered,Wallet,0,2352.78,Chandrapur,Jharkhand
ORD0003364,CUST00726,22-04-2024,Delivered,UPI,10,60088.17,Chandrapur,Jharkhand
ORD0003365,CUST00726,08-05-2024,Delivered,UPI,0,43991.58,Chandrapur,Jharkhand
ORD0003366,CUST00727,24-10-2023,Shipped,Credit Card,10,2003.56,Jehanabad,Himachal Pradesh
ORD0003367,CUST00728,03-12-2023,Shipped,UPI,0,3137.04,Anantapur,Uttar Pradesh
ORD0003368,CUST00728,03-08-2023,Delivered,UPI,0,9562.16,Anantapur,Uttar Pradesh
ORD0003369,CUST00728,04-01-2024,Delivered,UPI,0,11744.97,Anantapur,Uttar Pradesh
ORD0003370,CUST00728,11-06-2022,Delivered,Net Banking,10,26588.14,Anantapur,Uttar Pradesh
ORD0003371,CUST00728,28-04-2023,Delivered,Net Banking,0,1549.94,Anantapur,Uttar Pradesh
ORD0003372,CUST00728,10-07-2023,Cancelled,UPI,15,27267.07,Anantapur,Uttar Pradesh
ORD0003373,CUST00728,13-03-2023,Delivered,Credit Card,0,135199.53,Anantapur,Uttar Pradesh
ORD0003374,CUST00728,11-04-2024,Delivered,UPI,0,30866.23,Anantapur,Uttar Pradesh
ORD0003375,CUST00728,30-09-2023,Delivered,Debit Card,0,13339.16,Anantapur,Uttar Pradesh
ORD0003376,CUST00728,13-06-2022,Delivered,Credit Card,20,13780.92,Anantapur,Uttar Pradesh
ORD0003377,CUST00728,21-09-2022,Delivered,COD,15,94619.25,Anantapur,Uttar Pradesh
ORD0003378,CUST00728,03-08-2023,Delivered,Credit Card,20,8306.46,Anantapur,Uttar Pradesh
ORD0003379,CUST00728,03-01-2024,Delivered,UPI,5,153855.09,Anantapur,Uttar Pradesh
ORD0003380,CUST00728,04-09-2022,Delivered,Credit Card,5,7248.01,Anantapur,Uttar Pradesh
ORD0003381,CUST00728,21-03-2024,Returned,Debit Card,0,7077.2,Anantapur,Uttar Pradesh
ORD0003382,CUST00728,21-12-2023,Delivered,Debit Card,0,7086.74,Anantapur,Uttar Pradesh
ORD0003383,CUST00728,06-02-2023,Delivered,Debit Card,0,103906.42,Anantapur,Uttar Pradesh
ORD0003384,CUST00728,19-10-2022,Cancelled,UPI,0,10100.16,Anantapur,Uttar Pradesh
ORD0003385,CUST00728,25-02-2023,Returned,Credit Card,25,663.76,Anantapur,Uttar Pradesh
ORD0003386,CUST00729,16-12-2023,Cancelled,UPI,0,21877.5,Saharanpur,Odisha
ORD0003387,CUST00729,08-12-2023,Processing,Debit Card,0,50293.82,Saharanpur,Odisha
ORD0003388,CUST00729,07-12-2023,Cancelled,Debit Card,5,11277.59,Saharanpur,Odisha
ORD0003389,CUST00730,27-05-2024,Returned,Credit Card,10,7149.71,Morbi,Punjab
ORD0003390,CUST00731,28-05-2024,Delivered,Credit Card,5,4417.33,Pallavaram,Andhra Pradesh
ORD0003391,CUST00731,22-05-2024,Delivered,Debit Card,0,7928.83,Pallavaram,Andhra Pradesh
ORD0003392,CUST00732,15-03-2023,Delivered,UPI,15,1329.79,Uluberia,Maharashtra
ORD0003393,CUST00733,09-10-2023,Returned,UPI,25,154960,Kulti,Meghalaya
ORD0003394,CUST00733,25-11-2022,Delivered,Debit Card,0,3007.88,Kulti,Meghalaya
ORD0003395,CUST00733,26-03-2024,Delivered,Credit Card,5,32277.19,Kulti,Meghalaya
ORD0003396,CUST00733,10-09-2022,Shipped,UPI,0,138277.72,Kulti,Meghalaya
ORD0003397,CUST00733,07-05-2024,Delivered,COD,5,3263.2,Kulti,Meghalaya
ORD0003398,CUST00733,27-04-2024,Delivered,UPI,5,2241.2,Kulti,Meghalaya
ORD0003399,CUST00733,18-09-2022,Returned,Net Banking,10,989.55,Kulti,Meghalaya
ORD0003400,CUST00733,18-10-2023,Delivered,Net Banking,5,126373.4,Kulti,Meghalaya
ORD0003401,CUST00733,06-11-2022,Delivered,UPI,10,16042.9,Kulti,Meghalaya
ORD0003402,CUST00733,07-01-2023,Delivered,Debit Card,5,35642.77,Kulti,Meghalaya
ORD0003403,CUST00733,05-10-2023,Delivered,Wallet,0,1621.77,Kulti,Meghalaya
ORD0003404,CUST00734,28-05-2024,Shipped,Debit Card,0,57909.18,Asansol,Kerala
ORD0003405,CUST00735,20-05-2024,Delivered,UPI,10,1375.52,Kavali,Punjab
ORD0003406,CUST00735,21-06-2024,Delivered,UPI,0,367586.28,Kavali,Punjab
ORD0003407,CUST00735,26-06-2024,Delivered,UPI,5,17507.13,Kavali,Punjab
ORD0003408,CUST00735,10-07-2023,Delivered,Debit Card,10,4642.48,Kavali,Punjab
ORD0003409,CUST00736,07-11-2023,Delivered,Credit Card,10,5617.84,Arrah,Manipur
ORD0003410,CUST00737,15-05-2022,Delivered,COD,0,25715.18,Amravati,Arunachal Pradesh
ORD0003411,CUST00738,19-06-2024,Delivered,UPI,5,92358.16,Sasaram,Arunachal Pradesh
ORD0003412,CUST00738,21-02-2024,Delivered,Credit Card,0,39287.91,Sasaram,Arunachal Pradesh
ORD0003413,CUST00738,03-05-2024,Delivered,UPI,0,36378.56,Sasaram,Arunachal Pradesh
ORD0003414,CUST00739,12-02-2023,Delivered,UPI,0,21046.68,Rewa,Nagaland
ORD0003415,CUST00739,25-02-2024,Delivered,Credit Card,0,44918.72,Rewa,Nagaland
ORD0003416,CUST00739,10-06-2022,Delivered,Debit Card,0,132565.52,Rewa,Nagaland
ORD0003417,CUST00739,09-10-2023,Delivered,COD,5,9711.35,Rewa,Nagaland
ORD0003418,CUST00739,21-09-2022,Delivered,UPI,15,4483.44,Rewa,Nagaland
ORD0003419,CUST00739,29-03-2023,Cancelled,Debit Card,5,16680.79,Rewa,Nagaland
ORD0003420,CUST00739,07-07-2023,Delivered,Credit Card,25,5441.71,Rewa,Nagaland
ORD0003421,CUST00739,09-12-2023,Returned,Debit Card,0,3133.76,Rewa,Nagaland
ORD0003422,CUST00740,03-05-2024,Cancelled,UPI,0,13997.91,Kalyan-Dombivli,Haryana
ORD0003423,CUST00741,02-01-2024,Shipped,Credit Card,15,12111.55,Berhampur,Odisha
ORD0003424,CUST00741,02-04-2024,Delivered,UPI,10,41802.37,Berhampur,Odisha
ORD0003425,CUST00741,09-10-2023,Returned,Debit Card,25,2300.35,Berhampur,Odisha
ORD0003426,CUST00741,25-04-2023,Delivered,Debit Card,0,778.02,Berhampur,Odisha
ORD0003427,CUST00741,19-05-2023,Delivered,Debit Card,5,102647.02,Berhampur,Odisha
ORD0003428,CUST00741,16-12-2023,Delivered,Credit Card,5,105766.18,Berhampur,Odisha
ORD0003429,CUST00741,19-09-2023,Delivered,Credit Card,5,9440.31,Berhampur,Odisha
ORD0003430,CUST00741,06-06-2024,Delivered,Debit Card,10,63315.98,Berhampur,Odisha
ORD0003431,CUST00741,20-04-2024,Shipped,UPI,15,8829.17,Berhampur,Odisha
ORD0003432,CUST00741,07-09-2023,Delivered,Net Banking,0,42396.96,Berhampur,Odisha
ORD0003433,CUST00741,23-05-2023,Delivered,Credit Card,5,27166.11,Berhampur,Odisha
ORD0003434,CUST00741,12-11-2023,Delivered,Credit Card,10,46403.06,Berhampur,Odisha
ORD0003435,CUST00741,10-03-2024,Delivered,COD,5,35856.67,Berhampur,Odisha
ORD0003436,CUST00742,13-03-2024,Cancelled,UPI,0,29113.36,Kozhikode,Uttarakhand
ORD0003437,CUST00742,20-01-2024,Delivered,Wallet,0,198407.96,Kozhikode,Uttarakhand
ORD0003438,CUST00742,27-09-2023,Delivered,Credit Card,0,6095.12,Kozhikode,Uttarakhand
ORD0003439,CUST00742,30-03-2024,Shipped,UPI,0,1233.59,Kozhikode,Uttarakhand
ORD0003440,CUST00742,21-05-2024,Delivered,UPI,0,1834.85,Kozhikode,Uttarakhand
ORD0003441,CUST00742,10-05-2024,Delivered,UPI,0,13713.19,Kozhikode,Uttarakhand
ORD0003442,CUST00742,18-02-2024,Shipped,Debit Card,5,17354.82,Kozhikode,Uttarakhand
ORD0003443,CUST00742,13-03-2024,Delivered,COD,0,57753.22,Kozhikode,Uttarakhand
ORD0003444,CUST00742,11-09-2023,Shipped,Credit Card,0,25296.74,Kozhikode,Uttarakhand
ORD0003445,CUST00743,21-03-2023,Shipped,Credit Card,25,36285.94,Munger,Uttar Pradesh
ORD0003446,CUST00743,31-08-2023,Shipped,UPI,10,32136.41,Munger,Uttar Pradesh
ORD0003447,CUST00743,23-07-2023,Delivered,Wallet,10,8660.95,Munger,Uttar Pradesh
ORD0003448,CUST00743,30-05-2024,Delivered,UPI,10,118414.3,Munger,Uttar Pradesh
ORD0003449,CUST00743,26-11-2023,Returned,Debit Card,25,30102.51,Munger,Uttar Pradesh
ORD0003450,CUST00743,28-12-2022,Delivered,Debit Card,0,20360.07,Munger,Uttar Pradesh
ORD0003451,CUST00743,09-05-2023,Delivered,UPI,5,151629.65,Munger,Uttar Pradesh
ORD0003452,CUST00743,26-11-2023,Delivered,COD,0,2648.04,Munger,Uttar Pradesh
ORD0003453,CUST00743,21-01-2024,Delivered,UPI,10,81725.22,Munger,Uttar Pradesh
ORD0003454,CUST00743,28-06-2023,Delivered,Credit Card,0,47421.09,Munger,Uttar Pradesh
ORD0003455,CUST00744,15-06-2023,Cancelled,UPI,0,28976.02,Thoothukudi,Gujarat
ORD0003456,CUST00744,04-10-2023,Delivered,Credit Card,10,12823.99,Thoothukudi,Gujarat
ORD0003457,CUST00744,07-04-2024,Delivered,Debit Card,10,7277.77,Thoothukudi,Gujarat
ORD0003458,CUST00744,18-04-2024,Delivered,Debit Card,0,39587.36,Thoothukudi,Gujarat
ORD0003459,CUST00744,02-10-2023,Delivered,Debit Card,0,54697.48,Thoothukudi,Gujarat
ORD0003460,CUST00744,21-05-2024,Returned,COD,15,298.15,Thoothukudi,Gujarat
ORD0003461,CUST00745,27-02-2024,Delivered,UPI,5,11982.92,Hyderabad,Himachal Pradesh
ORD0003462,CUST00745,12-05-2024,Delivered,Debit Card,0,41031.06,Hyderabad,Himachal Pradesh
ORD0003463,CUST00746,23-11-2022,Delivered,Debit Card,0,5581.04,Barasat,Chhattisgarh
ORD0003464,CUST00747,26-06-2024,Delivered,UPI,15,4247.87,Rajkot,Telangana
ORD0003465,CUST00747,25-11-2023,Delivered,UPI,0,70508.02,Rajkot,Telangana
ORD0003466,CUST00747,26-08-2023,Cancelled,Debit Card,5,18176.55,Rajkot,Telangana
ORD0003467,CUST00747,10-08-2023,Delivered,UPI,5,3654.77,Rajkot,Telangana
ORD0003468,CUST00747,18-06-2024,Delivered,Net Banking,15,76567.83,Rajkot,Telangana
ORD0003469,CUST00747,27-04-2024,Processing,Debit Card,0,67106.58,Rajkot,Telangana
ORD0003470,CUST00747,07-10-2023,Delivered,Debit Card,10,171377.3,Rajkot,Telangana
ORD0003471,CUST00747,28-04-2024,Cancelled,Net Banking,15,19770.44,Rajkot,Telangana
ORD0003472,CUST00748,26-12-2023,Delivered,Credit Card,0,178607.06,Panihati,Uttar Pradesh
ORD0003473,CUST00748,19-05-2024,Cancelled,UPI,10,1897.31,Panihati,Uttar Pradesh
ORD0003474,CUST00748,12-02-2024,Delivered,Net Banking,10,343.88,Panihati,Uttar Pradesh
ORD0003475,CUST00748,03-12-2023,Delivered,Net Banking,0,222665.37,Panihati,Uttar Pradesh
ORD0003476,CUST00748,13-04-2024,Delivered,UPI,20,293.2,Panihati,Uttar Pradesh
ORD0003477,CUST00749,29-11-2023,Cancelled,COD,0,33901.74,Sirsa,Uttarakhand
ORD0003478,CUST00749,03-08-2023,Delivered,UPI,0,11419.24,Sirsa,Uttarakhand
ORD0003479,CUST00749,17-05-2023,Shipped,Credit Card,0,6372.03,Sirsa,Uttarakhand
ORD0003480,CUST00749,03-11-2023,Delivered,Credit Card,0,6869.9,Sirsa,Uttarakhand
ORD0003481,CUST00749,20-03-2023,Delivered,UPI,10,20333.22,Sirsa,Uttarakhand
ORD0003482,CUST00749,06-06-2024,Returned,UPI,0,2270.25,Sirsa,Uttarakhand
ORD0003483,CUST00750,30-05-2023,Delivered,UPI,0,567.72,Bhiwani,Assam
ORD0003484,CUST00750,13-10-2023,Delivered,Credit Card,15,20659.06,Bhiwani,Assam
ORD0003485,CUST00751,05-09-2023,Delivered,UPI,0,12129.56,Tenali,Assam
ORD0003486,CUST00751,13-02-2024,Delivered,Debit Card,0,57630.6,Tenali,Assam
ORD0003487,CUST00752,14-10-2023,Delivered,Wallet,0,85054.04,Nagaon,Sikkim
ORD0003488,CUST00752,09-04-2023,Returned,Credit Card,0,21392.16,Nagaon,Sikkim
ORD0003489,CUST00753,24-11-2022,Delivered,UPI,0,17947.53,Machilipatnam,Jharkhand
ORD0003490,CUST00753,02-05-2024,Shipped,COD,5,97614.28,Machilipatnam,Jharkhand
ORD0003491,CUST00753,14-04-2024,Delivered,COD,10,1602.2,Machilipatnam,Jharkhand
ORD0003492,CUST00753,11-04-2023,Delivered,Debit Card,15,99988.07,Machilipatnam,Jharkhand
ORD0003493,CUST00753,11-04-2024,Delivered,Wallet,0,60086.08,Machilipatnam,Jharkhand
ORD0003494,CUST00754,21-09-2023,Delivered,Credit Card,25,3955.98,Kavali,Jharkhand
ORD0003495,CUST00754,01-01-2024,Delivered,UPI,0,20072.8,Kavali,Jharkhand
ORD0003496,CUST00754,02-02-2024,Returned,Credit Card,5,3972.1,Kavali,Jharkhand
ORD0003497,CUST00754,19-06-2024,Delivered,Credit Card,0,12253.88,Kavali,Jharkhand
ORD0003498,CUST00754,22-03-2024,Delivered,Net Banking,5,9647.62,Kavali,Jharkhand
ORD0003499,CUST00754,17-01-2024,Returned,Debit Card,25,33155.26,Kavali,Jharkhand
ORD0003500,CUST00754,06-11-2023,Delivered,UPI,20,22266.12,Kavali,Jharkhand
ORD0003501,CUST00754,20-09-2023,Delivered,UPI,15,24894.04,Kavali,Jharkhand
ORD0003502,CUST00754,31-05-2024,Cancelled,Debit Card,0,5169.32,Kavali,Jharkhand
ORD0003503,CUST00755,31-03-2024,Delivered,Credit Card,5,154098.14,Bhalswa Jahangir Pur,West Bengal
ORD0003504,CUST00755,15-12-2023,Delivered,Net Banking,15,14732.87,Bhalswa Jahangir Pur,West Bengal
ORD0003505,CUST00756,27-03-2024,Delivered,COD,5,362.99,New Delhi,Punjab
ORD0003506,CUST00756,03-08-2023,Cancelled,UPI,20,68780.64,New Delhi,Punjab
ORD0003507,CUST00756,08-06-2024,Shipped,UPI,0,95344.35,New Delhi,Punjab
ORD0003508,CUST00756,07-12-2022,Delivered,Credit Card,0,18603.45,New Delhi,Punjab
ORD0003509,CUST00756,06-06-2023,Delivered,Debit Card,0,14009.04,New Delhi,Punjab
ORD0003510,CUST00757,22-07-2023,Delivered,COD,0,19094.26,Buxar,Madhya Pradesh
ORD0003511,CUST00758,06-02-2024,Delivered,Debit Card,15,10824.38,Kulti,Andhra Pradesh
ORD0003512,CUST00758,25-09-2023,Delivered,UPI,0,38461.01,Kulti,Andhra Pradesh
ORD0003513,CUST00758,19-06-2024,Delivered,Credit Card,20,4837.44,Kulti,Andhra Pradesh
ORD0003514,CUST00759,21-03-2024,Delivered,Debit Card,0,3591.8,Bahraich,Meghalaya
ORD0003515,CUST00759,13-03-2024,Delivered,Credit Card,5,201323,Bahraich,Meghalaya
ORD0003516,CUST00759,26-06-2024,Delivered,Credit Card,0,174829.52,Bahraich,Meghalaya
ORD0003517,CUST00759,15-02-2024,Delivered,COD,20,45052.22,Bahraich,Meghalaya
ORD0003518,CUST00759,31-07-2023,Delivered,Credit Card,15,1281.03,Bahraich,Meghalaya
ORD0003519,CUST00759,20-05-2023,Delivered,UPI,0,14603.5,Bahraich,Meghalaya
ORD0003520,CUST00759,03-10-2023,Delivered,UPI,10,307846.36,Bahraich,Meghalaya
ORD0003521,CUST00760,20-11-2022,Delivered,UPI,0,26504.23,Durgapur,Bihar
ORD0003522,CUST00760,02-05-2023,Delivered,COD,20,61444.27,Durgapur,Bihar
ORD0003523,CUST00760,20-09-2023,Delivered,UPI,5,16405.64,Durgapur,Bihar
ORD0003524,CUST00760,07-03-2024,Cancelled,COD,15,1526.52,Durgapur,Bihar
ORD0003525,CUST00760,19-12-2023,Delivered,Debit Card,15,13899.82,Durgapur,Bihar
ORD0003526,CUST00761,03-06-2024,Delivered,Credit Card,0,1718.58,Ahmednagar,Gujarat
ORD0003527,CUST00762,30-10-2023,Delivered,UPI,10,19710.56,Nangloi Jat,Uttar Pradesh
ORD0003528,CUST00763,22-05-2023,Delivered,Debit Card,10,31994.8,Buxar,Goa
ORD0003529,CUST00763,16-02-2024,Delivered,UPI,0,3416.01,Buxar,Goa
ORD0003530,CUST00763,30-12-2022,Cancelled,Credit Card,0,85968.04,Buxar,Goa
ORD0003531,CUST00763,14-09-2022,Delivered,Credit Card,25,24259.23,Buxar,Goa
ORD0003532,CUST00763,17-05-2024,Shipped,Net Banking,0,20633.24,Buxar,Goa
ORD0003533,CUST00764,18-02-2023,Delivered,Debit Card,10,37232.7,Nangloi Jat,Punjab
ORD0003534,CUST00764,03-01-2023,Delivered,Wallet,5,7897.86,Nangloi Jat,Punjab
ORD0003535,CUST00765,01-02-2024,Delivered,Net Banking,20,7240.08,Mau,Jharkhand
ORD0003536,CUST00765,24-04-2023,Delivered,COD,0,11121.64,Mau,Jharkhand
ORD0003537,CUST00765,28-11-2022,Delivered,UPI,25,79981.2,Mau,Jharkhand
ORD0003538,CUST00765,29-10-2022,Delivered,Debit Card,0,112092.04,Mau,Jharkhand
ORD0003539,CUST00765,28-11-2023,Delivered,Debit Card,20,211759.42,Mau,Jharkhand
ORD0003540,CUST00765,25-06-2024,Delivered,UPI,0,13657.17,Mau,Jharkhand
ORD0003541,CUST00765,06-07-2023,Delivered,UPI,0,4486.8,Mau,Jharkhand
ORD0003542,CUST00765,17-07-2023,Delivered,Debit Card,0,4113.7,Mau,Jharkhand
ORD0003543,CUST00766,15-10-2023,Delivered,UPI,0,39445.86,Chandrapur,Rajasthan
ORD0003544,CUST00766,09-03-2024,Delivered,UPI,10,4426.93,Chandrapur,Rajasthan
ORD0003545,CUST00766,23-05-2023,Cancelled,Credit Card,15,6613.88,Chandrapur,Rajasthan
ORD0003546,CUST00766,05-10-2023,Delivered,UPI,10,705.1,Chandrapur,Rajasthan
ORD0003547,CUST00766,07-02-2023,Processing,Credit Card,5,466.43,Chandrapur,Rajasthan
ORD0003548,CUST00766,24-05-2023,Delivered,UPI,0,15481.75,Chandrapur,Rajasthan
ORD0003549,CUST00766,11-06-2024,Delivered,COD,0,11173.11,Chandrapur,Rajasthan
ORD0003550,CUST00766,21-01-2024,Cancelled,Credit Card,0,106715.33,Chandrapur,Rajasthan
ORD0003551,CUST00766,11-10-2023,Shipped,Credit Card,25,110239.59,Chandrapur,Rajasthan
ORD0003552,CUST00766,20-09-2023,Cancelled,Debit Card,10,9473.41,Chandrapur,Rajasthan
ORD0003553,CUST00766,31-12-2023,Shipped,COD,0,7707.13,Chandrapur,Rajasthan
ORD0003554,CUST00767,26-05-2024,Returned,UPI,0,123130.5,Maheshtala,Tripura
ORD0003555,CUST00767,29-01-2024,Delivered,COD,10,31944.61,Maheshtala,Tripura
ORD0003556,CUST00767,10-05-2024,Cancelled,Debit Card,10,366172.34,Maheshtala,Tripura
ORD0003557,CUST00768,01-05-2023,Delivered,UPI,0,397460.31,Katni,Meghalaya
ORD0003558,CUST00768,24-03-2024,Delivered,Credit Card,15,6736.64,Katni,Meghalaya
ORD0003559,CUST00768,05-01-2023,Delivered,Net Banking,0,40949.26,Katni,Meghalaya
ORD0003560,CUST00769,25-01-2024,Delivered,Debit Card,0,3128.92,Sasaram,Odisha
ORD0003561,CUST00769,12-05-2024,Shipped,UPI,0,159582.07,Sasaram,Odisha
ORD0003562,CUST00769,02-02-2024,Delivered,Credit Card,0,9142.68,Sasaram,Odisha
ORD0003563,CUST00769,16-12-2023,Delivered,Debit Card,0,8594.8,Sasaram,Odisha
ORD0003564,CUST00769,22-10-2023,Delivered,Credit Card,15,36558.14,Sasaram,Odisha
ORD0003565,CUST00769,04-03-2024,Delivered,COD,5,42672.78,Sasaram,Odisha
ORD0003566,CUST00769,01-04-2024,Cancelled,UPI,15,8367.26,Sasaram,Odisha
ORD0003567,CUST00770,28-05-2024,Delivered,UPI,5,25972.2,Coimbatore,Himachal Pradesh
ORD0003568,CUST00770,17-03-2024,Returned,UPI,10,268494.26,Coimbatore,Himachal Pradesh
ORD0003569,CUST00770,20-03-2024,Delivered,Net Banking,0,24679.74,Coimbatore,Himachal Pradesh
ORD0003570,CUST00770,08-04-2024,Delivered,UPI,5,51676.21,Coimbatore,Himachal Pradesh
ORD0003571,CUST00770,07-04-2024,Cancelled,Debit Card,20,2907.87,Coimbatore,Himachal Pradesh
ORD0003572,CUST00770,22-04-2024,Delivered,UPI,0,4030.96,Coimbatore,Himachal Pradesh
ORD0003573,CUST00770,22-04-2024,Delivered,Credit Card,10,123888.04,Coimbatore,Himachal Pradesh
ORD0003574,CUST00771,25-10-2023,Cancelled,Debit Card,0,22586.72,Muzaffarnagar,Punjab
ORD0003575,CUST00771,27-03-2023,Delivered,Debit Card,5,71685.65,Muzaffarnagar,Punjab
ORD0003576,CUST00771,03-12-2023,Delivered,UPI,0,2968.24,Muzaffarnagar,Punjab
ORD0003577,CUST00771,25-07-2023,Shipped,COD,0,10186.52,Muzaffarnagar,Punjab
ORD0003578,CUST00771,24-03-2024,Delivered,COD,5,840.76,Muzaffarnagar,Punjab
ORD0003579,CUST00771,18-03-2023,Cancelled,Debit Card,0,22013.02,Muzaffarnagar,Punjab
ORD0003580,CUST00771,03-08-2023,Cancelled,Credit Card,0,5153.96,Muzaffarnagar,Punjab
ORD0003581,CUST00771,06-04-2024,Returned,COD,10,861.95,Muzaffarnagar,Punjab
ORD0003582,CUST00771,14-06-2024,Shipped,UPI,0,3622.44,Muzaffarnagar,Punjab
ORD0003583,CUST00772,04-12-2022,Delivered,Credit Card,5,5891.09,Amravati,Bihar
ORD0003584,CUST00772,22-11-2022,Delivered,COD,0,1576.87,Amravati,Bihar
ORD0003585,CUST00773,21-12-2023,Returned,Debit Card,20,10904.74,Ahmednagar,Bihar
ORD0003586,CUST00773,12-04-2023,Delivered,UPI,0,1007.74,Ahmednagar,Bihar
ORD0003587,CUST00773,17-06-2023,Delivered,Debit Card,0,3642.36,Ahmednagar,Bihar
ORD0003588,CUST00773,22-11-2023,Delivered,UPI,15,8412.12,Ahmednagar,Bihar
ORD0003589,CUST00773,07-06-2023,Shipped,COD,15,4422.24,Ahmednagar,Bihar
ORD0003590,CUST00773,21-05-2024,Delivered,UPI,5,2241.2,Ahmednagar,Bihar
ORD0003591,CUST00773,31-03-2024,Shipped,UPI,0,32123.34,Ahmednagar,Bihar
ORD0003592,CUST00773,07-01-2024,Delivered,Credit Card,0,131122.14,Ahmednagar,Bihar
ORD0003593,CUST00773,14-12-2023,Shipped,COD,10,150599,Ahmednagar,Bihar
ORD0003594,CUST00773,20-06-2023,Delivered,Credit Card,0,29225.98,Ahmednagar,Bihar
ORD0003595,CUST00773,01-08-2023,Processing,UPI,0,144317.29,Ahmednagar,Bihar
ORD0003596,CUST00773,08-06-2023,Returned,Credit Card,5,12734.72,Ahmednagar,Bihar
ORD0003597,CUST00774,06-06-2024,Delivered,Credit Card,15,110958.97,Panchkula,Mizoram
ORD0003598,CUST00774,11-11-2023,Shipped,UPI,5,21188.62,Panchkula,Mizoram
ORD0003599,CUST00775,04-07-2023,Delivered,Debit Card,0,59178.28,Ahmednagar,Madhya Pradesh
ORD0003600,CUST00775,24-10-2022,Delivered,Credit Card,5,16338.54,Ahmednagar,Madhya Pradesh
ORD0003601,CUST00776,23-05-2023,Delivered,UPI,0,367605.23,Karnal,Haryana
ORD0003602,CUST00776,21-02-2024,Delivered,Credit Card,0,19429.37,Karnal,Haryana
ORD0003603,CUST00776,27-12-2022,Cancelled,UPI,0,21509.98,Karnal,Haryana
ORD0003604,CUST00777,30-10-2023,Shipped,Debit Card,10,93344.03,Tiruchirappalli,Punjab
ORD0003605,CUST00777,29-01-2023,Delivered,UPI,10,6295.91,Tiruchirappalli,Punjab
ORD0003606,CUST00777,23-03-2024,Delivered,COD,5,14113.84,Tiruchirappalli,Punjab
ORD0003607,CUST00777,25-12-2023,Delivered,COD,5,65520.89,Tiruchirappalli,Punjab
ORD0003608,CUST00777,13-06-2023,Processing,Wallet,10,3036.71,Tiruchirappalli,Punjab
ORD0003609,CUST00777,18-12-2023,Delivered,Debit Card,20,31887.82,Tiruchirappalli,Punjab
ORD0003610,CUST00777,18-03-2023,Delivered,Debit Card,0,584.29,Tiruchirappalli,Punjab
ORD0003611,CUST00777,15-03-2024,Processing,COD,20,64540.76,Tiruchirappalli,Punjab
ORD0003612,CUST00777,22-01-2023,Delivered,Credit Card,10,329507.6,Tiruchirappalli,Punjab
ORD0003613,CUST00777,19-11-2023,Delivered,Debit Card,10,3204.4,Tiruchirappalli,Punjab
ORD0003614,CUST00777,21-06-2023,Delivered,Debit Card,15,16046.73,Tiruchirappalli,Punjab
ORD0003615,CUST00777,20-12-2023,Delivered,Debit Card,0,68608.88,Tiruchirappalli,Punjab
ORD0003616,CUST00777,26-02-2023,Delivered,UPI,0,122934.08,Tiruchirappalli,Punjab
ORD0003617,CUST00777,06-11-2023,Delivered,Debit Card,0,1677.04,Tiruchirappalli,Punjab
ORD0003618,CUST00777,10-05-2024,Shipped,Net Banking,0,164169.9,Tiruchirappalli,Punjab
ORD0003619,CUST00777,24-04-2024,Delivered,UPI,5,11580.73,Tiruchirappalli,Punjab
ORD0003620,CUST00777,07-08-2023,Delivered,COD,15,205280.92,Tiruchirappalli,Punjab
ORD0003621,CUST00777,03-03-2024,Delivered,UPI,0,115909.52,Tiruchirappalli,Punjab
ORD0003622,CUST00778,05-03-2024,Delivered,UPI,10,350.11,Chapra,Rajasthan
ORD0003623,CUST00779,29-05-2024,Processing,UPI,5,83795.77,Mangalore,Chhattisgarh
ORD0003624,CUST00779,07-06-2024,Delivered,Net Banking,0,23777.06,Mangalore,Chhattisgarh
ORD0003625,CUST00779,25-04-2024,Delivered,UPI,10,28543.79,Mangalore,Chhattisgarh
ORD0003626,CUST00779,07-06-2024,Delivered,COD,10,319871.96,Mangalore,Chhattisgarh
ORD0003627,CUST00779,20-05-2024,Delivered,Debit Card,20,6603.6,Mangalore,Chhattisgarh
ORD0003628,CUST00779,16-06-2024,Delivered,UPI,10,223371.51,Mangalore,Chhattisgarh
ORD0003629,CUST00779,31-05-2024,Returned,Credit Card,20,145814.57,Mangalore,Chhattisgarh
ORD0003630,CUST00780,07-02-2024,Delivered,UPI,10,18188.34,Chapra,Uttar Pradesh
ORD0003631,CUST00780,10-05-2024,Delivered,UPI,10,40080.82,Chapra,Uttar Pradesh
ORD0003632,CUST00780,13-05-2024,Delivered,Credit Card,0,40433.13,Chapra,Uttar Pradesh
ORD0003633,CUST00780,12-03-2024,Delivered,Net Banking,15,96400.94,Chapra,Uttar Pradesh
ORD0003634,CUST00780,31-05-2024,Delivered,Net Banking,10,780.96,Chapra,Uttar Pradesh
ORD0003635,CUST00780,01-03-2024,Processing,Debit Card,10,189595.01,Chapra,Uttar Pradesh
ORD0003636,CUST00780,06-01-2024,Delivered,Debit Card,0,13045.08,Chapra,Uttar Pradesh
ORD0003637,CUST00780,11-04-2024,Delivered,Wallet,0,12382.54,Chapra,Uttar Pradesh
ORD0003638,CUST00781,25-04-2023,Delivered,COD,15,18291.25,Tenali,Nagaland
ORD0003639,CUST00782,02-04-2023,Delivered,UPI,0,202887.69,Eluru,Madhya Pradesh
ORD0003640,CUST00783,17-03-2024,Delivered,Credit Card,25,21917.57,Nizamabad,Meghalaya
ORD0003641,CUST00784,26-11-2023,Delivered,Credit Card,15,13942,Khora ,Jharkhand
ORD0003642,CUST00785,18-01-2024,Delivered,COD,15,2651.92,Danapur,Gujarat
ORD0003643,CUST00786,21-05-2024,Delivered,UPI,10,3511.78,Bhiwani,Tripura
ORD0003644,CUST00786,11-05-2024,Delivered,UPI,10,186011.27,Bhiwani,Tripura
ORD0003645,CUST00786,21-11-2023,Delivered,Debit Card,25,2934.54,Bhiwani,Tripura
ORD0003646,CUST00787,28-11-2023,Delivered,COD,0,40464.95,Kalyan-Dombivli,Arunachal Pradesh
ORD0003647,CUST00788,29-05-2024,Delivered,UPI,25,984.13,Amritsar,Haryana
ORD0003648,CUST00788,15-10-2023,Delivered,Wallet,0,188263.38,Amritsar,Haryana
ORD0003649,CUST00789,07-03-2023,Delivered,UPI,0,49712.42,Hindupur,Tripura
ORD0003650,CUST00790,21-01-2024,Delivered,UPI,20,144325.98,Muzaffarnagar,Haryana
ORD0003651,CUST00790,14-03-2022,Shipped,Credit Card,10,21691.21,Muzaffarnagar,Haryana
ORD0003652,CUST00790,12-07-2023,Delivered,Debit Card,15,5868.71,Muzaffarnagar,Haryana
ORD0003653,CUST00790,04-01-2023,Shipped,UPI,5,24417.25,Muzaffarnagar,Haryana
ORD0003654,CUST00790,25-07-2023,Delivered,UPI,5,2922.56,Muzaffarnagar,Haryana
ORD0003655,CUST00790,13-12-2022,Delivered,Net Banking,0,67674.61,Muzaffarnagar,Haryana
ORD0003656,CUST00790,18-02-2022,Cancelled,UPI,10,1943.96,Muzaffarnagar,Haryana
ORD0003657,CUST00790,22-06-2022,Delivered,UPI,10,11886.43,Muzaffarnagar,Haryana
ORD0003658,CUST00790,11-05-2022,Delivered,Debit Card,20,5045.98,Muzaffarnagar,Haryana
ORD0003659,CUST00791,12-10-2023,Delivered,Wallet,10,21878.08,Bhiwani,Chhattisgarh
ORD0003660,CUST00792,18-12-2023,Shipped,Credit Card,15,13142.6,Naihati,Goa
ORD0003661,CUST00793,19-03-2024,Delivered,Debit Card,0,366.5,Guntur,Jharkhand
ORD0003662,CUST00793,07-02-2024,Delivered,UPI,15,41477.03,Guntur,Jharkhand
ORD0003663,CUST00793,17-03-2024,Cancelled,Debit Card,0,86376.65,Guntur,Jharkhand
ORD0003664,CUST00793,02-02-2024,Delivered,UPI,0,1318.66,Guntur,Jharkhand
ORD0003665,CUST00793,29-02-2024,Delivered,Credit Card,15,3113.48,Guntur,Jharkhand
ORD0003666,CUST00793,03-06-2024,Delivered,UPI,0,60552.77,Guntur,Jharkhand
ORD0003667,CUST00793,23-04-2024,Delivered,Debit Card,15,269638.63,Guntur,Jharkhand
ORD0003668,CUST00793,04-03-2024,Delivered,Wallet,0,17393.9,Guntur,Jharkhand
ORD0003669,CUST00793,28-03-2024,Delivered,Credit Card,20,59637.12,Guntur,Jharkhand
ORD0003670,CUST00793,27-05-2024,Delivered,UPI,20,1612.38,Guntur,Jharkhand
ORD0003671,CUST00794,30-06-2022,Delivered,Credit Card,5,16598.63,Shimoga,Odisha
ORD0003672,CUST00794,05-06-2024,Delivered,Net Banking,25,4323.76,Shimoga,Odisha
ORD0003673,CUST00794,06-04-2024,Delivered,Credit Card,10,1648.31,Shimoga,Odisha
ORD0003674,CUST00794,20-12-2023,Delivered,Wallet,0,168513.44,Shimoga,Odisha
ORD0003675,CUST00794,18-03-2024,Delivered,Net Banking,5,11636.59,Shimoga,Odisha
ORD0003676,CUST00794,30-03-2024,Delivered,Net Banking,5,5784.94,Shimoga,Odisha
ORD0003677,CUST00794,09-09-2023,Delivered,UPI,0,275484.44,Shimoga,Odisha
ORD0003678,CUST00794,11-09-2023,Delivered,Net Banking,5,47193.72,Shimoga,Odisha
ORD0003679,CUST00794,22-01-2024,Delivered,Credit Card,0,92654.75,Shimoga,Odisha
ORD0003680,CUST00794,02-08-2022,Delivered,Debit Card,10,194042.35,Shimoga,Odisha
ORD0003681,CUST00794,17-09-2023,Delivered,Debit Card,0,35915.95,Shimoga,Odisha
ORD0003682,CUST00794,01-12-2023,Shipped,UPI,25,6216.6,Shimoga,Odisha
ORD0003683,CUST00794,22-11-2023,Cancelled,UPI,5,18663.44,Shimoga,Odisha
ORD0003684,CUST00794,22-04-2023,Delivered,Credit Card,0,32154.48,Shimoga,Odisha
ORD0003685,CUST00794,18-02-2024,Delivered,COD,0,18958.29,Shimoga,Odisha
ORD0003686,CUST00794,31-01-2024,Returned,Credit Card,0,238.12,Shimoga,Odisha
ORD0003687,CUST00795,21-08-2023,Delivered,Credit Card,0,8639.84,Bhalswa Jahangir Pur,Uttar Pradesh
ORD0003688,CUST00796,09-02-2024,Delivered,COD,5,188598.24,Siliguri,Bihar
ORD0003689,CUST00796,16-06-2024,Delivered,UPI,0,114208.15,Siliguri,Bihar
ORD0003690,CUST00796,25-05-2024,Delivered,UPI,0,51130.51,Siliguri,Bihar
ORD0003691,CUST00796,24-01-2024,Delivered,Credit Card,5,15944.8,Siliguri,Bihar
ORD0003692,CUST00796,05-06-2024,Delivered,UPI,5,108982.48,Siliguri,Bihar
ORD0003693,CUST00796,07-02-2024,Returned,Wallet,0,42086.91,Siliguri,Bihar
ORD0003694,CUST00796,24-03-2024,Delivered,Credit Card,10,3295.2,Siliguri,Bihar
ORD0003695,CUST00796,03-03-2024,Delivered,Credit Card,10,65530.86,Siliguri,Bihar
ORD0003696,CUST00796,15-01-2024,Delivered,COD,5,14876.96,Siliguri,Bihar
ORD0003697,CUST00796,21-06-2024,Delivered,Wallet,0,77245.14,Siliguri,Bihar
ORD0003698,CUST00796,09-04-2024,Delivered,Credit Card,20,32507.68,Siliguri,Bihar
ORD0003699,CUST00796,08-06-2024,Delivered,Credit Card,15,24588.69,Siliguri,Bihar
ORD0003700,CUST00796,09-05-2024,Cancelled,Debit Card,15,49217.57,Siliguri,Bihar
ORD0003701,CUST00796,28-02-2024,Delivered,UPI,10,156340.58,Siliguri,Bihar
ORD0003702,CUST00796,14-03-2024,Shipped,Debit Card,0,5763.3,Siliguri,Bihar
ORD0003703,CUST00796,10-02-2024,Cancelled,UPI,0,148609.26,Siliguri,Bihar
ORD0003704,CUST00797,02-06-2024,Delivered,UPI,15,86009.42,Visakhapatnam,Kerala
ORD0003705,CUST00797,18-09-2023,Processing,Credit Card,20,26500.69,Visakhapatnam,Kerala
ORD0003706,CUST00797,07-03-2024,Returned,Net Banking,0,6543.08,Visakhapatnam,Kerala
ORD0003707,CUST00797,27-10-2023,Delivered,UPI,0,38669.22,Visakhapatnam,Kerala
ORD0003708,CUST00797,20-09-2023,Delivered,Net Banking,20,33099.16,Visakhapatnam,Kerala
ORD0003709,CUST00798,30-11-2022,Delivered,UPI,10,185952,Chennai,West Bengal
ORD0003710,CUST00799,02-01-2024,Delivered,Credit Card,10,1292.19,Karimnagar,Tamil Nadu
ORD0003711,CUST00800,17-08-2022,Returned,COD,0,27463.48,Raebareli,Tripura
ORD0003712,CUST00800,16-11-2022,Delivered,UPI,0,19743.12,Raebareli,Tripura
ORD0003713,CUST00800,24-10-2022,Returned,Debit Card,20,274367.34,Raebareli,Tripura
ORD0003714,CUST00800,24-09-2022,Delivered,Debit Card,0,1167.03,Raebareli,Tripura
ORD0003715,CUST00800,23-04-2024,Delivered,Credit Card,10,165394.23,Raebareli,Tripura
ORD0003716,CUST00800,10-11-2022,Returned,Credit Card,5,32519.33,Raebareli,Tripura
ORD0003717,CUST00800,28-08-2023,Delivered,UPI,0,14248.88,Raebareli,Tripura
ORD0003718,CUST00800,09-12-2022,Delivered,Credit Card,15,186586.71,Raebareli,Tripura
ORD0003719,CUST00800,04-10-2023,Delivered,UPI,0,11844.43,Raebareli,Tripura
ORD0003720,CUST00800,13-06-2022,Returned,UPI,0,38426.75,Raebareli,Tripura
ORD0003721,CUST00801,08-10-2023,Cancelled,UPI,10,48643.4,Hospet,Himachal Pradesh
ORD0003722,CUST00802,20-05-2024,Returned,Debit Card,15,36145,Pune,Mizoram
ORD0003723,CUST00803,13-02-2024,Delivered,UPI,20,4246.32,Jaipur,Bihar
ORD0003724,CUST00803,28-03-2023,Delivered,Debit Card,0,2270.25,Jaipur,Bihar
ORD0003725,CUST00803,25-03-2024,Returned,Credit Card,0,87707.34,Jaipur,Bihar
ORD0003726,CUST00803,12-09-2022,Shipped,Debit Card,20,23273.17,Jaipur,Bihar
ORD0003727,CUST00803,04-06-2023,Delivered,Debit Card,0,290773.59,Jaipur,Bihar
ORD0003728,CUST00803,20-08-2022,Delivered,UPI,5,123494.23,Jaipur,Bihar
ORD0003729,CUST00803,17-03-2024,Returned,UPI,5,26571.33,Jaipur,Bihar
ORD0003730,CUST00803,19-01-2023,Delivered,Wallet,0,28405.39,Jaipur,Bihar
ORD0003731,CUST00803,20-08-2022,Returned,UPI,25,72586.62,Jaipur,Bihar
ORD0003732,CUST00803,01-11-2022,Cancelled,Debit Card,0,278537.59,Jaipur,Bihar
ORD0003733,CUST00804,12-05-2024,Delivered,UPI,0,23196.92,Delhi,Haryana
ORD0003734,CUST00805,14-10-2023,Delivered,UPI,10,3603.33,Belgaum,Madhya Pradesh
ORD0003735,CUST00805,18-02-2024,Delivered,UPI,15,13388.33,Belgaum,Madhya Pradesh
ORD0003736,CUST00805,12-08-2023,Shipped,UPI,20,7417.35,Belgaum,Madhya Pradesh
ORD0003737,CUST00805,11-06-2024,Shipped,Credit Card,15,18724.18,Belgaum,Madhya Pradesh
ORD0003738,CUST00805,04-05-2024,Delivered,Net Banking,5,27483.13,Belgaum,Madhya Pradesh
ORD0003739,CUST00805,21-11-2023,Delivered,Credit Card,10,2546.05,Belgaum,Madhya Pradesh
ORD0003740,CUST00805,24-07-2023,Returned,UPI,0,18052.45,Belgaum,Madhya Pradesh
ORD0003741,CUST00805,17-01-2024,Delivered,Credit Card,10,6073.42,Belgaum,Madhya Pradesh
ORD0003742,CUST00805,12-06-2024,Delivered,COD,0,52744.41,Belgaum,Madhya Pradesh
ORD0003743,CUST00805,02-11-2023,Delivered,Credit Card,5,123494.23,Belgaum,Madhya Pradesh
ORD0003744,CUST00806,10-01-2023,Returned,Debit Card,5,126120.09,Anand,Tripura
ORD0003745,CUST00807,15-12-2023,Delivered,Net Banking,0,72937.41,Delhi,Odisha
ORD0003746,CUST00807,11-08-2023,Delivered,Debit Card,10,71520.24,Delhi,Odisha
ORD0003747,CUST00807,03-01-2023,Delivered,Wallet,10,6542.71,Delhi,Odisha
ORD0003748,CUST00807,02-02-2023,Delivered,Credit Card,0,32232.6,Delhi,Odisha
ORD0003749,CUST00807,21-11-2023,Shipped,Credit Card,0,5086.25,Delhi,Odisha
ORD0003750,CUST00807,06-07-2022,Delivered,Credit Card,25,180875.38,Delhi,Odisha
ORD0003751,CUST00807,30-06-2022,Shipped,Net Banking,0,319147.36,Delhi,Odisha
ORD0003752,CUST00807,17-07-2023,Delivered,Debit Card,0,38034.89,Delhi,Odisha
ORD0003753,CUST00807,02-10-2022,Returned,Debit Card,20,23007.22,Delhi,Odisha
ORD0003754,CUST00807,08-10-2023,Delivered,COD,0,190161.04,Delhi,Odisha
ORD0003755,CUST00807,08-04-2023,Delivered,COD,0,164821.24,Delhi,Odisha
ORD0003756,CUST00807,11-11-2023,Cancelled,COD,5,14787.63,Delhi,Odisha
ORD0003757,CUST00807,22-06-2022,Delivered,Debit Card,0,23940.6,Delhi,Odisha
ORD0003758,CUST00807,25-10-2022,Delivered,UPI,20,16977.72,Delhi,Odisha
ORD0003759,CUST00808,27-06-2024,Shipped,Debit Card,10,30514.93,Jamshedpur,Punjab
ORD0003760,CUST00808,09-02-2024,Delivered,Credit Card,10,1592.37,Jamshedpur,Punjab
ORD0003761,CUST00808,08-02-2024,Delivered,COD,0,36611.46,Jamshedpur,Punjab
ORD0003762,CUST00808,03-06-2024,Delivered,Debit Card,0,16104.49,Jamshedpur,Punjab
ORD0003763,CUST00808,18-02-2024,Delivered,UPI,0,4186.75,Jamshedpur,Punjab
ORD0003764,CUST00808,14-02-2024,Cancelled,UPI,20,112199.94,Jamshedpur,Punjab
ORD0003765,CUST00808,12-04-2024,Delivered,UPI,20,3943.05,Jamshedpur,Punjab
ORD0003766,CUST00808,14-02-2024,Returned,Credit Card,5,8833.46,Jamshedpur,Punjab
ORD0003767,CUST00808,30-04-2024,Shipped,Net Banking,10,125413.49,Jamshedpur,Punjab
ORD0003768,CUST00808,20-06-2024,Shipped,Credit Card,5,45686.16,Jamshedpur,Punjab
ORD0003769,CUST00809,06-04-2024,Cancelled,Wallet,0,208070.67,Aurangabad,Meghalaya
ORD0003770,CUST00809,24-05-2024,Processing,UPI,10,55266.14,Aurangabad,Meghalaya
ORD0003771,CUST00810,04-02-2024,Delivered,Debit Card,5,95835.1,Ratlam,Bihar
ORD0003772,CUST00810,28-05-2024,Cancelled,UPI,5,7954.82,Ratlam,Bihar
ORD0003773,CUST00810,29-03-2024,Delivered,UPI,0,163432.43,Ratlam,Bihar
ORD0003774,CUST00810,14-02-2024,Delivered,Credit Card,5,7546.91,Ratlam,Bihar
ORD0003775,CUST00810,06-03-2024,Delivered,Wallet,5,8819.38,Ratlam,Bihar
ORD0003776,CUST00810,12-03-2024,Delivered,Debit Card,0,3153.74,Ratlam,Bihar
ORD0003777,CUST00810,02-05-2024,Shipped,Net Banking,10,136501.74,Ratlam,Bihar
ORD0003778,CUST00810,18-02-2024,Cancelled,Debit Card,15,14679.47,Ratlam,Bihar
ORD0003779,CUST00810,09-03-2024,Delivered,UPI,15,23719.85,Ratlam,Bihar
ORD0003780,CUST00811,19-12-2022,Delivered,Net Banking,0,6015.76,Bijapur,Maharashtra
ORD0003781,CUST00812,18-04-2024,Delivered,Credit Card,15,24837.23,Gudivada,Nagaland
ORD0003782,CUST00812,18-06-2024,Delivered,UPI,0,5502.06,Gudivada,Nagaland
ORD0003783,CUST00813,27-11-2023,Shipped,UPI,5,16573.26,Kumbakonam,Nagaland
ORD0003784,CUST00813,16-10-2023,Delivered,UPI,0,5915.06,Kumbakonam,Nagaland
ORD0003785,CUST00813,24-06-2023,Shipped,Credit Card,0,277895.32,Kumbakonam,Nagaland
ORD0003786,CUST00813,28-04-2024,Delivered,UPI,10,486.53,Kumbakonam,Nagaland
ORD0003787,CUST00813,09-04-2024,Delivered,Credit Card,5,16614.55,Kumbakonam,Nagaland
ORD0003788,CUST00813,04-01-2024,Delivered,COD,0,9523.75,Kumbakonam,Nagaland
ORD0003789,CUST00813,22-05-2024,Processing,UPI,5,191253.75,Kumbakonam,Nagaland
ORD0003790,CUST00813,15-07-2023,Delivered,Debit Card,15,269777.62,Kumbakonam,Nagaland
ORD0003791,CUST00814,22-05-2024,Delivered,UPI,5,28793.03,Bidar,Himachal Pradesh
ORD0003792,CUST00814,11-06-2024,Delivered,UPI,15,171891.08,Bidar,Himachal Pradesh
ORD0003793,CUST00814,13-11-2023,Shipped,UPI,5,130317.4,Bidar,Himachal Pradesh
ORD0003794,CUST00814,17-03-2024,Processing,Net Banking,0,733,Bidar,Himachal Pradesh
ORD0003795,CUST00814,02-05-2024,Delivered,UPI,0,78720.9,Bidar,Himachal Pradesh
ORD0003796,CUST00814,17-06-2024,Delivered,Credit Card,15,14968.09,Bidar,Himachal Pradesh
ORD0003797,CUST00814,19-03-2024,Delivered,UPI,10,24569.24,Bidar,Himachal Pradesh
ORD0003798,CUST00814,06-05-2024,Delivered,Credit Card,25,588.19,Bidar,Himachal Pradesh
ORD0003799,CUST00815,10-02-2024,Shipped,Wallet,15,11088.32,Madurai,Sikkim
ORD0003800,CUST00815,14-12-2023,Delivered,UPI,15,1299.11,Madurai,Sikkim
ORD0003801,CUST00815,18-11-2023,Delivered,UPI,10,43811.03,Madurai,Sikkim
ORD0003802,CUST00816,30-12-2023,Delivered,Net Banking,5,22749.56,Anantapur,Maharashtra
ORD0003803,CUST00817,12-11-2023,Delivered,Credit Card,10,223655.74,Bhiwani,Manipur
ORD0003804,CUST00818,21-12-2023,Shipped,COD,0,119827.33,Dharmavaram,Manipur
ORD0003805,CUST00819,25-01-2024,Shipped,Credit Card,0,2991.81,Muzaffarnagar,Nagaland
ORD0003806,CUST00819,26-08-2023,Delivered,Wallet,0,54074.88,Muzaffarnagar,Nagaland
ORD0003807,CUST00819,04-03-2023,Delivered,Credit Card,0,7629.48,Muzaffarnagar,Nagaland
ORD0003808,CUST00819,10-08-2023,Returned,Credit Card,15,83197.81,Muzaffarnagar,Nagaland
ORD0003809,CUST00819,22-06-2024,Delivered,Net Banking,0,18019.49,Muzaffarnagar,Nagaland
ORD0003810,CUST00819,02-07-2023,Processing,UPI,0,33867.08,Muzaffarnagar,Nagaland
ORD0003811,CUST00819,05-02-2024,Delivered,Credit Card,0,9762.37,Muzaffarnagar,Nagaland
ORD0003812,CUST00819,11-02-2024,Delivered,Debit Card,0,25591.73,Muzaffarnagar,Nagaland
ORD0003813,CUST00819,16-05-2023,Delivered,Debit Card,10,7042.9,Muzaffarnagar,Nagaland
ORD0003814,CUST00819,24-04-2024,Cancelled,UPI,0,50492.99,Muzaffarnagar,Nagaland
ORD0003815,CUST00819,28-12-2022,Processing,UPI,5,7701.78,Muzaffarnagar,Nagaland
ORD0003816,CUST00819,14-05-2024,Delivered,COD,0,21682.84,Muzaffarnagar,Nagaland
ORD0003817,CUST00819,28-12-2023,Shipped,Debit Card,5,202009.94,Muzaffarnagar,Nagaland
ORD0003818,CUST00820,17-09-2022,Delivered,Debit Card,10,91813.69,Mehsana,Mizoram
ORD0003819,CUST00820,11-01-2024,Delivered,Credit Card,0,3374.12,Mehsana,Mizoram
ORD0003820,CUST00820,21-11-2022,Returned,Debit Card,15,8675.17,Mehsana,Mizoram
ORD0003821,CUST00820,15-12-2022,Delivered,Credit Card,15,63029.09,Mehsana,Mizoram
ORD0003822,CUST00820,07-12-2022,Delivered,UPI,15,32638.7,Mehsana,Mizoram
ORD0003823,CUST00820,20-06-2024,Returned,UPI,10,94376.18,Mehsana,Mizoram
ORD0003824,CUST00820,17-12-2022,Delivered,Debit Card,10,15725.02,Mehsana,Mizoram
ORD0003825,CUST00820,02-02-2024,Delivered,UPI,5,3008.46,Mehsana,Mizoram
ORD0003826,CUST00820,07-12-2022,Delivered,Credit Card,25,3162.18,Mehsana,Mizoram
ORD0003827,CUST00820,04-02-2024,Delivered,UPI,0,3462.42,Mehsana,Mizoram
ORD0003828,CUST00820,24-04-2024,Cancelled,COD,0,169061.07,Mehsana,Mizoram
ORD0003829,CUST00820,03-10-2022,Delivered,UPI,15,5270.98,Mehsana,Mizoram
ORD0003830,CUST00820,01-11-2022,Shipped,Debit Card,5,19291.28,Mehsana,Mizoram
ORD0003831,CUST00820,04-12-2022,Delivered,UPI,0,220835.86,Mehsana,Mizoram
ORD0003832,CUST00820,28-05-2023,Delivered,Debit Card,10,37945.4,Mehsana,Mizoram
ORD0003833,CUST00821,09-05-2024,Shipped,Credit Card,20,4250.85,Jalandhar,Madhya Pradesh
ORD0003834,CUST00821,15-06-2024,Delivered,UPI,15,15812.93,Jalandhar,Madhya Pradesh
ORD0003835,CUST00822,25-08-2023,Delivered,Net Banking,10,12629.75,Ahmednagar,Maharashtra
ORD0003836,CUST00822,24-07-2023,Delivered,Credit Card,10,122420.56,Ahmednagar,Maharashtra
ORD0003837,CUST00822,22-07-2023,Delivered,Credit Card,0,51759.82,Ahmednagar,Maharashtra
ORD0003838,CUST00822,10-08-2023,Delivered,UPI,20,157428.03,Ahmednagar,Maharashtra
ORD0003839,CUST00822,25-04-2024,Delivered,Net Banking,20,23319.91,Ahmednagar,Maharashtra
ORD0003840,CUST00823,18-03-2023,Delivered,UPI,20,13143.87,Dharmavaram,Maharashtra
ORD0003841,CUST00824,17-06-2023,Shipped,UPI,0,81678.06,Chennai,Uttarakhand
ORD0003842,CUST00824,22-11-2023,Delivered,Debit Card,15,127731.33,Chennai,Uttarakhand
ORD0003843,CUST00825,01-12-2023,Delivered,Debit Card,5,7434.17,Aurangabad,Andhra Pradesh
ORD0003844,CUST00825,10-02-2023,Delivered,COD,10,27936.68,Aurangabad,Andhra Pradesh
ORD0003845,CUST00825,20-09-2023,Delivered,Debit Card,0,161894.61,Aurangabad,Andhra Pradesh
ORD0003846,CUST00826,14-03-2024,Returned,Debit Card,15,29158.77,Patna,Bihar
ORD0003847,CUST00827,17-04-2024,Processing,Debit Card,0,217623.66,Sangli-Miraj & Kupwad,Gujarat
ORD0003848,CUST00827,24-01-2024,Delivered,UPI,0,30908.05,Sangli-Miraj & Kupwad,Gujarat
ORD0003849,CUST00827,03-04-2024,Delivered,UPI,5,3143.82,Sangli-Miraj & Kupwad,Gujarat
ORD0003850,CUST00827,12-02-2024,Delivered,Credit Card,10,160313.48,Sangli-Miraj & Kupwad,Gujarat
ORD0003851,CUST00827,29-07-2023,Delivered,UPI,10,31813.26,Sangli-Miraj & Kupwad,Gujarat
ORD0003852,CUST00828,21-05-2024,Delivered,Credit Card,0,7199,Sultan Pur Majra,Maharashtra
ORD0003853,CUST00829,02-01-2024,Delivered,COD,0,118234.38,Berhampur,Telangana
ORD0003854,CUST00829,16-06-2024,Delivered,COD,0,1490.6,Berhampur,Telangana
ORD0003855,CUST00829,22-04-2024,Delivered,Credit Card,10,2403.3,Berhampur,Telangana
ORD0003856,CUST00829,21-02-2024,Delivered,Credit Card,0,5941.06,Berhampur,Telangana
ORD0003857,CUST00829,12-12-2023,Processing,COD,0,62150.24,Berhampur,Telangana
ORD0003858,CUST00829,08-03-2024,Shipped,Debit Card,5,6431.75,Berhampur,Telangana
ORD0003859,CUST00829,09-06-2024,Delivered,Debit Card,0,63017.33,Berhampur,Telangana
ORD0003860,CUST00829,11-04-2024,Shipped,Debit Card,0,43914.51,Berhampur,Telangana
ORD0003861,CUST00829,18-06-2024,Shipped,UPI,0,29444.16,Berhampur,Telangana
ORD0003862,CUST00829,06-12-2023,Delivered,Wallet,0,150881.46,Berhampur,Telangana
ORD0003863,CUST00829,04-12-2023,Delivered,UPI,20,39736.62,Berhampur,Telangana
ORD0003864,CUST00829,22-06-2024,Delivered,UPI,0,15596.88,Berhampur,Telangana
ORD0003865,CUST00830,16-09-2022,Delivered,UPI,0,1564.46,Sonipat,Mizoram
ORD0003866,CUST00830,24-02-2023,Cancelled,Credit Card,15,51793.5,Sonipat,Mizoram
ORD0003867,CUST00830,22-05-2024,Shipped,Debit Card,10,19038.6,Sonipat,Mizoram
ORD0003868,CUST00830,30-07-2022,Shipped,Debit Card,5,54529.04,Sonipat,Mizoram
ORD0003869,CUST00830,14-03-2023,Delivered,Debit Card,0,56652.58,Sonipat,Mizoram
ORD0003870,CUST00830,29-05-2022,Delivered,UPI,10,6556.25,Sonipat,Mizoram
ORD0003871,CUST00830,13-03-2022,Cancelled,UPI,10,27134.17,Sonipat,Mizoram
ORD0003872,CUST00830,17-08-2022,Delivered,UPI,0,10122.36,Sonipat,Mizoram
ORD0003873,CUST00831,07-11-2022,Delivered,UPI,15,17249.37,Pondicherry,Manipur
ORD0003874,CUST00831,20-01-2023,Delivered,Debit Card,0,701.54,Pondicherry,Manipur
ORD0003875,CUST00832,19-12-2023,Delivered,UPI,0,145663.06,Bahraich,Uttar Pradesh
ORD0003876,CUST00832,07-06-2023,Shipped,Net Banking,5,1409.91,Bahraich,Uttar Pradesh
ORD0003877,CUST00832,20-09-2023,Returned,Debit Card,5,3484.64,Bahraich,Uttar Pradesh
ORD0003878,CUST00832,26-05-2024,Delivered,Debit Card,5,12898.91,Bahraich,Uttar Pradesh
ORD0003879,CUST00832,02-07-2023,Delivered,Debit Card,15,146809.58,Bahraich,Uttar Pradesh
ORD0003880,CUST00832,17-12-2022,Delivered,Credit Card,0,81897.48,Bahraich,Uttar Pradesh
ORD0003881,CUST00832,17-09-2023,Delivered,Net Banking,0,3538.74,Bahraich,Uttar Pradesh
ORD0003882,CUST00832,06-05-2023,Delivered,COD,0,12667.2,Bahraich,Uttar Pradesh
ORD0003883,CUST00833,11-05-2024,Delivered,Credit Card,10,4249.13,Tumkur,Meghalaya
ORD0003884,CUST00834,31-08-2023,Cancelled,UPI,20,1110.05,Sambalpur,Madhya Pradesh
ORD0003885,CUST00834,29-11-2023,Shipped,COD,15,160694.19,Sambalpur,Madhya Pradesh
ORD0003886,CUST00834,06-03-2024,Delivered,Debit Card,0,33689.04,Sambalpur,Madhya Pradesh
ORD0003887,CUST00834,30-08-2023,Delivered,Credit Card,0,29698.54,Sambalpur,Madhya Pradesh
ORD0003888,CUST00835,09-12-2023,Delivered,Credit Card,10,2820.38,Dhanbad,Kerala
ORD0003889,CUST00836,25-01-2024,Delivered,Wallet,25,73487.44,Cuttack,Assam
ORD0003890,CUST00837,02-08-2023,Delivered,Credit Card,0,33899.18,Burhanpur,Tamil Nadu
ORD0003891,CUST00837,08-05-2024,Delivered,UPI,0,15179.68,Burhanpur,Tamil Nadu
ORD0003892,CUST00837,28-06-2024,Delivered,UPI,0,17838.74,Burhanpur,Tamil Nadu
ORD0003893,CUST00837,19-07-2023,Delivered,UPI,5,38751.98,Burhanpur,Tamil Nadu
ORD0003894,CUST00837,20-11-2023,Delivered,Debit Card,5,4950.98,Burhanpur,Tamil Nadu
ORD0003895,CUST00838,10-09-2023,Shipped,Debit Card,10,17813.9,Latur,Maharashtra
ORD0003896,CUST00839,18-08-2023,Delivered,Debit Card,5,97248.57,Gaya,Madhya Pradesh
ORD0003897,CUST00839,26-05-2023,Delivered,UPI,25,3883.7,Gaya,Madhya Pradesh
ORD0003898,CUST00839,29-12-2023,Delivered,COD,15,7972.75,Gaya,Madhya Pradesh
ORD0003899,CUST00839,06-02-2024,Delivered,Debit Card,0,334348.97,Gaya,Madhya Pradesh
ORD0003900,CUST00839,22-11-2023,Returned,Credit Card,5,73348.16,Gaya,Madhya Pradesh
ORD0003901,CUST00839,21-06-2024,Delivered,Credit Card,10,6909.28,Gaya,Madhya Pradesh
ORD0003902,CUST00839,12-01-2024,Shipped,Debit Card,15,1068.96,Gaya,Madhya Pradesh
ORD0003903,CUST00839,16-05-2024,Delivered,UPI,5,32589.22,Gaya,Madhya Pradesh
ORD0003904,CUST00840,13-05-2024,Delivered,Credit Card,0,7737.54,Kamarhati,Telangana
ORD0003905,CUST00840,01-06-2024,Delivered,Debit Card,0,28718.26,Kamarhati,Telangana
ORD0003906,CUST00840,03-05-2024,Shipped,Debit Card,5,45571.61,Kamarhati,Telangana
ORD0003907,CUST00840,11-06-2024,Delivered,UPI,0,8002.82,Kamarhati,Telangana
ORD0003908,CUST00840,29-04-2024,Shipped,Wallet,5,10156.6,Kamarhati,Telangana
ORD0003909,CUST00840,20-06-2024,Shipped,UPI,0,38056.61,Kamarhati,Telangana
ORD0003910,CUST00841,10-02-2023,Delivered,Credit Card,0,149163.48,Dhule,Tripura
ORD0003911,CUST00842,29-06-2023,Delivered,Credit Card,0,9454.53,Medininagar,Gujarat
ORD0003912,CUST00843,24-04-2024,Processing,Credit Card,0,2973.07,Pali,Bihar
ORD0003913,CUST00843,05-08-2023,Delivered,Credit Card,15,35669.24,Pali,Bihar
ORD0003914,CUST00843,24-04-2024,Delivered,Credit Card,5,6768.22,Pali,Bihar
ORD0003915,CUST00843,14-08-2023,Delivered,Debit Card,25,20628.72,Pali,Bihar
ORD0003916,CUST00843,10-05-2024,Shipped,Credit Card,25,7629.48,Pali,Bihar
ORD0003917,CUST00844,14-03-2023,Cancelled,Debit Card,0,38345.36,Sambalpur,Tamil Nadu
ORD0003918,CUST00844,12-08-2022,Delivered,COD,0,26768.43,Sambalpur,Tamil Nadu
ORD0003919,CUST00844,29-04-2024,Shipped,UPI,0,5594.02,Sambalpur,Tamil Nadu
ORD0003920,CUST00844,19-06-2023,Processing,Debit Card,0,205153.57,Sambalpur,Tamil Nadu
ORD0003921,CUST00844,24-02-2024,Delivered,Credit Card,5,33146.53,Sambalpur,Tamil Nadu
ORD0003922,CUST00845,19-08-2022,Cancelled,Credit Card,10,30901.51,Solapur,Jharkhand
ORD0003923,CUST00845,31-12-2022,Shipped,UPI,0,81583.12,Solapur,Jharkhand
ORD0003924,CUST00845,25-03-2024,Processing,UPI,15,29720.94,Solapur,Jharkhand
ORD0003925,CUST00845,02-11-2023,Delivered,Debit Card,0,34436.73,Solapur,Jharkhand
ORD0003926,CUST00846,28-08-2023,Delivered,COD,0,29074.66,Thrissur,Punjab
ORD0003927,CUST00847,09-12-2023,Delivered,UPI,5,6410.83,Jaipur,Tripura
ORD0003928,CUST00847,11-02-2024,Delivered,UPI,15,9253.07,Jaipur,Tripura
ORD0003929,CUST00847,16-05-2024,Shipped,Debit Card,10,19745.52,Jaipur,Tripura
ORD0003930,CUST00848,11-04-2024,Delivered,UPI,0,2747.19,Karimnagar,Madhya Pradesh
ORD0003931,CUST00848,22-12-2023,Delivered,UPI,0,40429.71,Karimnagar,Madhya Pradesh
ORD0003932,CUST00848,26-06-2022,Returned,UPI,0,10380.62,Karimnagar,Madhya Pradesh
ORD0003933,CUST00848,08-11-2022,Delivered,UPI,0,156830.44,Karimnagar,Madhya Pradesh
ORD0003934,CUST00848,06-12-2023,Delivered,Debit Card,20,28590.43,Karimnagar,Madhya Pradesh
ORD0003935,CUST00848,01-08-2022,Returned,UPI,0,14663.76,Karimnagar,Madhya Pradesh
ORD0003936,CUST00848,27-11-2022,Shipped,Debit Card,0,3416.01,Karimnagar,Madhya Pradesh
ORD0003937,CUST00848,24-12-2022,Delivered,Credit Card,0,7336.08,Karimnagar,Madhya Pradesh
ORD0003938,CUST00849,04-05-2024,Cancelled,Debit Card,0,9213.46,Junagadh,Odisha
ORD0003939,CUST00849,07-11-2023,Shipped,UPI,0,490.98,Junagadh,Odisha
ORD0003940,CUST00849,04-08-2023,Shipped,UPI,10,1546.72,Junagadh,Odisha
ORD0003941,CUST00850,26-11-2023,Delivered,Credit Card,20,139557.74,Tiruvottiyur,Jharkhand
ORD0003942,CUST00850,05-06-2024,Delivered,Wallet,5,41046.06,Tiruvottiyur,Jharkhand
ORD0003943,CUST00850,21-11-2023,Delivered,COD,0,14219.45,Tiruvottiyur,Jharkhand
ORD0003944,CUST00851,23-06-2023,Delivered,Credit Card,10,4793.45,Buxar,Odisha
ORD0003945,CUST00852,02-12-2023,Delivered,Net Banking,10,4864.28,Hubli–Dharwad,Mizoram
ORD0003946,CUST00853,22-06-2024,Shipped,Debit Card,15,24368.92,Moradabad,Goa
ORD0003947,CUST00853,08-06-2024,Delivered,Credit Card,20,7836.38,Moradabad,Goa
ORD0003948,CUST00854,17-06-2023,Delivered,Net Banking,20,8591.39,Mango,Goa
ORD0003949,CUST00855,15-04-2023,Delivered,Credit Card,5,76793.13,Mau,Andhra Pradesh
ORD0003950,CUST00855,24-05-2023,Returned,Credit Card,5,8155.28,Mau,Andhra Pradesh
ORD0003951,CUST00855,09-11-2023,Delivered,UPI,10,1553.48,Mau,Andhra Pradesh
ORD0003952,CUST00855,18-04-2023,Delivered,UPI,10,1061.62,Mau,Andhra Pradesh
ORD0003953,CUST00855,11-10-2023,Delivered,UPI,0,1560.51,Mau,Andhra Pradesh
ORD0003954,CUST00855,23-06-2023,Delivered,COD,0,26078.84,Mau,Andhra Pradesh
ORD0003955,CUST00856,20-02-2023,Delivered,Debit Card,15,3486.56,Navi Mumbai,Sikkim
ORD0003956,CUST00856,16-03-2023,Delivered,Wallet,5,204027.63,Navi Mumbai,Sikkim
ORD0003957,CUST00857,27-06-2024,Delivered,Net Banking,0,32892.86,Morena,Tripura
ORD0003958,CUST00857,01-05-2024,Delivered,Credit Card,5,2580.99,Morena,Tripura
ORD0003959,CUST00857,20-02-2024,Delivered,Credit Card,25,124115.56,Morena,Tripura
ORD0003960,CUST00857,09-06-2024,Delivered,UPI,0,268896.57,Morena,Tripura
ORD0003961,CUST00857,03-05-2024,Delivered,Credit Card,0,3308.66,Morena,Tripura
ORD0003962,CUST00857,25-04-2024,Delivered,Credit Card,0,10950.31,Morena,Tripura
ORD0003963,CUST00857,20-06-2024,Delivered,Net Banking,5,3130.34,Morena,Tripura
ORD0003964,CUST00858,06-09-2023,Delivered,COD,0,12263.49,Amritsar,Madhya Pradesh
ORD0003965,CUST00858,17-03-2024,Delivered,UPI,0,115971,Amritsar,Madhya Pradesh
ORD0003966,CUST00858,17-06-2023,Processing,UPI,20,59832.78,Amritsar,Madhya Pradesh
ORD0003967,CUST00858,12-12-2023,Delivered,Credit Card,0,225414.76,Amritsar,Madhya Pradesh
ORD0003968,CUST00859,03-06-2023,Delivered,UPI,20,207355.01,Gopalpur,Andhra Pradesh
ORD0003969,CUST00860,23-06-2024,Delivered,Credit Card,10,6304.07,Bhalswa Jahangir Pur,Madhya Pradesh
ORD0003970,CUST00861,18-06-2024,Delivered,UPI,10,139655.87,Tirunelveli,Gujarat
ORD0003971,CUST00862,23-06-2024,Delivered,COD,0,3023.4,Anand,Sikkim
ORD0003972,CUST00863,30-08-2023,Delivered,Credit Card,5,15031.64,Nashik,Chhattisgarh
ORD0003973,CUST00863,28-04-2023,Delivered,UPI,0,1254.49,Nashik,Chhattisgarh
ORD0003974,CUST00863,08-05-2023,Shipped,Credit Card,10,20845.09,Nashik,Chhattisgarh
ORD0003975,CUST00863,25-01-2023,Shipped,UPI,10,26720.85,Nashik,Chhattisgarh
ORD0003976,CUST00863,14-10-2023,Returned,Credit Card,0,114021.07,Nashik,Chhattisgarh
ORD0003977,CUST00863,16-02-2024,Delivered,UPI,0,437.39,Nashik,Chhattisgarh
ORD0003978,CUST00863,30-09-2022,Shipped,Credit Card,0,15461.88,Nashik,Chhattisgarh
ORD0003979,CUST00863,23-11-2022,Processing,Credit Card,20,17143.89,Nashik,Chhattisgarh
ORD0003980,CUST00863,23-11-2022,Delivered,Net Banking,0,14639.04,Nashik,Chhattisgarh
ORD0003981,CUST00863,01-07-2023,Returned,UPI,5,176091.98,Nashik,Chhattisgarh
ORD0003982,CUST00864,10-12-2023,Processing,UPI,5,13828.85,Madhyamgram,Telangana
ORD0003983,CUST00864,19-04-2024,Shipped,COD,10,350564.91,Madhyamgram,Telangana
ORD0003984,CUST00864,25-02-2024,Delivered,COD,15,56248.6,Madhyamgram,Telangana
ORD0003985,CUST00864,01-06-2024,Shipped,UPI,0,464.12,Madhyamgram,Telangana
ORD0003986,CUST00864,04-02-2024,Delivered,Debit Card,5,13662.95,Madhyamgram,Telangana
ORD0003987,CUST00864,31-12-2023,Delivered,UPI,0,27107.38,Madhyamgram,Telangana
ORD0003988,CUST00864,27-01-2024,Shipped,UPI,5,33400.09,Madhyamgram,Telangana
ORD0003989,CUST00864,24-03-2024,Delivered,UPI,10,202873.28,Madhyamgram,Telangana
ORD0003990,CUST00864,05-02-2024,Shipped,COD,0,11889.68,Madhyamgram,Telangana
ORD0003991,CUST00864,15-12-2023,Delivered,UPI,20,113827.62,Madhyamgram,Telangana
ORD0003992,CUST00864,26-01-2024,Delivered,Net Banking,0,3374.12,Madhyamgram,Telangana
ORD0003993,CUST00864,17-03-2024,Shipped,Debit Card,5,988.64,Madhyamgram,Telangana
ORD0003994,CUST00864,25-02-2024,Delivered,Debit Card,0,3955.98,Madhyamgram,Telangana
ORD0003995,CUST00864,08-12-2023,Delivered,COD,5,8100.11,Madhyamgram,Telangana
ORD0003996,CUST00865,28-02-2024,Delivered,UPI,0,11931.47,Chapra,Nagaland
ORD0003997,CUST00866,23-12-2023,Delivered,Net Banking,15,324.78,Lucknow,Meghalaya
ORD0003998,CUST00866,02-06-2024,Delivered,Credit Card,5,4410.32,Lucknow,Meghalaya
ORD0003999,CUST00867,28-01-2024,Delivered,Debit Card,0,14937.49,Guwahati,Sikkim
ORD0004000,CUST00868,15-11-2022,Delivered,Debit Card,10,5608.33,Nagaon,Rajasthan
ORD0004001,CUST00868,31-05-2023,Cancelled,UPI,5,127436.94,Nagaon,Rajasthan
ORD0004002,CUST00869,03-11-2023,Shipped,COD,15,8148.39,Kozhikode,Chhattisgarh
ORD0004003,CUST00869,16-02-2024,Delivered,UPI,5,173855.1,Kozhikode,Chhattisgarh
ORD0004004,CUST00869,19-10-2023,Delivered,Debit Card,10,189923.4,Kozhikode,Chhattisgarh
ORD0004005,CUST00869,06-12-2023,Returned,Debit Card,0,18049.15,Kozhikode,Chhattisgarh
ORD0004006,CUST00869,23-05-2024,Processing,UPI,5,12000.07,Kozhikode,Chhattisgarh
ORD0004007,CUST00870,10-02-2024,Delivered,UPI,10,190267.79,Bidhannagar,Rajasthan
ORD0004008,CUST00870,19-12-2023,Delivered,Debit Card,0,1160.61,Bidhannagar,Rajasthan
ORD0004009,CUST00871,24-04-2024,Delivered,UPI,0,179358.47,Nadiad,Tripura
ORD0004010,CUST00872,26-09-2023,Delivered,Debit Card,10,4203.67,Kumbakonam,Telangana
ORD0004011,CUST00872,07-11-2023,Returned,Wallet,15,2691.78,Kumbakonam,Telangana
ORD0004012,CUST00873,25-04-2022,Shipped,UPI,5,20805.59,Jehanabad,Arunachal Pradesh
ORD0004013,CUST00874,21-01-2024,Delivered,Net Banking,0,18639.09,Gaya,Rajasthan
ORD0004014,CUST00874,23-06-2024,Delivered,Credit Card,25,3240.96,Gaya,Rajasthan
ORD0004015,CUST00875,05-11-2023,Returned,UPI,0,10868.34,Mangalore,Karnataka
ORD0004016,CUST00875,11-01-2024,Delivered,Credit Card,5,1742.32,Mangalore,Karnataka
ORD0004017,CUST00875,28-01-2024,Delivered,Credit Card,5,14701.18,Mangalore,Karnataka
ORD0004018,CUST00876,27-03-2024,Processing,Credit Card,10,21040.09,Indore,Rajasthan
ORD0004019,CUST00877,06-06-2023,Delivered,Credit Card,10,21076.43,Gorakhpur,Meghalaya
ORD0004020,CUST00878,10-06-2023,Delivered,Wallet,5,3453.1,Khammam,Gujarat
ORD0004021,CUST00878,28-12-2023,Delivered,UPI,10,861.95,Khammam,Gujarat
ORD0004022,CUST00878,26-11-2023,Delivered,Debit Card,0,1568.52,Khammam,Gujarat
ORD0004023,CUST00878,10-12-2023,Shipped,UPI,0,13474.72,Khammam,Gujarat
ORD0004024,CUST00878,13-10-2023,Returned,UPI,15,91789.77,Khammam,Gujarat
ORD0004025,CUST00878,23-01-2024,Shipped,Credit Card,10,10424.4,Khammam,Gujarat
ORD0004026,CUST00878,21-03-2024,Delivered,Debit Card,0,4101.84,Khammam,Gujarat
ORD0004027,CUST00878,02-10-2023,Delivered,COD,5,42688.15,Khammam,Gujarat
ORD0004028,CUST00879,03-05-2024,Delivered,COD,0,32324.12,Anantapuram,Tripura
ORD0004029,CUST00880,27-06-2024,Delivered,Debit Card,0,890.11,Karimnagar,Chhattisgarh
ORD0004030,CUST00880,28-09-2023,Cancelled,COD,15,30895.3,Karimnagar,Chhattisgarh
ORD0004031,CUST00880,12-11-2023,Delivered,UPI,10,208473.05,Karimnagar,Chhattisgarh
ORD0004032,CUST00880,21-09-2023,Returned,Credit Card,25,26689.75,Karimnagar,Chhattisgarh
ORD0004033,CUST00880,19-06-2024,Delivered,UPI,20,20541.6,Karimnagar,Chhattisgarh
ORD0004034,CUST00880,20-11-2023,Delivered,UPI,0,2090.58,Karimnagar,Chhattisgarh
ORD0004035,CUST00880,15-06-2024,Delivered,COD,5,27657.69,Karimnagar,Chhattisgarh
ORD0004036,CUST00881,27-11-2023,Delivered,Credit Card,0,20615.84,Bihar Sharif,West Bengal
ORD0004037,CUST00882,13-05-2024,Cancelled,UPI,20,311.21,Srikakulam,Bihar
ORD0004038,CUST00882,10-05-2024,Delivered,Net Banking,10,140881.55,Srikakulam,Bihar
ORD0004039,CUST00882,13-06-2024,Cancelled,Wallet,0,8722.77,Srikakulam,Bihar
ORD0004040,CUST00882,21-01-2024,Delivered,UPI,10,10996.37,Srikakulam,Bihar
ORD0004041,CUST00882,15-05-2024,Delivered,UPI,10,15780.07,Srikakulam,Bihar
ORD0004042,CUST00882,03-02-2024,Shipped,Credit Card,10,6514.41,Srikakulam,Bihar
ORD0004043,CUST00882,11-03-2024,Delivered,Credit Card,0,1466,Srikakulam,Bihar
ORD0004044,CUST00883,11-03-2024,Delivered,Credit Card,10,1262.77,Ratlam,Assam
ORD0004045,CUST00884,11-07-2023,Delivered,UPI,0,72389.67,Kharagpur,Odisha
ORD0004046,CUST00884,05-04-2024,Returned,UPI,5,2964.97,Kharagpur,Odisha
ORD0004047,CUST00884,16-03-2024,Delivered,Debit Card,0,87690.89,Kharagpur,Odisha
ORD0004048,CUST00885,20-05-2024,Delivered,Credit Card,10,30941.28,Coimbatore,Mizoram
ORD0004049,CUST00886,13-09-2023,Delivered,Credit Card,0,116843.64,Vijayanagaram,Himachal Pradesh
ORD0004050,CUST00886,14-06-2024,Shipped,Credit Card,5,4919.36,Vijayanagaram,Himachal Pradesh
ORD0004051,CUST00886,09-01-2024,Delivered,UPI,0,2577.87,Vijayanagaram,Himachal Pradesh
ORD0004052,CUST00886,29-03-2024,Delivered,Credit Card,5,333.23,Vijayanagaram,Himachal Pradesh
ORD0004053,CUST00887,29-08-2022,Cancelled,COD,20,1509.12,Bhilwara,Telangana
ORD0004054,CUST00887,09-08-2022,Delivered,Credit Card,0,87277.81,Bhilwara,Telangana
ORD0004055,CUST00887,09-01-2024,Delivered,Debit Card,0,81835.9,Bhilwara,Telangana
ORD0004056,CUST00887,30-10-2022,Shipped,UPI,20,1380.87,Bhilwara,Telangana
ORD0004057,CUST00887,07-03-2023,Delivered,Credit Card,10,29565.84,Bhilwara,Telangana
ORD0004058,CUST00887,31-08-2022,Delivered,Credit Card,0,99179.76,Bhilwara,Telangana
ORD0004059,CUST00888,23-12-2023,Delivered,Credit Card,5,555.08,Meerut,Nagaland
ORD0004060,CUST00888,02-06-2023,Delivered,Credit Card,10,16068.2,Meerut,Nagaland
ORD0004061,CUST00889,07-04-2024,Shipped,Debit Card,5,32757.71,Bhatpara,Odisha
ORD0004062,CUST00889,07-03-2024,Delivered,UPI,0,2108.12,Bhatpara,Odisha
ORD0004063,CUST00890,11-04-2024,Delivered,Debit Card,0,146053.46,Gangtok,West Bengal
ORD0004064,CUST00891,07-06-2023,Shipped,Debit Card,0,177541.48,Nizamabad,Odisha
ORD0004065,CUST00891,03-11-2023,Delivered,UPI,0,3470.92,Nizamabad,Odisha
ORD0004066,CUST00891,21-11-2023,Cancelled,Debit Card,20,138660.19,Nizamabad,Odisha
ORD0004067,CUST00892,01-10-2023,Delivered,UPI,10,31254.21,Gorakhpur,Gujarat
ORD0004068,CUST00892,23-12-2023,Delivered,Credit Card,5,51751.4,Gorakhpur,Gujarat
ORD0004069,CUST00893,28-07-2023,Delivered,UPI,0,6367.28,Begusarai,Meghalaya
ORD0004070,CUST00893,04-03-2024,Delivered,UPI,15,43574,Begusarai,Meghalaya
ORD0004071,CUST00893,19-11-2023,Delivered,Wallet,0,126123.78,Begusarai,Meghalaya
ORD0004072,CUST00893,14-01-2024,Delivered,UPI,0,84045.75,Begusarai,Meghalaya
ORD0004073,CUST00893,15-01-2024,Delivered,Wallet,0,5513.34,Begusarai,Meghalaya
ORD0004074,CUST00893,09-02-2024,Processing,UPI,5,94452.93,Begusarai,Meghalaya
ORD0004075,CUST00893,22-11-2023,Delivered,COD,5,21973.62,Begusarai,Meghalaya
ORD0004076,CUST00893,04-01-2024,Delivered,Debit Card,10,17768.81,Begusarai,Meghalaya
ORD0004077,CUST00893,25-02-2024,Delivered,Net Banking,5,27851.7,Begusarai,Meghalaya
ORD0004078,CUST00893,08-09-2023,Delivered,Credit Card,0,98531.29,Begusarai,Meghalaya
ORD0004079,CUST00893,05-06-2023,Delivered,Wallet,0,100578.5,Begusarai,Meghalaya
ORD0004080,CUST00893,25-10-2023,Shipped,Debit Card,0,275508.8,Begusarai,Meghalaya
ORD0004081,CUST00893,19-03-2024,Delivered,COD,15,4329.27,Begusarai,Meghalaya
ORD0004082,CUST00894,03-10-2022,Delivered,Debit Card,5,26854.13,Alwar,Jharkhand
ORD0004083,CUST00894,24-06-2023,Shipped,Debit Card,0,10633.37,Alwar,Jharkhand
ORD0004084,CUST00894,29-07-2023,Delivered,UPI,0,85070.47,Alwar,Jharkhand
ORD0004085,CUST00894,16-06-2023,Processing,Net Banking,0,389998.74,Alwar,Jharkhand
ORD0004086,CUST00895,25-04-2024,Cancelled,Credit Card,15,254590.09,Avadi,Gujarat
ORD0004087,CUST00895,02-05-2024,Delivered,COD,15,3872.83,Avadi,Gujarat
ORD0004088,CUST00895,24-05-2024,Delivered,COD,10,215610.37,Avadi,Gujarat
ORD0004089,CUST00896,24-03-2023,Delivered,Wallet,0,1395.26,Nashik,Rajasthan
ORD0004090,CUST00896,30-12-2023,Shipped,Credit Card,20,156049.77,Nashik,Rajasthan
ORD0004091,CUST00896,24-06-2023,Delivered,UPI,10,5385.26,Nashik,Rajasthan
ORD0004092,CUST00896,10-02-2024,Delivered,Credit Card,10,41495.11,Nashik,Rajasthan
ORD0004093,CUST00896,14-10-2023,Delivered,Net Banking,20,34133.33,Nashik,Rajasthan
ORD0004094,CUST00897,29-10-2023,Delivered,Credit Card,0,2204.96,Sambhal,Bihar
ORD0004095,CUST00897,03-04-2024,Delivered,COD,5,65369.19,Sambhal,Bihar
ORD0004096,CUST00897,26-03-2024,Delivered,UPI,0,21835.02,Sambhal,Bihar
ORD0004097,CUST00897,07-11-2023,Delivered,UPI,20,2507.01,Sambhal,Bihar
ORD0004098,CUST00897,14-12-2023,Shipped,Credit Card,15,28608.48,Sambhal,Bihar
ORD0004099,CUST00897,14-05-2024,Delivered,Credit Card,10,15720.32,Sambhal,Bihar
ORD0004100,CUST00897,01-03-2024,Delivered,Credit Card,15,69612.86,Sambhal,Bihar
ORD0004101,CUST00898,28-04-2024,Delivered,UPI,20,10237.97,Chinsurah,Madhya Pradesh
ORD0004102,CUST00898,08-12-2022,Delivered,Credit Card,10,283997.8,Chinsurah,Madhya Pradesh
ORD0004103,CUST00898,05-11-2023,Returned,Debit Card,0,928.24,Chinsurah,Madhya Pradesh
ORD0004104,CUST00898,26-10-2022,Delivered,Debit Card,5,193614.68,Chinsurah,Madhya Pradesh
ORD0004105,CUST00898,06-06-2024,Delivered,UPI,0,31418.64,Chinsurah,Madhya Pradesh
ORD0004106,CUST00899,24-11-2023,Delivered,Net Banking,10,6509.43,Loni,Chhattisgarh
ORD0004107,CUST00899,10-05-2024,Delivered,Credit Card,0,17853.56,Loni,Chhattisgarh
ORD0004108,CUST00899,19-11-2023,Shipped,UPI,10,3481.89,Loni,Chhattisgarh
ORD0004109,CUST00900,03-06-2024,Returned,Net Banking,0,9586.34,Warangal,Tripura
ORD0004110,CUST00901,24-11-2023,Returned,Debit Card,0,231636.72,Indore,Himachal Pradesh
ORD0004111,CUST00901,02-01-2024,Cancelled,UPI,0,109697.92,Indore,Himachal Pradesh
ORD0004112,CUST00902,15-02-2024,Returned,Net Banking,0,58607.44,Mango,Telangana
ORD0004113,CUST00902,25-04-2024,Delivered,UPI,10,3093.44,Mango,Telangana
ORD0004114,CUST00902,28-03-2024,Delivered,COD,0,224786.56,Mango,Telangana
ORD0004115,CUST00902,21-10-2023,Delivered,UPI,0,284099.8,Mango,Telangana
ORD0004116,CUST00902,08-11-2022,Shipped,Debit Card,10,4864.28,Mango,Telangana
ORD0004117,CUST00902,17-01-2023,Returned,Net Banking,25,1886.67,Mango,Telangana
ORD0004118,CUST00902,04-11-2023,Delivered,COD,0,57909.18,Mango,Telangana
ORD0004119,CUST00902,07-10-2022,Delivered,UPI,0,16241.46,Mango,Telangana
ORD0004120,CUST00902,02-01-2023,Returned,UPI,5,8642.31,Mango,Telangana
ORD0004121,CUST00903,21-09-2023,Delivered,UPI,0,89499.01,Kulti,Arunachal Pradesh
ORD0004122,CUST00904,11-09-2022,Delivered,Credit Card,20,392.78,Khandwa,Uttarakhand
ORD0004123,CUST00905,01-01-2024,Delivered,COD,0,208070.67,Indore,Uttar Pradesh
ORD0004124,CUST00905,20-02-2024,Returned,Net Banking,0,87778.24,Indore,Uttar Pradesh
ORD0004125,CUST00905,27-10-2023,Cancelled,Wallet,10,18138.19,Indore,Uttar Pradesh
ORD0004126,CUST00905,16-11-2023,Delivered,Debit Card,5,3695.99,Indore,Uttar Pradesh
ORD0004127,CUST00906,23-03-2024,Delivered,UPI,15,71007.09,Siliguri,Odisha
ORD0004128,CUST00907,03-12-2023,Delivered,Credit Card,15,57535.07,Tumkur,Kerala
ORD0004129,CUST00908,16-03-2024,Cancelled,Debit Card,0,17652.6,Purnia,Tamil Nadu
ORD0004130,CUST00908,08-01-2024,Delivered,Debit Card,0,208070.67,Purnia,Tamil Nadu
ORD0004131,CUST00908,23-04-2024,Cancelled,UPI,5,266505.48,Purnia,Tamil Nadu
ORD0004132,CUST00909,14-09-2022,Shipped,Debit Card,10,279393.83,Jalgaon,Assam
ORD0004133,CUST00909,02-07-2023,Delivered,Net Banking,0,8373.5,Jalgaon,Assam
ORD0004134,CUST00909,11-12-2023,Delivered,UPI,5,290971.76,Jalgaon,Assam
ORD0004135,CUST00910,28-06-2023,Delivered,Net Banking,0,20594.36,Bhiwandi,Arunachal Pradesh
ORD0004136,CUST00910,06-09-2023,Cancelled,UPI,25,13625.83,Bhiwandi,Arunachal Pradesh
ORD0004137,CUST00910,31-07-2023,Delivered,Credit Card,20,2785.46,Bhiwandi,Arunachal Pradesh
ORD0004138,CUST00910,24-10-2023,Cancelled,UPI,0,2637.32,Bhiwandi,Arunachal Pradesh
ORD0004139,CUST00910,06-03-2024,Delivered,UPI,0,71490.23,Bhiwandi,Arunachal Pradesh
ORD0004140,CUST00911,18-06-2024,Delivered,UPI,0,20128.8,Kulti,Sikkim
ORD0004141,CUST00912,11-11-2023,Delivered,UPI,5,67065.01,Gudivada,Manipur
ORD0004142,CUST00913,09-02-2024,Returned,UPI,10,19710.56,North Dumdum,Maharashtra
ORD0004143,CUST00913,07-03-2023,Delivered,Debit Card,0,24733.61,North Dumdum,Maharashtra
ORD0004144,CUST00914,28-12-2023,Delivered,Credit Card,25,156811.41,Aligarh,Assam
ORD0004145,CUST00914,10-06-2024,Delivered,Credit Card,0,220325.11,Aligarh,Assam
ORD0004146,CUST00914,10-02-2024,Shipped,Debit Card,0,126899.67,Aligarh,Assam
ORD0004147,CUST00914,16-03-2024,Returned,UPI,0,138713.78,Aligarh,Assam
ORD0004148,CUST00915,07-03-2024,Delivered,Wallet,0,34934.04,Gwalior,Manipur
ORD0004149,CUST00915,12-12-2022,Delivered,UPI,0,12602.26,Gwalior,Manipur
ORD0004150,CUST00915,13-05-2023,Returned,Credit Card,5,19806.89,Gwalior,Manipur
ORD0004151,CUST00916,15-08-2022,Delivered,Credit Card,5,317365.56,Guna,Kerala
ORD0004152,CUST00916,12-10-2022,Delivered,UPI,0,36757.95,Guna,Kerala
ORD0004153,CUST00916,23-05-2023,Delivered,UPI,0,6333.6,Guna,Kerala
ORD0004154,CUST00916,01-07-2022,Delivered,UPI,0,2270.88,Guna,Kerala
ORD0004155,CUST00917,18-04-2023,Shipped,Debit Card,0,71641.43,Dewas,Punjab
ORD0004156,CUST00917,21-04-2023,Delivered,UPI,5,20496.31,Dewas,Punjab
ORD0004157,CUST00917,18-09-2023,Delivered,UPI,5,69253.71,Dewas,Punjab
ORD0004158,CUST00917,09-09-2022,Returned,UPI,10,2671.42,Dewas,Punjab
ORD0004159,CUST00918,21-12-2023,Delivered,UPI,10,52094.31,Dhanbad,Himachal Pradesh
ORD0004160,CUST00918,06-10-2023,Delivered,UPI,0,50585.41,Dhanbad,Himachal Pradesh
ORD0004161,CUST00918,01-05-2024,Delivered,UPI,0,6924.84,Dhanbad,Himachal Pradesh
ORD0004162,CUST00918,02-10-2023,Delivered,Net Banking,10,106240.08,Dhanbad,Himachal Pradesh
ORD0004163,CUST00918,10-02-2024,Delivered,UPI,10,13766.27,Dhanbad,Himachal Pradesh
ORD0004164,CUST00918,15-03-2024,Delivered,Net Banking,0,50234.71,Dhanbad,Himachal Pradesh
ORD0004165,CUST00918,09-02-2024,Delivered,UPI,20,14087.62,Dhanbad,Himachal Pradesh
ORD0004166,CUST00919,17-01-2024,Delivered,Credit Card,0,34829.1,Thoothukudi,Telangana
ORD0004167,CUST00919,10-04-2024,Delivered,UPI,0,9454.53,Thoothukudi,Telangana
ORD0004168,CUST00919,18-03-2024,Processing,Credit Card,5,10668.2,Thoothukudi,Telangana
ORD0004169,CUST00919,23-05-2024,Shipped,Credit Card,10,33371.65,Thoothukudi,Telangana
ORD0004170,CUST00919,20-06-2024,Shipped,Credit Card,10,73424.81,Thoothukudi,Telangana
ORD0004171,CUST00919,26-03-2024,Delivered,Debit Card,0,25784.4,Thoothukudi,Telangana
ORD0004172,CUST00919,03-02-2024,Shipped,Debit Card,25,40666.14,Thoothukudi,Telangana
ORD0004173,CUST00920,04-09-2022,Delivered,Credit Card,0,2856.26,Indore,Himachal Pradesh
ORD0004174,CUST00920,12-09-2022,Delivered,UPI,5,4619.82,Indore,Himachal Pradesh
ORD0004175,CUST00921,29-01-2024,Delivered,Credit Card,0,53776.02,Hosur,Nagaland
ORD0004176,CUST00921,22-08-2023,Delivered,UPI,0,149137.26,Hosur,Nagaland
ORD0004177,CUST00922,29-05-2024,Delivered,Credit Card,0,10931.19,Madanapalle,Odisha
ORD0004178,CUST00922,21-03-2024,Delivered,Credit Card,0,13859.79,Madanapalle,Odisha
ORD0004179,CUST00922,17-05-2024,Delivered,COD,5,9127.98,Madanapalle,Odisha
ORD0004180,CUST00922,01-02-2024,Shipped,UPI,10,6915.96,Madanapalle,Odisha
ORD0004181,CUST00922,20-11-2023,Delivered,UPI,15,10385.41,Madanapalle,Odisha
ORD0004182,CUST00922,04-02-2024,Delivered,Credit Card,15,26651.32,Madanapalle,Odisha
ORD0004183,CUST00922,09-12-2023,Shipped,Debit Card,5,14490.18,Madanapalle,Odisha
ORD0004184,CUST00922,05-12-2023,Delivered,Credit Card,10,33768.75,Madanapalle,Odisha
ORD0004185,CUST00922,25-05-2024,Delivered,Debit Card,5,659.09,Madanapalle,Odisha
ORD0004186,CUST00922,06-01-2024,Shipped,Debit Card,5,24911.83,Madanapalle,Odisha
ORD0004187,CUST00923,16-03-2024,Delivered,Credit Card,15,3486.56,Fatehpur,Telangana
ORD0004188,CUST00923,20-01-2024,Shipped,COD,0,32482.92,Fatehpur,Telangana
ORD0004189,CUST00923,07-03-2024,Delivered,Credit Card,0,239644.33,Fatehpur,Telangana
ORD0004190,CUST00923,23-04-2024,Delivered,Credit Card,15,27874.41,Fatehpur,Telangana
ORD0004191,CUST00923,20-03-2024,Delivered,Debit Card,20,8309.81,Fatehpur,Telangana
ORD0004192,CUST00923,02-02-2024,Delivered,Wallet,0,240798.16,Fatehpur,Telangana
ORD0004193,CUST00924,06-04-2024,Delivered,Credit Card,0,284252.31,Ulhasnagar,Himachal Pradesh
ORD0004194,CUST00924,12-05-2024,Delivered,Credit Card,25,8209.94,Ulhasnagar,Himachal Pradesh
ORD0004195,CUST00924,22-06-2024,Shipped,Credit Card,0,5684.53,Ulhasnagar,Himachal Pradesh
ORD0004196,CUST00924,12-03-2024,Delivered,Net Banking,0,7437.81,Ulhasnagar,Himachal Pradesh
ORD0004197,CUST00925,22-05-2024,Delivered,Net Banking,0,2605.78,Bongaigaon,Nagaland
ORD0004198,CUST00925,18-05-2024,Shipped,Credit Card,5,145523.26,Bongaigaon,Nagaland
ORD0004199,CUST00925,03-06-2024,Delivered,COD,0,203579.66,Bongaigaon,Nagaland
ORD0004200,CUST00925,04-05-2024,Delivered,Debit Card,0,71064.59,Bongaigaon,Nagaland
ORD0004201,CUST00926,04-04-2024,Delivered,COD,0,20969.73,Bongaigaon,Maharashtra
ORD0004202,CUST00926,08-05-2024,Delivered,UPI,20,27983.43,Bongaigaon,Maharashtra
ORD0004203,CUST00926,26-06-2024,Cancelled,UPI,15,8859.65,Bongaigaon,Maharashtra
ORD0004204,CUST00927,29-06-2024,Delivered,Net Banking,15,18226.68,Khora ,Sikkim
ORD0004205,CUST00927,01-04-2024,Delivered,UPI,0,2670.33,Khora ,Sikkim
ORD0004206,CUST00928,22-06-2023,Delivered,Credit Card,0,49272.48,Bidar,Karnataka
ORD0004207,CUST00928,09-12-2023,Delivered,UPI,15,197.25,Bidar,Karnataka
ORD0004208,CUST00928,26-05-2022,Delivered,Credit Card,15,75458.17,Bidar,Karnataka
ORD0004209,CUST00929,04-04-2024,Delivered,Debit Card,0,8184.1,Bihar Sharif,Mizoram
ORD0004210,CUST00929,12-12-2023,Shipped,Debit Card,25,2881.65,Bihar Sharif,Mizoram
ORD0004211,CUST00929,16-02-2024,Delivered,Wallet,5,241368.18,Bihar Sharif,Mizoram
ORD0004212,CUST00929,22-01-2024,Delivered,Credit Card,0,701.54,Bihar Sharif,Mizoram
ORD0004213,CUST00930,03-05-2024,Delivered,Wallet,20,85578.19,Bijapur,Karnataka
ORD0004214,CUST00931,25-02-2024,Delivered,UPI,15,15782.05,Uluberia,Himachal Pradesh
ORD0004215,CUST00931,16-01-2024,Delivered,Credit Card,5,2979.08,Uluberia,Himachal Pradesh
ORD0004216,CUST00931,23-04-2024,Returned,Credit Card,0,210481.68,Uluberia,Himachal Pradesh
ORD0004217,CUST00931,28-01-2024,Returned,UPI,20,17113.73,Uluberia,Himachal Pradesh
ORD0004218,CUST00931,02-06-2024,Delivered,Debit Card,0,15461.88,Uluberia,Himachal Pradesh
ORD0004219,CUST00931,01-12-2023,Shipped,Net Banking,0,2716.83,Uluberia,Himachal Pradesh
ORD0004220,CUST00931,17-12-2023,Delivered,Credit Card,25,122374.68,Uluberia,Himachal Pradesh
ORD0004221,CUST00931,26-06-2024,Delivered,Debit Card,5,4893.79,Uluberia,Himachal Pradesh
ORD0004222,CUST00931,15-12-2023,Cancelled,Debit Card,0,283298.84,Uluberia,Himachal Pradesh
ORD0004223,CUST00932,04-05-2023,Delivered,Debit Card,0,46957.97,Nanded,West Bengal
ORD0004224,CUST00932,03-06-2022,Delivered,Credit Card,0,11738.16,Nanded,West Bengal
ORD0004225,CUST00932,19-09-2022,Delivered,Credit Card,0,1718.58,Nanded,West Bengal
ORD0004226,CUST00932,23-08-2022,Cancelled,COD,10,10693.91,Nanded,West Bengal
ORD0004227,CUST00932,14-11-2023,Delivered,COD,5,67387.41,Nanded,West Bengal
ORD0004228,CUST00932,19-05-2023,Cancelled,COD,5,7981.84,Nanded,West Bengal
ORD0004229,CUST00933,05-04-2024,Delivered,UPI,15,10541.96,Vijayawada,Goa
ORD0004230,CUST00933,11-03-2023,Delivered,Wallet,0,256760.7,Vijayawada,Goa
ORD0004231,CUST00933,10-07-2023,Shipped,Debit Card,10,48852.87,Vijayawada,Goa
ORD0004232,CUST00933,25-10-2023,Delivered,Net Banking,10,265275.65,Vijayawada,Goa
ORD0004233,CUST00933,23-10-2023,Processing,Credit Card,15,192878.61,Vijayawada,Goa
ORD0004234,CUST00933,17-01-2024,Cancelled,Debit Card,0,19198.46,Vijayawada,Goa
ORD0004235,CUST00933,26-06-2024,Delivered,Credit Card,10,14807.84,Vijayawada,Goa
ORD0004236,CUST00933,21-03-2023,Delivered,Credit Card,5,8536.97,Vijayawada,Goa
ORD0004237,CUST00934,23-07-2022,Returned,Credit Card,0,320260,Shimla,Nagaland
ORD0004238,CUST00935,14-10-2023,Shipped,Debit Card,0,3890.52,Kurnool,Mizoram
ORD0004239,CUST00935,12-11-2023,Delivered,UPI,5,21522.08,Kurnool,Mizoram
ORD0004240,CUST00935,27-02-2024,Delivered,Credit Card,10,146298.22,Kurnool,Mizoram
ORD0004241,CUST00935,18-06-2024,Returned,UPI,0,490.98,Kurnool,Mizoram
ORD0004242,CUST00935,04-12-2023,Shipped,Debit Card,10,27183.69,Kurnool,Mizoram
ORD0004243,CUST00935,28-06-2024,Delivered,UPI,10,29926.85,Kurnool,Mizoram
ORD0004244,CUST00935,23-06-2024,Shipped,Credit Card,10,31401.97,Kurnool,Mizoram
ORD0004245,CUST00935,12-09-2023,Delivered,UPI,0,9728.67,Kurnool,Mizoram
ORD0004246,CUST00935,26-11-2023,Delivered,Debit Card,10,41355.05,Kurnool,Mizoram
ORD0004247,CUST00935,13-03-2024,Delivered,UPI,10,13752.18,Kurnool,Mizoram
ORD0004248,CUST00935,29-04-2024,Cancelled,Debit Card,10,227562.61,Kurnool,Mizoram
ORD0004249,CUST00935,24-04-2024,Shipped,Credit Card,0,3452.18,Kurnool,Mizoram
ORD0004250,CUST00935,22-12-2023,Delivered,UPI,15,38146.79,Kurnool,Mizoram
ORD0004251,CUST00935,30-05-2024,Shipped,Debit Card,0,35109.18,Kurnool,Mizoram
ORD0004252,CUST00935,13-03-2024,Shipped,Credit Card,0,109196.64,Kurnool,Mizoram
ORD0004253,CUST00935,01-01-2024,Delivered,Credit Card,10,20662.04,Kurnool,Mizoram
ORD0004254,CUST00935,27-12-2023,Delivered,Debit Card,0,275484.44,Kurnool,Mizoram
ORD0004255,CUST00935,28-01-2024,Delivered,UPI,5,31237.87,Kurnool,Mizoram
ORD0004256,CUST00935,14-09-2023,Delivered,UPI,5,15031.64,Kurnool,Mizoram
ORD0004257,CUST00935,04-03-2024,Shipped,Net Banking,10,102860.91,Kurnool,Mizoram
ORD0004258,CUST00936,15-11-2023,Returned,Credit Card,5,45249.64,Tirupati,Chhattisgarh
ORD0004259,CUST00936,15-01-2024,Delivered,UPI,20,40235.06,Tirupati,Chhattisgarh
ORD0004260,CUST00936,13-10-2023,Processing,COD,5,678.64,Tirupati,Chhattisgarh
ORD0004261,CUST00937,23-06-2024,Delivered,Credit Card,0,167385.06,Kolhapur,Gujarat
ORD0004262,CUST00937,09-04-2024,Shipped,UPI,5,14531.2,Kolhapur,Gujarat
ORD0004263,CUST00938,17-10-2022,Cancelled,COD,10,93563.95,Gulbarga,Uttarakhand
ORD0004264,CUST00938,20-05-2023,Returned,UPI,20,16298.43,Gulbarga,Uttarakhand
ORD0004265,CUST00938,16-11-2023,Delivered,UPI,0,15659.96,Gulbarga,Uttarakhand
ORD0004266,CUST00938,23-10-2023,Cancelled,UPI,5,24084.72,Gulbarga,Uttarakhand
ORD0004267,CUST00938,11-11-2023,Delivered,Debit Card,10,12536.49,Gulbarga,Uttarakhand
ORD0004268,CUST00938,07-09-2022,Shipped,UPI,0,35626.62,Gulbarga,Uttarakhand
ORD0004269,CUST00938,03-01-2024,Delivered,Debit Card,5,5633.93,Gulbarga,Uttarakhand
ORD0004270,CUST00938,24-02-2024,Shipped,Debit Card,5,16523.77,Gulbarga,Uttarakhand
ORD0004271,CUST00939,28-06-2022,Delivered,Credit Card,5,49206.92,Shimoga,Punjab
ORD0004272,CUST00940,14-06-2024,Delivered,UPI,5,11580.73,Rohtak,Himachal Pradesh
ORD0004273,CUST00940,25-12-2023,Delivered,Credit Card,10,165921.41,Rohtak,Himachal Pradesh
ORD0004274,CUST00940,22-03-2024,Delivered,Credit Card,0,47063.07,Rohtak,Himachal Pradesh
ORD0004275,CUST00940,20-02-2024,Shipped,Debit Card,0,22652.28,Rohtak,Himachal Pradesh
ORD0004276,CUST00941,03-06-2024,Cancelled,UPI,5,52875.46,New Delhi,Rajasthan
ORD0004277,CUST00942,29-04-2024,Shipped,UPI,10,182002.32,Farrukhabad,Karnataka
ORD0004278,CUST00942,22-04-2024,Cancelled,Debit Card,10,20671.38,Farrukhabad,Karnataka
ORD0004279,CUST00942,06-03-2024,Returned,COD,10,14642.94,Farrukhabad,Karnataka
ORD0004280,CUST00942,16-06-2024,Shipped,Credit Card,0,143524.38,Farrukhabad,Karnataka
ORD0004281,CUST00943,19-01-2023,Delivered,Debit Card,15,20823.37,Mira-Bhayandar,Gujarat
ORD0004282,CUST00944,05-06-2024,Delivered,Credit Card,10,8786.13,Gangtok,Nagaland
ORD0004283,CUST00944,04-03-2024,Delivered,Net Banking,10,98276.98,Gangtok,Nagaland
ORD0004284,CUST00945,13-03-2023,Delivered,Credit Card,10,13751.8,Ranchi,Andhra Pradesh
ORD0004285,CUST00945,05-01-2023,Delivered,Credit Card,15,7587.76,Ranchi,Andhra Pradesh
ORD0004286,CUST00945,22-05-2023,Delivered,Debit Card,15,55098.36,Ranchi,Andhra Pradesh
ORD0004287,CUST00946,15-07-2023,Delivered,Debit Card,0,28914.37,Karawal Nagar,Himachal Pradesh
ORD0004288,CUST00946,28-03-2023,Delivered,UPI,5,11846.79,Karawal Nagar,Himachal Pradesh
ORD0004289,CUST00946,08-11-2023,Delivered,UPI,0,696.18,Karawal Nagar,Himachal Pradesh
ORD0004290,CUST00946,12-06-2023,Delivered,UPI,10,17834.66,Karawal Nagar,Himachal Pradesh
ORD0004291,CUST00946,20-09-2023,Shipped,UPI,0,12178.82,Karawal Nagar,Himachal Pradesh
ORD0004292,CUST00946,16-03-2024,Delivered,Debit Card,15,4010.57,Karawal Nagar,Himachal Pradesh
ORD0004293,CUST00947,02-01-2024,Delivered,Debit Card,0,225425.69,Ozhukarai,Telangana
ORD0004294,CUST00947,01-11-2022,Delivered,Credit Card,15,94568.99,Ozhukarai,Telangana
ORD0004295,CUST00947,25-12-2023,Delivered,Debit Card,0,321183.7,Ozhukarai,Telangana
ORD0004296,CUST00947,08-06-2023,Delivered,COD,0,12462.4,Ozhukarai,Telangana
ORD0004297,CUST00947,11-12-2023,Delivered,Debit Card,0,16551.66,Ozhukarai,Telangana
ORD0004298,CUST00947,02-07-2023,Delivered,Debit Card,5,2001.31,Ozhukarai,Telangana
ORD0004299,CUST00947,29-03-2024,Delivered,Debit Card,0,3023.22,Ozhukarai,Telangana
ORD0004300,CUST00947,11-12-2022,Cancelled,COD,10,33024.38,Ozhukarai,Telangana
ORD0004301,CUST00948,20-04-2024,Shipped,Wallet,10,2389.53,Kamarhati,Jharkhand
ORD0004302,CUST00949,05-08-2023,Delivered,Net Banking,0,5178.27,Durg,Nagaland
ORD0004303,CUST00949,16-12-2022,Processing,UPI,0,111185.04,Durg,Nagaland
ORD0004304,CUST00949,12-02-2024,Delivered,Debit Card,20,134580.78,Durg,Nagaland
ORD0004305,CUST00949,13-08-2023,Delivered,Debit Card,0,258362.32,Durg,Nagaland
ORD0004306,CUST00949,26-12-2023,Delivered,UPI,5,12097.83,Durg,Nagaland
ORD0004307,CUST00949,30-10-2023,Delivered,UPI,0,210050.88,Durg,Nagaland
ORD0004308,CUST00949,30-11-2022,Delivered,COD,0,35884.06,Durg,Nagaland
ORD0004309,CUST00949,14-05-2024,Delivered,UPI,20,4991.86,Durg,Nagaland
ORD0004310,CUST00949,02-01-2024,Delivered,UPI,5,4423.91,Durg,Nagaland
ORD0004311,CUST00949,16-04-2024,Delivered,Credit Card,10,36479.91,Durg,Nagaland
ORD0004312,CUST00949,23-10-2022,Returned,UPI,0,10058.8,Durg,Nagaland
ORD0004313,CUST00949,07-10-2023,Shipped,UPI,10,95136.99,Durg,Nagaland
ORD0004314,CUST00950,04-12-2022,Cancelled,UPI,0,1257.6,Dehri,Sikkim
ORD0004315,CUST00950,13-03-2024,Shipped,UPI,5,42046.51,Dehri,Sikkim
ORD0004316,CUST00950,13-09-2023,Shipped,Wallet,10,159077.54,Dehri,Sikkim
ORD0004317,CUST00950,21-12-2023,Delivered,COD,5,56208.33,Dehri,Sikkim
ORD0004318,CUST00950,06-06-2023,Delivered,Wallet,0,19013.82,Dehri,Sikkim
ORD0004319,CUST00950,19-06-2023,Cancelled,UPI,0,5985.15,Dehri,Sikkim
ORD0004320,CUST00950,27-01-2024,Delivered,UPI,15,29097.07,Dehri,Sikkim
ORD0004321,CUST00950,12-01-2023,Delivered,UPI,15,14762.87,Dehri,Sikkim
ORD0004322,CUST00950,08-01-2024,Delivered,Debit Card,0,59780.72,Dehri,Sikkim
ORD0004323,CUST00950,14-05-2023,Delivered,UPI,10,33007.06,Dehri,Sikkim
ORD0004324,CUST00951,19-06-2022,Delivered,UPI,15,164540.49,Mira-Bhayandar,Maharashtra
ORD0004325,CUST00951,26-11-2022,Delivered,Debit Card,20,1297.42,Mira-Bhayandar,Maharashtra
ORD0004326,CUST00951,18-10-2023,Delivered,COD,20,625.78,Mira-Bhayandar,Maharashtra
ORD0004327,CUST00951,30-11-2022,Delivered,UPI,10,14926.46,Mira-Bhayandar,Maharashtra
ORD0004328,CUST00951,07-07-2022,Delivered,COD,10,3184.74,Mira-Bhayandar,Maharashtra
ORD0004329,CUST00951,09-06-2022,Shipped,Credit Card,0,11738.16,Mira-Bhayandar,Maharashtra
ORD0004330,CUST00951,27-06-2022,Delivered,UPI,5,51941.97,Mira-Bhayandar,Maharashtra
ORD0004331,CUST00951,12-05-2024,Delivered,Debit Card,5,14830.3,Mira-Bhayandar,Maharashtra
ORD0004332,CUST00952,25-05-2024,Processing,UPI,15,19318.98,Kochi,Manipur
ORD0004333,CUST00952,24-07-2023,Delivered,UPI,5,111246.36,Kochi,Manipur
ORD0004334,CUST00952,23-11-2022,Delivered,UPI,0,5679.99,Kochi,Manipur
ORD0004335,CUST00952,24-11-2023,Returned,COD,20,12890.43,Kochi,Manipur
ORD0004336,CUST00952,22-05-2022,Delivered,Wallet,0,47712.63,Kochi,Manipur
ORD0004337,CUST00952,23-02-2022,Delivered,Net Banking,10,233393.8,Kochi,Manipur
ORD0004338,CUST00952,05-01-2024,Shipped,COD,0,125605.6,Kochi,Manipur
ORD0004339,CUST00952,20-04-2023,Delivered,Debit Card,0,227688.52,Kochi,Manipur
ORD0004340,CUST00952,25-04-2022,Delivered,UPI,5,56914.84,Kochi,Manipur
ORD0004341,CUST00952,30-09-2022,Processing,Debit Card,0,77573.66,Kochi,Manipur
ORD0004342,CUST00952,23-05-2024,Returned,Credit Card,0,73442.09,Kochi,Manipur
ORD0004343,CUST00952,19-10-2023,Delivered,UPI,0,11906.08,Kochi,Manipur
ORD0004344,CUST00952,13-01-2023,Delivered,UPI,0,10548.52,Kochi,Manipur
ORD0004345,CUST00952,28-12-2022,Returned,Credit Card,5,34444.83,Kochi,Manipur
ORD0004346,CUST00953,26-02-2023,Delivered,UPI,25,3492.56,Durgapur,Maharashtra
ORD0004347,CUST00953,18-06-2024,Delivered,UPI,0,25328.59,Durgapur,Maharashtra
ORD0004348,CUST00953,04-06-2024,Delivered,Debit Card,0,1677.04,Durgapur,Maharashtra
ORD0004349,CUST00953,03-06-2024,Delivered,UPI,0,12963.08,Durgapur,Maharashtra
ORD0004350,CUST00953,27-06-2023,Delivered,UPI,5,3279.57,Durgapur,Maharashtra
ORD0004351,CUST00953,07-11-2023,Delivered,COD,5,2357.86,Durgapur,Maharashtra
ORD0004352,CUST00953,02-02-2023,Delivered,COD,0,10809.52,Durgapur,Maharashtra
ORD0004353,CUST00953,07-12-2022,Delivered,Wallet,15,47309.62,Durgapur,Maharashtra
ORD0004354,CUST00953,09-04-2023,Cancelled,UPI,0,28385.69,Durgapur,Maharashtra
ORD0004355,CUST00953,22-03-2024,Shipped,Credit Card,5,43531.19,Durgapur,Maharashtra
ORD0004356,CUST00953,31-12-2022,Returned,UPI,5,16030.94,Durgapur,Maharashtra
ORD0004357,CUST00954,11-12-2023,Delivered,UPI,5,9303.81,Serampore,Meghalaya
ORD0004358,CUST00955,16-12-2023,Delivered,UPI,15,596.31,Meerut,Manipur
ORD0004359,CUST00955,30-10-2022,Delivered,COD,0,39486.24,Meerut,Manipur
ORD0004360,CUST00956,24-11-2023,Cancelled,Debit Card,0,21521.82,Firozabad,Tamil Nadu
ORD0004361,CUST00956,16-06-2023,Shipped,UPI,5,274737.5,Firozabad,Tamil Nadu
ORD0004362,CUST00956,29-12-2022,Delivered,UPI,10,10675.9,Firozabad,Tamil Nadu
ORD0004363,CUST00956,07-01-2024,Processing,UPI,10,86255.94,Firozabad,Tamil Nadu
ORD0004364,CUST00956,09-11-2022,Delivered,Credit Card,0,26168.31,Firozabad,Tamil Nadu
ORD0004365,CUST00956,14-09-2023,Delivered,COD,5,16173.66,Firozabad,Tamil Nadu
ORD0004366,CUST00956,19-03-2024,Delivered,Net Banking,15,18003.83,Firozabad,Tamil Nadu
ORD0004367,CUST00957,23-08-2023,Delivered,Debit Card,0,6807.84,Mumbai,Punjab
ORD0004368,CUST00957,14-03-2023,Delivered,Net Banking,15,16932.12,Mumbai,Punjab
ORD0004369,CUST00957,20-02-2023,Delivered,Net Banking,10,10731.59,Mumbai,Punjab
ORD0004370,CUST00957,23-04-2024,Delivered,Debit Card,25,56170.5,Mumbai,Punjab
ORD0004371,CUST00957,05-10-2023,Delivered,UPI,10,211315.02,Mumbai,Punjab
ORD0004372,CUST00958,02-09-2023,Delivered,Net Banking,0,32722.45,Madurai,Uttar Pradesh
ORD0004373,CUST00959,02-02-2024,Cancelled,Net Banking,15,18183.34,Haridwar,Odisha
ORD0004374,CUST00960,29-01-2024,Delivered,UPI,0,6064.78,Madurai,Arunachal Pradesh
ORD0004375,CUST00960,13-04-2023,Cancelled,Credit Card,0,37066.88,Madurai,Arunachal Pradesh
ORD0004376,CUST00960,28-05-2024,Cancelled,Debit Card,25,13466.59,Madurai,Arunachal Pradesh
ORD0004377,CUST00960,07-12-2023,Shipped,UPI,5,8891.74,Madurai,Arunachal Pradesh
ORD0004378,CUST00960,02-12-2023,Delivered,UPI,5,160608.02,Madurai,Arunachal Pradesh
ORD0004379,CUST00960,16-11-2023,Delivered,Debit Card,10,129491.72,Madurai,Arunachal Pradesh
ORD0004380,CUST00960,25-06-2024,Delivered,Credit Card,10,8228.41,Madurai,Arunachal Pradesh
ORD0004381,CUST00960,01-04-2024,Delivered,UPI,15,233428.74,Madurai,Arunachal Pradesh
ORD0004382,CUST00960,12-06-2024,Cancelled,Net Banking,5,55747.61,Madurai,Arunachal Pradesh
ORD0004383,CUST00960,01-06-2024,Delivered,Credit Card,0,23801.29,Madurai,Arunachal Pradesh
ORD0004384,CUST00960,04-03-2024,Delivered,Debit Card,0,18977.4,Madurai,Arunachal Pradesh
ORD0004385,CUST00960,17-01-2024,Delivered,COD,0,13613.77,Madurai,Arunachal Pradesh
ORD0004386,CUST00960,10-06-2023,Delivered,Credit Card,5,29032.45,Madurai,Arunachal Pradesh
ORD0004387,CUST00960,25-04-2024,Returned,Net Banking,10,80123.04,Madurai,Arunachal Pradesh
ORD0004388,CUST00960,17-04-2024,Delivered,COD,20,56336.19,Madurai,Arunachal Pradesh
ORD0004389,CUST00960,17-02-2024,Delivered,COD,0,58343.93,Madurai,Arunachal Pradesh
ORD0004390,CUST00960,29-10-2023,Delivered,Credit Card,5,83073.37,Madurai,Arunachal Pradesh
ORD0004391,CUST00961,21-05-2024,Cancelled,UPI,0,83873.06,Saharanpur,Maharashtra
ORD0004392,CUST00961,11-06-2024,Delivered,Debit Card,5,62968.62,Saharanpur,Maharashtra
ORD0004393,CUST00961,25-05-2024,Delivered,UPI,15,143701.91,Saharanpur,Maharashtra
ORD0004394,CUST00961,14-06-2024,Delivered,Debit Card,10,9893.02,Saharanpur,Maharashtra
ORD0004395,CUST00961,17-06-2024,Delivered,UPI,0,45993.48,Saharanpur,Maharashtra
ORD0004396,CUST00962,21-06-2024,Delivered,UPI,5,20769.17,Belgaum,Karnataka
ORD0004397,CUST00962,18-05-2024,Delivered,Wallet,0,696.18,Belgaum,Karnataka
ORD0004398,CUST00962,13-12-2023,Delivered,UPI,5,205655.2,Belgaum,Karnataka
ORD0004399,CUST00963,25-08-2023,Delivered,UPI,0,9142.68,Nagercoil,Assam
ORD0004400,CUST00963,03-11-2023,Delivered,UPI,0,7635.08,Nagercoil,Assam
ORD0004401,CUST00963,11-02-2023,Shipped,Credit Card,0,11393.97,Nagercoil,Assam
ORD0004402,CUST00963,29-12-2023,Delivered,Credit Card,10,110267.32,Nagercoil,Assam
ORD0004403,CUST00964,25-09-2023,Delivered,Net Banking,0,91669.34,Salem,Assam
ORD0004404,CUST00964,07-04-2024,Shipped,UPI,0,13339.43,Salem,Assam
ORD0004405,CUST00964,02-12-2022,Delivered,UPI,0,67278.93,Salem,Assam
ORD0004406,CUST00964,31-12-2022,Delivered,COD,0,52802.76,Salem,Assam
ORD0004407,CUST00965,01-12-2023,Delivered,COD,0,25597.11,Muzaffarpur,Karnataka
ORD0004408,CUST00965,23-05-2024,Delivered,Credit Card,0,54598.32,Muzaffarpur,Karnataka
ORD0004409,CUST00966,26-05-2024,Delivered,UPI,0,7737.54,Naihati,Gujarat
ORD0004410,CUST00967,19-04-2024,Delivered,Wallet,0,182861.66,Gudivada,Sikkim
ORD0004411,CUST00967,03-08-2023,Cancelled,Credit Card,25,5310.83,Gudivada,Sikkim
ORD0004412,CUST00967,19-11-2023,Delivered,UPI,5,82567.12,Gudivada,Sikkim
ORD0004413,CUST00967,22-09-2023,Delivered,Credit Card,0,3166.8,Gudivada,Sikkim
ORD0004414,CUST00967,29-04-2024,Delivered,Credit Card,15,2577.53,Gudivada,Sikkim
ORD0004415,CUST00967,29-09-2023,Processing,UPI,0,48387.95,Gudivada,Sikkim
ORD0004416,CUST00967,31-01-2024,Delivered,Credit Card,0,2352.78,Gudivada,Sikkim
ORD0004417,CUST00967,16-08-2023,Shipped,UPI,20,17389.34,Gudivada,Sikkim
ORD0004418,CUST00968,08-02-2024,Delivered,Wallet,20,15377.47,Patna,Gujarat
ORD0004419,CUST00968,02-03-2024,Delivered,Net Banking,0,101914.19,Patna,Gujarat
ORD0004420,CUST00968,08-05-2024,Delivered,UPI,0,84609.5,Patna,Gujarat
ORD0004421,CUST00968,11-02-2024,Cancelled,Net Banking,0,45074,Patna,Gujarat
ORD0004422,CUST00969,11-07-2023,Delivered,Wallet,15,5305.73,Dindigul,Sikkim
ORD0004423,CUST00969,16-08-2022,Returned,UPI,10,221631.46,Dindigul,Sikkim
ORD0004424,CUST00969,19-06-2022,Delivered,UPI,10,1602.2,Dindigul,Sikkim
ORD0004425,CUST00969,07-09-2022,Cancelled,COD,10,6347.74,Dindigul,Sikkim
ORD0004426,CUST00969,27-06-2024,Delivered,UPI,0,2871.54,Dindigul,Sikkim
ORD0004427,CUST00969,01-11-2023,Delivered,Credit Card,0,143081.3,Dindigul,Sikkim
ORD0004428,CUST00969,26-01-2024,Shipped,Wallet,5,139251.1,Dindigul,Sikkim
ORD0004429,CUST00969,15-03-2024,Delivered,UPI,5,16060.56,Dindigul,Sikkim
ORD0004430,CUST00970,17-12-2023,Shipped,UPI,5,4950.98,Bongaigaon,Madhya Pradesh
ORD0004431,CUST00971,26-09-2023,Processing,Net Banking,10,145215.47,Singrauli,Meghalaya
ORD0004432,CUST00972,18-07-2023,Shipped,UPI,0,137742.22,Baranagar,Bihar
ORD0004433,CUST00972,12-07-2023,Delivered,Debit Card,0,10809.52,Baranagar,Bihar
ORD0004434,CUST00972,25-09-2022,Processing,Net Banking,10,1546.72,Baranagar,Bihar
ORD0004435,CUST00972,29-06-2022,Delivered,UPI,10,4820.58,Baranagar,Bihar
ORD0004436,CUST00972,12-01-2023,Delivered,Debit Card,0,14622.9,Baranagar,Bihar
ORD0004437,CUST00973,13-03-2024,Delivered,UPI,5,171975.77,Sambalpur,Andhra Pradesh
ORD0004438,CUST00973,06-03-2024,Shipped,COD,10,196278.49,Sambalpur,Andhra Pradesh
ORD0004439,CUST00973,02-06-2024,Delivered,Credit Card,0,17189.6,Sambalpur,Andhra Pradesh
ORD0004440,CUST00973,02-05-2024,Delivered,Credit Card,10,1943.96,Sambalpur,Andhra Pradesh
ORD0004441,CUST00973,06-05-2024,Returned,Credit Card,5,119732.93,Sambalpur,Andhra Pradesh
ORD0004442,CUST00973,20-04-2024,Shipped,COD,15,20532.31,Sambalpur,Andhra Pradesh
ORD0004443,CUST00973,24-05-2024,Delivered,UPI,5,6374.12,Sambalpur,Andhra Pradesh
ORD0004444,CUST00974,09-03-2023,Delivered,Net Banking,15,98445.61,Phusro,Nagaland
ORD0004445,CUST00974,06-03-2024,Delivered,Credit Card,0,280734.92,Phusro,Nagaland
ORD0004446,CUST00974,28-10-2023,Delivered,UPI,0,1915.44,Phusro,Nagaland
ORD0004447,CUST00975,05-12-2023,Delivered,Credit Card,25,55998.91,Saharsa,Goa
ORD0004448,CUST00975,16-02-2024,Delivered,Debit Card,5,11913.57,Saharsa,Goa
ORD0004449,CUST00975,24-08-2023,Returned,Credit Card,5,25934.2,Saharsa,Goa
ORD0004450,CUST00976,05-08-2023,Delivered,Credit Card,0,1484.12,Chinsurah,Tamil Nadu
ORD0004451,CUST00977,15-03-2024,Delivered,COD,15,4880.74,Jorhat,Kerala
ORD0004452,CUST00977,13-05-2024,Cancelled,Credit Card,5,4672.87,Jorhat,Kerala
ORD0004453,CUST00977,15-04-2024,Delivered,Debit Card,20,7600.32,Jorhat,Kerala
ORD0004454,CUST00977,10-03-2024,Delivered,Debit Card,10,11978.68,Jorhat,Kerala
ORD0004455,CUST00977,21-06-2024,Delivered,Debit Card,5,3717.08,Jorhat,Kerala
ORD0004456,CUST00977,20-04-2024,Cancelled,Credit Card,10,8660.95,Jorhat,Kerala
ORD0004457,CUST00977,09-06-2024,Cancelled,UPI,10,89482.36,Jorhat,Kerala
ORD0004458,CUST00977,24-05-2024,Shipped,UPI,10,6597.09,Jorhat,Kerala
ORD0004459,CUST00977,09-05-2024,Delivered,UPI,25,16121.52,Jorhat,Kerala
ORD0004460,CUST00977,11-06-2024,Delivered,Debit Card,0,29527.53,Jorhat,Kerala
ORD0004461,CUST00977,04-04-2024,Cancelled,UPI,15,32637.38,Jorhat,Kerala
ORD0004462,CUST00977,30-04-2024,Delivered,UPI,0,45529.9,Jorhat,Kerala
ORD0004463,CUST00977,23-06-2024,Cancelled,COD,20,19443.82,Jorhat,Kerala
ORD0004464,CUST00977,28-04-2024,Delivered,Credit Card,0,745.3,Jorhat,Kerala
ORD0004465,CUST00977,19-03-2024,Processing,UPI,5,191348.65,Jorhat,Kerala
ORD0004466,CUST00978,21-10-2022,Delivered,UPI,5,42216.12,Jabalpur,Nagaland
ORD0004467,CUST00978,08-01-2024,Delivered,UPI,10,42830.89,Jabalpur,Nagaland
ORD0004468,CUST00978,06-03-2024,Delivered,Debit Card,0,14331.89,Jabalpur,Nagaland
ORD0004469,CUST00979,27-05-2024,Delivered,Credit Card,15,169150.59,Belgaum,Nagaland
ORD0004470,CUST00979,17-06-2024,Delivered,UPI,0,32960.25,Belgaum,Nagaland
ORD0004471,CUST00980,14-02-2024,Delivered,Net Banking,5,2124.1,Amritsar,Maharashtra
ORD0004472,CUST00981,03-06-2024,Returned,Debit Card,5,2522.28,Kota,Haryana
ORD0004473,CUST00981,14-12-2023,Delivered,COD,15,60897.39,Kota,Haryana
ORD0004474,CUST00981,05-10-2023,Shipped,Debit Card,15,14784.42,Kota,Haryana
ORD0004475,CUST00981,22-12-2023,Delivered,COD,0,72577.31,Kota,Haryana
ORD0004476,CUST00981,24-11-2023,Delivered,Credit Card,15,1241.3,Kota,Haryana
ORD0004477,CUST00981,31-07-2023,Delivered,UPI,5,18620.74,Kota,Haryana
ORD0004478,CUST00981,15-08-2023,Cancelled,Credit Card,0,140446.64,Kota,Haryana
ORD0004479,CUST00981,13-11-2023,Delivered,Credit Card,20,8773.06,Kota,Haryana
ORD0004480,CUST00981,03-05-2024,Delivered,Debit Card,5,7766.88,Kota,Haryana
ORD0004481,CUST00981,04-09-2023,Delivered,Net Banking,0,195186.04,Kota,Haryana
ORD0004482,CUST00982,20-11-2022,Delivered,COD,0,125429.94,Sirsa,Manipur
ORD0004483,CUST00982,21-08-2022,Shipped,UPI,0,79885.36,Sirsa,Manipur
ORD0004484,CUST00982,17-05-2024,Cancelled,Wallet,0,194363.2,Sirsa,Manipur
ORD0004485,CUST00982,15-05-2022,Delivered,Debit Card,0,286905.7,Sirsa,Manipur
ORD0004486,CUST00982,10-04-2023,Processing,Debit Card,0,6324.36,Sirsa,Manipur
ORD0004487,CUST00982,02-01-2024,Delivered,Credit Card,0,874.78,Sirsa,Manipur
ORD0004488,CUST00982,21-04-2024,Delivered,Credit Card,5,5685.89,Sirsa,Manipur
ORD0004489,CUST00982,25-08-2023,Shipped,Credit Card,10,17572.27,Sirsa,Manipur
ORD0004490,CUST00982,13-08-2023,Delivered,UPI,0,17955.45,Sirsa,Manipur
ORD0004491,CUST00982,14-03-2022,Cancelled,Net Banking,0,200322.62,Sirsa,Manipur
ORD0004492,CUST00982,24-10-2022,Delivered,UPI,5,68897.64,Sirsa,Manipur
ORD0004493,CUST00982,24-05-2022,Delivered,UPI,5,70567.86,Sirsa,Manipur
ORD0004494,CUST00983,19-01-2024,Delivered,Debit Card,10,116746.28,Ballia,Telangana
ORD0004495,CUST00983,16-01-2024,Delivered,COD,15,7484.05,Ballia,Telangana
ORD0004496,CUST00983,26-11-2023,Delivered,Credit Card,10,14036.52,Ballia,Telangana
ORD0004497,CUST00983,21-03-2024,Delivered,Net Banking,0,6809.07,Ballia,Telangana
ORD0004498,CUST00983,02-06-2023,Delivered,Net Banking,0,83239.26,Ballia,Telangana
ORD0004499,CUST00984,20-01-2023,Cancelled,Debit Card,0,45249.07,Orai,Arunachal Pradesh
ORD0004500,CUST00984,28-08-2022,Delivered,Wallet,10,36924.27,Orai,Arunachal Pradesh
ORD0004501,CUST00984,22-10-2022,Delivered,Credit Card,10,38347.45,Orai,Arunachal Pradesh
ORD0004502,CUST00984,29-04-2023,Shipped,Debit Card,0,89068.44,Orai,Arunachal Pradesh
ORD0004503,CUST00984,15-08-2023,Delivered,Debit Card,5,144539.27,Orai,Arunachal Pradesh
ORD0004504,CUST00984,01-06-2024,Delivered,Debit Card,15,75348.86,Orai,Arunachal Pradesh
ORD0004505,CUST00985,21-06-2024,Returned,UPI,0,52474.44,Amaravati,Jharkhand
ORD0004506,CUST00985,16-06-2024,Delivered,Debit Card,0,47712.63,Amaravati,Jharkhand
ORD0004507,CUST00985,13-05-2024,Delivered,UPI,0,15904.21,Amaravati,Jharkhand
ORD0004508,CUST00985,16-06-2024,Cancelled,Wallet,10,233471.26,Amaravati,Jharkhand
ORD0004509,CUST00985,04-06-2024,Shipped,UPI,0,276653.89,Amaravati,Jharkhand
ORD0004510,CUST00985,30-04-2024,Delivered,UPI,5,725.97,Amaravati,Jharkhand
ORD0004511,CUST00985,01-06-2024,Delivered,UPI,0,25442.86,Amaravati,Jharkhand
ORD0004512,CUST00985,22-04-2024,Cancelled,COD,10,24989.16,Amaravati,Jharkhand
ORD0004513,CUST00986,19-12-2023,Returned,UPI,10,95465.56,Rourkela,Manipur
ORD0004514,CUST00986,17-02-2024,Delivered,UPI,0,138713.78,Rourkela,Manipur
ORD0004515,CUST00986,01-02-2024,Cancelled,Debit Card,15,9981.17,Rourkela,Manipur
ORD0004516,CUST00986,28-12-2023,Delivered,Net Banking,10,5458.3,Rourkela,Manipur
ORD0004517,CUST00986,25-05-2024,Delivered,Credit Card,0,29287.11,Rourkela,Manipur
ORD0004518,CUST00986,17-11-2023,Delivered,UPI,0,173727.54,Rourkela,Manipur
ORD0004519,CUST00986,12-12-2023,Delivered,UPI,10,128358.7,Rourkela,Manipur
ORD0004520,CUST00986,29-11-2023,Delivered,Credit Card,0,701.54,Rourkela,Manipur
ORD0004521,CUST00986,11-06-2024,Delivered,UPI,5,1191.77,Rourkela,Manipur
ORD0004522,CUST00986,16-11-2023,Delivered,UPI,5,46868.91,Rourkela,Manipur
ORD0004523,CUST00986,26-04-2024,Shipped,Credit Card,0,782.23,Rourkela,Manipur
ORD0004524,CUST00986,01-04-2024,Returned,Net Banking,5,15364.18,Rourkela,Manipur
ORD0004525,CUST00987,28-06-2022,Shipped,Debit Card,10,22250.55,Salem,Sikkim
ORD0004526,CUST00987,06-04-2024,Delivered,Credit Card,0,6010.97,Salem,Sikkim
ORD0004527,CUST00988,11-06-2024,Delivered,Debit Card,0,81712.74,Guntur,Telangana
ORD0004528,CUST00988,26-06-2024,Returned,Debit Card,10,198020.93,Guntur,Telangana
ORD0004529,CUST00989,29-03-2023,Shipped,Debit Card,5,12783.22,Bhopal,Kerala
ORD0004530,CUST00990,21-03-2024,Delivered,Debit Card,10,2768.74,Gopalpur,Madhya Pradesh
ORD0004531,CUST00991,29-04-2024,Delivered,Net Banking,10,8853.86,Danapur,Assam
ORD0004532,CUST00992,23-02-2023,Delivered,UPI,5,13009.55,Arrah,Tripura
ORD0004533,CUST00993,02-10-2023,Delivered,Debit Card,0,115749,Kakinada,Tamil Nadu
ORD0004534,CUST00993,27-12-2023,Delivered,Debit Card,10,299353.61,Kakinada,Tamil Nadu
ORD0004535,CUST00994,31-01-2024,Delivered,Debit Card,0,9586.34,Arrah,Telangana
ORD0004536,CUST00994,21-04-2024,Shipped,COD,5,41350.75,Arrah,Telangana
ORD0004537,CUST00994,09-04-2023,Shipped,UPI,0,71922.02,Arrah,Telangana
ORD0004538,CUST00995,29-02-2024,Delivered,Wallet,5,36735.76,Ujjain,West Bengal
ORD0004539,CUST00995,29-03-2024,Delivered,UPI,5,12821.66,Ujjain,West Bengal
ORD0004540,CUST00995,16-10-2023,Returned,Credit Card,0,22459.36,Ujjain,West Bengal
ORD0004541,CUST00996,19-11-2023,Delivered,Net Banking,15,90348.18,Alwar,Arunachal Pradesh
ORD0004542,CUST00996,07-03-2023,Delivered,Debit Card,5,11368.88,Alwar,Arunachal Pradesh
ORD0004543,CUST00996,24-06-2024,Delivered,Credit Card,0,39047.32,Alwar,Arunachal Pradesh
ORD0004544,CUST00996,04-03-2024,Cancelled,UPI,20,136726.4,Alwar,Arunachal Pradesh
ORD0004545,CUST00997,15-12-2022,Delivered,COD,10,92130.2,Gaya,Karnataka
ORD0004546,CUST00997,26-08-2022,Processing,Debit Card,10,128529.98,Gaya,Karnataka
ORD0004547,CUST00997,15-09-2023,Delivered,UPI,0,34843.24,Gaya,Karnataka
ORD0004548,CUST00997,06-05-2022,Cancelled,Credit Card,25,54685.76,Gaya,Karnataka
ORD0004549,CUST00997,25-02-2024,Delivered,Credit Card,20,30648.35,Gaya,Karnataka
ORD0004550,CUST00997,28-12-2022,Shipped,Credit Card,15,14851.4,Gaya,Karnataka
ORD0004551,CUST00998,14-01-2023,Delivered,COD,10,9420.87,Davanagere,Madhya Pradesh
ORD0004552,CUST00998,10-09-2023,Delivered,UPI,0,23611.11,Davanagere,Madhya Pradesh
ORD0004553,CUST00998,02-01-2023,Shipped,Wallet,10,15720.32,Davanagere,Madhya Pradesh
ORD0004554,CUST00998,08-03-2023,Shipped,Debit Card,15,58456.03,Davanagere,Madhya Pradesh
ORD0004555,CUST00999,30-10-2022,Delivered,UPI,25,117295.38,Siliguri,Goa
ORD0004556,CUST00999,03-04-2023,Shipped,UPI,10,13766.26,Siliguri,Goa
ORD0004557,CUST00999,29-07-2022,Delivered,UPI,5,6907.9,Siliguri,Goa
ORD0004558,CUST00999,17-05-2023,Delivered,Debit Card,10,5831.89,Siliguri,Goa
ORD0004559,CUST00999,01-11-2022,Delivered,Wallet,15,2828.3,Siliguri,Goa
ORD0004560,CUST00999,26-08-2023,Delivered,UPI,0,72074.26,Siliguri,Goa
ORD0004561,CUST00999,18-12-2022,Delivered,Net Banking,5,11288.01,Siliguri,Goa
ORD0004562,CUST00999,06-08-2023,Delivered,Credit Card,10,1630.1,Siliguri,Goa
ORD0004563,CUST01000,07-10-2022,Shipped,COD,0,9422.93,Visakhapatnam,Meghalaya
ORD0004564,CUST01000,05-09-2023,Processing,Credit Card,0,17941.62,Visakhapatnam,Meghalaya
ORD0004565,CUST01000,31-01-2024,Delivered,Credit Card,20,32147.38,Visakhapatnam,Meghalaya
ORD0004566,CUST01000,29-12-2023,Delivered,UPI,0,3470.92,Visakhapatnam,Meghalaya
ORD0004567,CUST01000,27-02-2023,Delivered,COD,10,201370.7,Visakhapatnam,Meghalaya
ORD0004568,CUST01000,22-11-2023,Delivered,UPI,15,20165.59,Visakhapatnam,Meghalaya
ORD0004569,CUST01000,02-12-2022,Delivered,Credit Card,25,11230.38,Visakhapatnam,Meghalaya
ORD0004570,CUST01000,03-09-2022,Delivered,UPI,0,201175.28,Visakhapatnam,Meghalaya
